post_url,post_id,comment_id,text,reply_to,created_at,likes,retweets,replies,quotes,views,author_id,author_username,author_name,author_followers,author_verified
https://x.com/kompascom/status/2079052174693441955?s=20,2079052174693441955,2079140802094322080,"Kaya raya banget nih cokelat dan kacang ijo. 
Sdh dapet anggaran besar dari negara trs sekarang ikut serta di MBG pula. 
Semoga kekayaan yang diperoleh dari segala  lini nggak hanya dirasakan oleh petingginya saja.",['kompascom'],Mon Jul 20 09:46:10 +0000 2026,51,3,1,0,1719.0,2591775756,NgajarDiDesa,BuGuruDesa,3249,True
https://x.com/kompascom/status/2079052174693441955?s=20,2079052174693441955,2079128687145033875,"Sayangnya dia berbicara di hadapan makhluk ""budeg""",['kompascom'],Mon Jul 20 08:58:02 +0000 2026,23,0,0,0,799.0,1589167272517832704,sayyid_sukardi,ĸιcĸ тнe corrυpтor'ѕ aѕѕ,13,False
https://x.com/kompascom/status/2079052174693441955?s=20,2079052174693441955,2079176794666868920,https://t.co/cyBe8Viy3V,['kompascom'],Mon Jul 20 12:09:11 +0000 2026,20,1,0,0,1243.0,1963222091039391744,volterposisi,volter oposisi,176,False
https://x.com/kompascom/status/2079052174693441955?s=20,2079052174693441955,2079316160856949070,"Rakyat : saking bebalnya. Begitu banyak problem bangsa ini, energi bangsa habis untuk protes program yg jelas-jelas amburadul, padahal problem bangsa yg lain juga begitu banyak",['kompascom'],Mon Jul 20 21:22:59 +0000 2026,15,1,0,0,726.0,154002393,liriksoe,Soe,1028,False
https://x.com/kompascom/status/2079052174693441955?s=20,2079052174693441955,2079208541777514848,"Orang2 seragam ini kayak gak punya kerjaan lain, giliran ada pengaduan disuruh cari bukti sendiri.
Selain ngeluarin skck ntah apa fungsinya, kayak gak punya tupoksi masing-masing.
Udah kayak preman tapi legal, kerjanya ngancem rakyat bunuh2in rakyat.",['kompascom'],Mon Jul 20 14:15:20 +0000 2026,11,3,0,0,1141.0,922447876449452034,oilyjojoba,SUPER maemi,24,False
https://x.com/kompascom/status/2079052174693441955?s=20,2079052174693441955,2079197819945288006,"Semua mesra sama kekuasaan 
Menikmati proyek2 gede 

Terus apa yg dapat di harapkan pada lembaga-lembaga yang nnt jadi pengadil dalam pemilihan umum hingga kasus2 yg melibatkan lingkaran penguasa",['kompascom'],Mon Jul 20 13:32:44 +0000 2026,3,0,0,0,1377.0,2028382409415389184,RafaWilii,Wilma Rafa,4,False
https://x.com/kompascom/status/2079052174693441955?s=20,2079052174693441955,2079476170010345667,"rakyat bahkan negara lain semua udah negur, butuh apa lagi biar pemerintah denger dan mau stop mbg",['kompascom'],Tue Jul 21 07:58:48 +0000 2026,1,0,0,0,126.0,1641813394008461312,moonlightuw_,"laa""""",1476,True
https://x.com/kompascom/status/2079052174693441955?s=20,2079052174693441955,2079566079219859467,"Anjiiir buzzer mbg kata2nya template bgt. Cuma beda akun aja, 🤣",['kompascom'],Tue Jul 21 13:56:04 +0000 2026,1,0,0,0,34.0,1693508085841850368,Rattaskuy,Rattaskuuuy ☔,15,False
https://x.com/kompascom/status/2079052174693441955?s=20,2079052174693441955,2079707856061046997,"Sudah punya dapur MBG puluhan yang mana pendapatan 1 Milyar /Hari ,tapi TNI MASIH CURI SAPI punya WARGA

#MentalMALINGTNI https://t.co/E7gmMKp4HP",['kompascom'],Tue Jul 21 23:19:26 +0000 2026,0,0,0,0,126.0,1762745328741343232,eratWYH1203,Wendy☀️Existential Crisis😎🤘🤪,72,False
https://x.com/kompascom/status/2079052174693441955?s=20,2079052174693441955,2079466362133713130,logikanya ya kalo butuh cepat pasti pake yg asetnya udh ada dulu nanti sistem mitra umkm jalan pas udh rapi,['kompascom'],Tue Jul 21 07:19:50 +0000 2026,0,0,0,0,122.0,1923247863573942272,lani57466845670,la ni,0,False
https://x.com/kompascom/status/2079052174693441955?s=20,2079052174693441955,2079466293124895134,yang penting kan transparansi sm kualitas gizinya bagus mas bro tar kl udh stabil pasti pelan2 dialihkan kok,['kompascom'],Tue Jul 21 07:19:33 +0000 2026,0,0,0,0,62.0,1923247447524114434,gekar23655,Gekar Fateks,0,False
https://x.com/kompascom/status/2079052174693441955?s=20,2079052174693441955,2079817546719440909,Program pemerintah diharapkan berorientasi pada manfaat bagi masyarakat dan dikelola secara akuntabel,['kompascom'],Wed Jul 22 06:35:18 +0000 2026,0,0,0,0,27.0,2013862681514815488,nivanadyan,Nivan Adyan,0,False
https://x.com/kompascom/status/2079052174693441955?s=20,2079052174693441955,2079512229062595025,"Emang paling bener kalau netizen gak tau apa-apa mending skip komen, support MBG aja! 🌟",['kompascom'],Tue Jul 21 10:22:05 +0000 2026,0,0,1,0,83.0,1633543483,kahix1985, بدور الناصر,0,False
https://x.com/kompascom/status/2079052174693441955?s=20,2079052174693441955,2079463592995532848,gue sih paham knp awalnya pake tni polri fasilitas mrk lengkap smpe ke daerah pelosok jd lebih efisien aja buat tahap awal,['kompascom'],Tue Jul 21 07:08:49 +0000 2026,0,0,0,0,109.0,1921973568126255106,ZahraP5561,Zahra Pranindya,0,False
https://x.com/kompascom/status/2079052174693441955?s=20,2079052174693441955,2079463521230930023,liat dri sisi positifnya aja sih bro ini kan biar eksekusinya cepet dan minim korupsi krna pengawasan ketat dri tni polri,['kompascom'],Tue Jul 21 07:08:32 +0000 2026,0,0,0,0,84.0,1921971830413524994,CelestiaNa39316,Naima Celestia,0,False
https://x.com/kompascom/status/2079052174693441955?s=20,2079052174693441955,2079464403901243889,kalo kata aku sih ini cuma strategi percepatan aja biar anak2 ga nunggu terlalu lama buat dpt gizi gratis,['kompascom'],Tue Jul 21 07:12:03 +0000 2026,0,0,0,0,96.0,1922360472076222466,MirandaAyu30500,Miranda Ayu Wulandari,1,False
https://x.com/kompascom/status/2079052174693441955?s=20,2079052174693441955,2079466226036953564,emang tni polri yg paling siap instrumennya smpe ke pelosok desa2 jd wajar dipake di awal program,['kompascom'],Tue Jul 21 07:19:17 +0000 2026,0,0,0,0,120.0,1923246975388090368,HDaste86895,Hefa Daste,1,False
https://x.com/kompascom/status/2079052174693441955?s=20,2079052174693441955,2079466166347784655,aku liatnya ini solusi logis sih ketimbang nunggu tender2 lama yg bikin programnya tertunda trs,['kompascom'],Tue Jul 21 07:19:03 +0000 2026,0,0,0,0,92.0,1923198044583100416,kaka_qila81496,Qila Kaka,1,False
https://x.com/kompascom/status/2079052174693441955?s=20,2079052174693441955,2079392968973394284,"gara gara ga kebagian dapur itu, coba kalo kebagian, pasti diem diem bae dia ikut nikmatin bisnisnya 😂😂😂",['kompascom'],Tue Jul 21 02:28:11 +0000 2026,0,0,1,0,251.0,2066310783114600448,dannitrbchet,Danii,0,False
https://x.com/kompascom/status/2079052174693441955?s=20,2079052174693441955,2079509313664823693,"Lagian aneh banget yang ngeritik MBG, padahal manfaatnya jelas banget buat anak bangsa 👊",['kompascom'],Tue Jul 21 10:10:30 +0000 2026,0,0,0,0,151.0,241857929,bombaaaark,a7md,0,False
https://x.com/kompascom/status/2079052174693441955?s=20,2079052174693441955,2079511863260512527,"Heran sama netizen yang hobi banget nge-hate MBG, padahal manfaatnya terasa banget 🙄",['kompascom'],Tue Jul 21 10:20:38 +0000 2026,0,0,1,0,128.0,1422206385375350785,anbu_riyad,…,0,False
https://x.com/kompascom/status/2079052174693441955?s=20,2079052174693441955,2079509726988235065,"Stay strong MBG, project kalian beneran berarti banget buat banyak orang 🙏",['kompascom'],Tue Jul 21 10:12:08 +0000 2026,0,0,0,0,58.0,242006437,wbe_fetitza,diana dia,0,False
https://x.com/kompascom/status/2079052174693441955?s=20,2079052174693441955,2079511703428210747,"MBG emang nggak pernah main-main, haters yang gak tau apa-apa mending diem deh 🤐",['kompascom'],Tue Jul 21 10:20:00 +0000 2026,0,0,0,0,71.0,2879251754,Bhakti_Annas,Bhakti Annas,5,False
https://x.com/kompascom/status/2079052174693441955?s=20,2079052174693441955,2079509229065601164,"Emang paling bener kalau netizen udah mulai asal bunyi tanpa tau faktanya, MBG support terus! 🔥",['kompascom'],Tue Jul 21 10:10:10 +0000 2026,0,0,0,0,69.0,1855639471259308032,juniastiti17593,juniastitie,0,False
https://x.com/kompascom/status/2079052174693441955?s=20,2079052174693441955,2079336217431416869,"Pengelolaan dapur mbg serahkan pada pihak sekolah, yang benar Benar dalam zona 3T jgn Semua sekolah dipukul rata pak @prabowo jebol kan anggarannya. Jadinya harus potong sana sini buat nambal kebutuhan yg lain",['kompascom'],Mon Jul 20 22:42:41 +0000 2026,0,0,0,0,333.0,1742049679037407232,SitiRom05533469,Siti Romlah,93,False
https://x.com/kompascom/status/2079052174693441955?s=20,2079052174693441955,2079818341229682856,Akhirnya yg dinilai kan hasilnya bukan sekadar polemik doang,['kompascom'],Wed Jul 22 06:38:28 +0000 2026,0,0,0,0,5.0,1761663369575321600,clarissabasera,Clarissa Baseera,1,False
https://x.com/regar_op0sisi/status/2079208098141794557?s=20,2079208098141794557,2079214302704382091,Dan sudah dikuliti scr negatif di media2 Korsel dan media negara2 lain…,"['regar_op0sisi', 'prabowo']",Mon Jul 20 14:38:14 +0000 2026,17,1,1,0,789.0,1648186795870519296,WidyaSetya1207,Widya Setya,41,False
https://x.com/kompascom/status/2079052174693441955?s=20,2079052174693441955,2079818316885967177,Gw rasa keterlibatan siapa aja ga masalah asal amanah,['kompascom'],Wed Jul 22 06:38:22 +0000 2026,0,0,0,0,6.0,2013862686476640256,saveroharzn,Savero Harzan,0,False
https://x.com/kompascom/status/2079052174693441955?s=20,2079052174693441955,2079342181870084299,"Iya betul setuju dihentikan.
Simpel sj menilainya, wong mau ngasih makan para murid yg nilainya hanya 10 ribu sj dibutuhkan dn operasional lebih dari 1 juta. 
Gmn nggak boros, gmn nggak buang2 anggaran. Dikorupsi lagi. Mending kasih langsung masing2 1 juta beres, tepat sasaran.",['kompascom'],Mon Jul 20 23:06:23 +0000 2026,1,0,0,0,436.0,361743638,JohnMadjie,John Madjie,32,False
https://x.com/regar_op0sisi/status/2079208098141794557?s=20,2079208098141794557,2079216062189691142,Tapi dia gak peduli itu,"['WidyaSetya1207', 'prabowo']",Mon Jul 20 14:45:13 +0000 2026,0,0,0,0,645.0,1749698965539553280,regar_op0sisi,Edy Bayo Regar,15501,True
https://x.com/kompascom/status/2079052174693441955?s=20,2079052174693441955,2079817512552743165,Buka aja datanya biar ga ada yg suudzon mulu,['kompascom'],Wed Jul 22 06:35:10 +0000 2026,0,0,0,0,13.0,2002990780475146240,Firmansyah43677,Garin Firmansyah,0,False
https://x.com/regar_op0sisi/status/2079208098141794557?s=20,2079208098141794557,2079211957052379320,"Sosialis, tapi feodal temenan sama kapitalis. 
Marai mumet ndase. 
Wakil dewan juga diem² bae.","['regar_op0sisi', 'prabowo']",Mon Jul 20 14:28:55 +0000 2026,17,0,1,0,825.0,1450148630468300801,baca_saja1,Baca saja,3746,True
https://x.com/regar_op0sisi/status/2079208098141794557?s=20,2079208098141794557,2079215971332759663,Mereka bekerjasama malah,"['baca_saja1', 'prabowo']",Mon Jul 20 14:44:52 +0000 2026,3,0,1,0,735.0,1749698965539553280,regar_op0sisi,Edy Bayo Regar,15501,True
https://x.com/JVLEHA/status/2079800619280605645?s=20,2079800619280605645,2079902503311921268,"Harusnya rebranding jadi SPPG, Stasiun Pemesanan Pisang Goreng",[],Wed Jul 22 12:12:54 +0000 2026,71,5,0,0,8290.0,181896677,JVLEHA,Galちゃん - 嘉璐,43482,True
https://x.com/regar_op0sisi/status/2079208098141794557?s=20,2079208098141794557,2079214683249316113,"Kadang bingung, kok dia itu bebal banget ya.","['regar_op0sisi', 'prabowo']",Mon Jul 20 14:39:45 +0000 2026,12,0,1,0,533.0,1259753320152887296,Naandaa27,Nda ! 🧳,14248,True
https://x.com/JVLEHA/status/2079800619280605645?s=20,2079800619280605645,2079917087573917786,bu nanik yang ini love buangeeeetttt🤩😆 https://t.co/tcbBV6nECh,['JVLEHA'],Wed Jul 22 13:10:51 +0000 2026,74,0,1,0,4754.0,1361597349651378176,mooniionn,🌙i,28,False
https://x.com/regar_op0sisi/status/2079208098141794557?s=20,2079208098141794557,2079215767674065361,Almarhum ayahandanya aja ngomong begitu,"['Naandaa27', 'prabowo']",Mon Jul 20 14:44:03 +0000 2026,8,0,1,0,490.0,1749698965539553280,regar_op0sisi,Edy Bayo Regar,15501,True
https://x.com/Naandaa27/status/2077672020863533184?s=20,2077672020863533184,2077725679718936838,https://t.co/lcnXH4mTKc,[],Thu Jul 16 12:02:58 +0000 2026,6,1,0,0,5789.0,1259753320152887296,Naandaa27,Nda ! 🧳,14248,True
https://x.com/kompascom/status/2079052174693441955?s=20,2079052174693441955,2079817541841502324,Transparansi pengelolaan dapur MBG dapat meningkatkan kepercayaan masyarakat,['kompascom'],Wed Jul 22 06:35:17 +0000 2026,0,0,0,0,23.0,1869975066743844866,RahmahNopilia,Rahmah Nopilianti,2,False
https://x.com/JVLEHA/status/2079800619280605645?s=20,2079800619280605645,2079917785724104727,KEBAYANYA PISANGGG,['mooniionn'],Wed Jul 22 13:13:37 +0000 2026,37,0,2,0,3341.0,181896677,JVLEHA,Galちゃん - 嘉璐,43482,True
https://x.com/regar_op0sisi/status/2079208098141794557?s=20,2079208098141794557,2079212220727410757,udah terlalu tua untuk menerima saran..,"['regar_op0sisi', 'prabowo']",Mon Jul 20 14:29:57 +0000 2026,2,0,1,0,529.0,1474533999343136775,AzwarmanM,Azwarman Muchtar,1398,False
https://x.com/Naandaa27/status/2077672020863533184?s=20,2077672020863533184,2077740111761211527,https://t.co/8vfQM3eija,[],Thu Jul 16 13:00:19 +0000 2026,14,1,1,0,5565.0,1259753320152887296,Naandaa27,Nda ! 🧳,14248,True
https://x.com/JVLEHA/status/2079800619280605645?s=20,2079800619280605645,2079819510836760823,https://t.co/uEP74g0P4k,['JVLEHA'],Wed Jul 22 06:43:07 +0000 2026,50,0,1,1,8616.0,232436225,lolitanevercome,darnnitstrue,989,False
https://x.com/regar_op0sisi/status/2079208098141794557?s=20,2079208098141794557,2079215882006630693,Yes dan memang sudah watak,"['AzwarmanM', 'prabowo']",Mon Jul 20 14:44:30 +0000 2026,2,0,0,0,475.0,1749698965539553280,regar_op0sisi,Edy Bayo Regar,15501,True
https://x.com/kompascom/status/2079052174693441955?s=20,2079052174693441955,2079673208618566037,"Anjirrr Buzzer mbg nya banyak banget disini, akun foto cewe2 dgn follower 1-2ekor wkwkwkwk",['kompascom'],Tue Jul 21 21:01:46 +0000 2026,0,0,0,0,25.0,1242538595686080512,Thetruthlink01,J.Burnintone,96,False
https://x.com/Naandaa27/status/2077672020863533184?s=20,2077672020863533184,2077842527663824910,https://t.co/YnFCh5os3U,[],Thu Jul 16 19:47:17 +0000 2026,6,1,0,0,3724.0,1259753320152887296,Naandaa27,Nda ! 🧳,14248,True
https://x.com/kompascom/status/2079052174693441955?s=20,2079052174693441955,2079521537418285409,"Padahal harta ga dibawa mati, tapi kok pada serakah sih?",['kompascom'],Tue Jul 21 10:59:04 +0000 2026,0,0,0,0,57.0,1267323471157055489,daunv2,misinumpanglewat,0,False
https://x.com/Naandaa27/status/2077672020863533184?s=20,2077672020863533184,2078053536555061324,https://t.co/PfisrnQEiS,[],Fri Jul 17 09:45:46 +0000 2026,3,0,0,0,1735.0,1259753320152887296,Naandaa27,Nda ! 🧳,14248,True
https://x.com/JVLEHA/status/2079800619280605645?s=20,2079800619280605645,2079868384196579481,Ingat Matius 6:14,['lolitanevercome'],Wed Jul 22 09:57:19 +0000 2026,0,0,1,0,6897.0,181896677,JVLEHA,Galちゃん - 嘉璐,43482,True
https://x.com/regar_op0sisi/status/2079208098141794557?s=20,2079208098141794557,2079330489501130777,Nomor 4 akan mengantar prabowo 2 periode,"['regar_op0sisi', 'prabowo']",Mon Jul 20 22:19:55 +0000 2026,2,0,1,0,300.0,713391896,cadoize3,kanan dari lahir,7959,True
https://x.com/Naandaa27/status/2077672020863533184?s=20,2077672020863533184,2078062268965871876,https://t.co/RkKiY53x2K,[],Fri Jul 17 10:20:28 +0000 2026,4,1,0,0,1472.0,1259753320152887296,Naandaa27,Nda ! 🧳,14248,True
https://x.com/JVLEHA/status/2079800619280605645?s=20,2079800619280605645,2079803352792351216,Bagus itu berarti ga ada conflict of interest,['JVLEHA'],Wed Jul 22 05:38:54 +0000 2026,32,0,2,0,4837.0,46627179,shandya,the elusive sniffer,15114,False
https://x.com/kompascom/status/2079052174693441955?s=20,2079052174693441955,2079260535498084425,"Demi perut dan bawah perut, semua cara dilakukan.",['kompascom'],Mon Jul 20 17:41:57 +0000 2026,1,0,0,0,436.0,2057828197513961472,FajarKaya0101,Fajar Kaya,0,False
https://x.com/Naandaa27/status/2077672020863533184?s=20,2077672020863533184,2077677925906944169,"whoa ada lagiii, waduh moga tak ada yang keracunan, ancur lagi nih program negara yang namanya udah jelek dibukin tambah jelek lagi",['Naandaa27'],Thu Jul 16 08:53:13 +0000 2026,22,0,1,0,2136.0,2064687815477338112,musobandi,Muso Bandi,2823,True
https://x.com/ardisatriawan/status/2079031883900633488?s=20,2079031883900633488,2079138149075488994,Kan kalo dengan MBG anak anak jadi punya kekuatan buat nahan atap itu,['ardisatriawan'],Mon Jul 20 09:35:37 +0000 2026,0,0,0,0,190.0,54811132,kukuhya,Kukuh Adi D.,32373,True
https://x.com/regar_op0sisi/status/2079208098141794557?s=20,2079208098141794557,2079375253881733446,Itulah tujuannya,"['cadoize3', 'prabowo']",Tue Jul 21 01:17:48 +0000 2026,0,0,0,0,244.0,1749698965539553280,regar_op0sisi,Edy Bayo Regar,15501,True
https://x.com/kompascom/status/2079052174693441955?s=20,2079052174693441955,2079817551274512744,Gw malah penasaran dapurnya udh jalan dimana aja nih,['kompascom'],Wed Jul 22 06:35:20 +0000 2026,0,0,0,0,16.0,1869307457522241536,naymaziani,Nayma Ziani,14,False
https://x.com/ardisatriawan/status/2079031883900633488?s=20,2079031883900633488,2079035158985138577,"Apakah ada yg lebih penting dari perut lapar

Yak lanjut MBG 
Kata tone Deaf https://t.co/Nhp9DrGHJz",['ardisatriawan'],Mon Jul 20 02:46:23 +0000 2026,15,0,0,0,567.0,1576390259260026882,Rizkyland_,Rizkyland▫️,1516,True
https://x.com/Naandaa27/status/2077672020863533184?s=20,2077672020863533184,2077684392743571576,Udah ada tanda2 keracunan tuh kak,['musobandi'],Thu Jul 16 09:18:55 +0000 2026,6,0,0,0,1927.0,1259753320152887296,Naandaa27,Nda ! 🧳,14248,True
https://x.com/JVLEHA/status/2079800619280605645?s=20,2079800619280605645,2079803556237123595,Kan aku juga mau,['shandya'],Wed Jul 22 05:39:43 +0000 2026,4,1,0,0,4357.0,181896677,JVLEHA,Galちゃん - 嘉璐,43482,True
https://x.com/regar_op0sisi/status/2079208098141794557?s=20,2079208098141794557,2079216398107378175,"Uangnya dari rakyat buat ngasih makan anaknya rakyat.... 
Itupun kalau enak, keracunan iya, dikorupsi jelas... 
Kenapa gak lebih bagus rakyatnya dikasih lapangan kerja, urusan makan anaknya biar dipikir orang tuanya...","['regar_op0sisi', 'prabowo']",Mon Jul 20 14:46:33 +0000 2026,10,0,0,0,187.0,274357098,Yaka_sulistya,yowie,151,False
https://x.com/kompascom/status/2079052174693441955?s=20,2079052174693441955,2079818322862825966,Yuk dibikin transparan biar ga ada narasi macem2,['kompascom'],Wed Jul 22 06:38:23 +0000 2026,0,0,0,0,9.0,1869631914824675328,Ecakurniasi,eca kurniasi,15,False
https://x.com/ardisatriawan/status/2079031883900633488?s=20,2079031883900633488,2079033230217642352,"Logika pejabat: Gak apa-apa atap sekolah ambruk &amp; harus numpang belajar, yang penting perut kenyang wkwk. Nanti kalau ketiban kayu pas belajar, solusinya tinggal dikasih susu gratis kali ya biar lukanya auto sembuh?",['ardisatriawan'],Mon Jul 20 02:38:43 +0000 2026,7,0,0,0,422.0,418626296,andrean_u,Andrean,777,True
https://x.com/JVLEHA/status/2079800619280605645?s=20,2079800619280605645,2079801091253039515,Beda nanik yang ini jual pisang aroma..,['JVLEHA'],Wed Jul 22 05:29:55 +0000 2026,7,0,1,0,2451.0,264102883,luxyriz,Luxy Rizkyanto,10837,False
https://x.com/regar_op0sisi/status/2079208098141794557?s=20,2079208098141794557,2079217754121580852,"Kl itu uang mu pribadi tidak masalah. Rakyat tidak rela Krn dalam pelaksanaan nya banyak penyelewengan ,Prabowo. Itu uang rakyat tahu","['regar_op0sisi', 'prabowo']",Mon Jul 20 14:51:57 +0000 2026,4,1,0,0,211.0,1535988698398924801,FujiantoEddy,Eddy fujianto,2,False
https://x.com/kompascom/status/2079052174693441955?s=20,2079052174693441955,2079817521461371145,Semoga koordinasi antar pihak makin enak biar ga rame,['kompascom'],Wed Jul 22 06:35:12 +0000 2026,0,0,0,0,18.0,1761661187220258816,naufalton,Naufal Alton,6,False
https://x.com/LambeSahamjja/status/2081381717244555418?s=20,2081381717244555418,2081444266849755431,"Ada 270 juta rakyat, lu pikir mudah mengurus ini semua. Dengan mbg minimal perut bisa dipenuhi. Orang bisa sabar kalau gak punya pekerjaan tapi perutnya lapar ? Kolaps dia.",['LambeSahamjja'],Sun Jul 26 18:19:19 +0000 2026,0,0,17,0,1552.0,1934546145222463488,DimasFaisa29580,Dimas Faisal,0,False
https://x.com/ardisatriawan/status/2079031883900633488?s=20,2079031883900633488,2079041031442698435,"Kata pembela program tersebut "" Anak-anak tidak akan pernah bisa fokus belajar jika perut dalam kondisi lapar""🥴

Padahal mahh, sarana prasarana dan kesejahteraan gaji guru jauh lebih penting daripada sekedar makan 1x😩🙈",['ardisatriawan'],Mon Jul 20 03:09:43 +0000 2026,3,0,0,0,514.0,2020299269840965633,onchainok,OnchainOK,1039,False
https://x.com/JVLEHA/status/2079800619280605645?s=20,2079800619280605645,2079801285533155424,Aroma oligarki,['luxyriz'],Wed Jul 22 05:30:41 +0000 2026,17,2,0,0,2192.0,181896677,JVLEHA,Galちゃん - 嘉璐,43482,True
https://x.com/regar_op0sisi/status/2079208098141794557?s=20,2079208098141794557,2079438663021400571,"Maksa banget dgn programnya,  masukan dari pakar dan masyrakat diangap angin lalu seakan apa yg dia putuskan itu harga mati dan hrs dijlnkn,  seperti maha benar aja kawan satu ini.","['regar_op0sisi', 'prabowo']",Tue Jul 21 05:29:46 +0000 2026,3,0,0,0,32.0,1853487101423349760,cutmalika63,Cut malika,728,False
https://x.com/kompascom/status/2079052174693441955?s=20,2079052174693441955,2079466426587553807,ini bentuk efisiensi anggaran juga sih memanfaatkan aset negara yg udh ada drpd bikin infrastruktur baru dri nol,['kompascom'],Tue Jul 21 07:20:05 +0000 2026,0,0,1,0,124.0,1813489558933180416,Burak06000,Burak Demirseren,0,False
https://x.com/ardisatriawan/status/2079031883900633488?s=20,2079031883900633488,2079057928242577540,"Buleleng : tingkat literasi rendah, sppg lebih banyak dimiliki oleh pemkab dan coklat, kantong suara 02, tahun lalu ada berita mbg bermasalah cepat ditakedown, akun yang membagikan langsung hilang, jumlah sekolah rusaknya banyak.",['ardisatriawan'],Mon Jul 20 04:16:51 +0000 2026,3,0,0,0,471.0,1731202258015318016,BroNDRONG,ᵣₑｚᵢₘｂₐｂᵢｂᵤₜₐｗₜｆ,14,False
https://x.com/LambeSahamjja/status/2081381717244555418?s=20,2081381717244555418,2081478104594456753,"Inilah standar orang2 yang digaji uang haram, ada anak yang kehilangan ayahnya karena harus mencuri ayam untuk memberi makan anaknya itu salah satu bentuk ketidakmampuan memberikan nafkah, berarti yang dibutuhkan itu pekerjaan bukan makanan yang bisa dimakan sekali trus masuk rs",['LambeSahamjja'],Sun Jul 26 20:33:46 +0000 2026,0,0,1,0,1439.0,1556111387172433920,lkmnjjn,better,2,False
https://x.com/kompascom/status/2079052174693441955?s=20,2079052174693441955,2079818325970882690,Biar publik ga nebak2 mending dijelasin sekalian,['kompascom'],Wed Jul 22 06:38:24 +0000 2026,0,0,0,0,7.0,1869633675635380224,Ekasaaputrii,eka saputri,15,False
https://x.com/JVLEHA/status/2079800619280605645?s=20,2079800619280605645,2079860052564054346,"Untung aja bukan Bu Rudy yg jadi kepala BGN, kalo engga bisa pada kena diare anak2nya",['JVLEHA'],Wed Jul 22 09:24:13 +0000 2026,3,1,1,0,1918.0,49582287,yagituaja,adid,2098,True
https://x.com/regar_op0sisi/status/2079208098141794557?s=20,2079208098141794557,2079219048626438340,"Ituu mbg bertentangan denga mandatory spending Apbn utk pendidikanbsebesar 20%
Jadii bertentangan dengan konstitusi
Solusinya apa
Ya bikin pos anggaran baru jgan ganggu pos2 yg udh dikunci sama uud","['regar_op0sisi', 'prabowo']",Mon Jul 20 14:57:05 +0000 2026,3,0,0,0,210.0,1576390259260026882,Rizkyland_,Rizkyland▫️,1516,True
https://x.com/ardisatriawan/status/2079031883900633488?s=20,2079031883900633488,2079143991371846120,"Banyak banget gedung gedung sekolah yang sudah tak layak 
Mengajukan untuk dapat rehab juga susah 
Sama di desa saya ngajar juga gitu 
Semoga anak anak tetap aman 
Aamiin",['ardisatriawan'],Mon Jul 20 09:58:50 +0000 2026,1,0,0,0,120.0,2059173374962880512,deka86virgo,dwi kurniawati,19,False
https://x.com/Naandaa27/status/2077672020863533184?s=20,2077672020863533184,2077678068991414636,"Baru juga mulai lagi, sudah ada kasus seperti ini. Benar-benar memprihatinkan.",['Naandaa27'],Thu Jul 16 08:53:47 +0000 2026,20,0,2,0,2763.0,1809153661819592704,tsuki1751731,tsuki,1682,True
https://x.com/LambeSahamjja/status/2081381717244555418?s=20,2081381717244555418,2081390049002987771,"MBG tuh hanya buat sekali makan si anak. Ekonomi ortu, tuh buat 3 makan sekeluarga. Mana yg penting? Bangkitkan ekonomi atau kasih makan ? Kalau orang cerdas, pasti mikir buat bangkit ekonomi. Tapi klo sekedar pengin dipuji ya pilih kasih makan https://t.co/hndagEhsxW.",['LambeSahamjja'],Sun Jul 26 14:43:52 +0000 2026,16,4,0,0,4217.0,363148931,bambangsknt,mas bams,3762,True
https://x.com/JVLEHA/status/2079800619280605645?s=20,2079800619280605645,2079872497290457572,Sambelnya enak sih aku suka :(,['yagituaja'],Wed Jul 22 10:13:40 +0000 2026,1,0,0,0,1558.0,181896677,JVLEHA,Galちゃん - 嘉璐,43482,True
https://x.com/regar_op0sisi/status/2079208098141794557?s=20,2079208098141794557,2079357324033179849,"Mau tdk mau hrs bersabar 3 thn ke depan..
Di beri masukan sm dosen,aktivis sosial,pdhl orang"" pintar yg memberi masukan..
Tp apalah daya,karakter terbentuk sejak lahir,,","['regar_op0sisi', 'prabowo']",Tue Jul 21 00:06:33 +0000 2026,1,0,1,0,135.0,1641328867406381056,VodoJohar,3v,13,False
https://x.com/kompascom/status/2079052174693441955?s=20,2079052174693441955,2079510259593548131,Orang-orang yang nge-hate MBG fix banget kurang piknik atau kurang update 🤡,['kompascom'],Tue Jul 21 10:14:15 +0000 2026,0,0,0,0,81.0,2183299574,ramdanif61,fajar ramdani,43,False
https://x.com/ardisatriawan/status/2079031883900633488?s=20,2079031883900633488,2079035881588191725,"🗣️: ""Sekolah ambruk? Ini pasti ulah antek2 asing yang tidak suka bangsa kita bangsa menjadi besar. Untuk itu sodara-sodara. Rakyat kita butuh makan, orang pinter tidak akan pinter jika lapar. """,['ardisatriawan'],Mon Jul 20 02:49:15 +0000 2026,1,1,0,0,207.0,79162706,yuyud_brawn,Yuyud Brawn⚒️,1346,True
https://x.com/LambeSahamjja/status/2081381717244555418?s=20,2081381717244555418,2081499706673561779,"karena itulah saya dukung MBG. 

yang kelaparan kasih dong MBG, tapi ya jangan sehari sekali, 3x sekalian. 

Dan yang khusus kelaparan doang, orang kota yang anaknya pulang masih bisa beli hokben, ngapain dikasih

ngasih sehari sekali aja udah minta dipuja kek dewa",['LambeSahamjja'],Sun Jul 26 21:59:37 +0000 2026,5,0,0,0,909.0,2046388110259519488,ariefrifqi344,Arief Rifqi,0,False
https://x.com/JVLEHA/status/2079800619280605645?s=20,2079800619280605645,2079829433821839735,Jelasin dong plz https://t.co/ygde1fakIj,['JVLEHA'],Wed Jul 22 07:22:33 +0000 2026,2,0,1,0,2410.0,56357597,medicalsherry,lovianettesherry,976,False
https://x.com/Naandaa27/status/2077672020863533184?s=20,2077672020863533184,2077685573750489265,Udah byk kejadian tapi ga diambil buat pelajaran,['tsuki1751731'],Thu Jul 16 09:23:36 +0000 2026,7,0,1,0,2556.0,1259753320152887296,Naandaa27,Nda ! 🧳,14248,True
https://x.com/regar_op0sisi/status/2079208098141794557?s=20,2079208098141794557,2079365385871343622,"Bangsst anjing lu paham gk si mereka sampe segitunya ??? Programnya gk berjalan sesuai arahan , amburadul , makanan byk dibuang , banyak anak keracunan , lu paham sampe sini g si? Maunya apa anda ini ? Nunggu sampe ada yg meninggal itu anak”?? Nunggu bangkrut baru sadar ????","['regar_op0sisi', 'prabowo']",Tue Jul 21 00:38:35 +0000 2026,2,0,0,0,107.0,2018249895455703040,Kiluatuh,Kilua,0,False
https://x.com/kompascom/status/2079052174693441955?s=20,2079052174693441955,2079818314813985036,Semoga semua pihak sama2 terbuka soal program ini,['kompascom'],Wed Jul 22 06:38:22 +0000 2026,0,0,0,0,11.0,1870000988842799106,Edoofirmnsyh,edo firmansyah,2,False
https://x.com/LambeSahamjja/status/2081381717244555418?s=20,2081381717244555418,2081389458331750656,Ngasih makan cuma sehari sekali njirr itu aja hoki kalau ga keracunan. Bayangin siortu dapet kerja di pabrik dgn gaji layak lalu sekolah anaknya di gratisin sampai sma hampir mustahil mereka ga makan dan makan makanan yg ga layak.,['LambeSahamjja'],Sun Jul 26 14:41:31 +0000 2026,105,4,0,0,2689.0,905816180316807168,ZeprizalOgie,Uda Nasi Padang,24,False
https://x.com/regar_op0sisi/status/2079208098141794557?s=20,2079208098141794557,2079220088146980992,"Itu tugasmu Untuk mengembalikan nya,dan kalian para keparat di atas sana lah yg tau uang yg menguap keluar negri,koar-koar pun kami sebagai rakyat,apa bisa uang itu kembali?..","['regar_op0sisi', 'prabowo']",Mon Jul 20 15:01:13 +0000 2026,1,0,0,0,144.0,1571372778011631618,fadly6416,oakle,23,False
https://x.com/Naandaa27/status/2077672020863533184?s=20,2077672020863533184,2077741532317204696,"jalan2 dengan sepatu rodakuu ~ kata si belatung

up terus! biar tau di lapangan gimana. mau ngasih racun sama anak2? gilak",['Naandaa27'],Thu Jul 16 13:05:58 +0000 2026,7,0,2,0,2128.0,2068738863816933376,paraswni,paraswni,2064,True
https://x.com/JVLEHA/status/2079800619280605645?s=20,2079800619280605645,2079832480404901960,https://t.co/ewtBch63UB,['medicalsherry'],Wed Jul 22 07:34:39 +0000 2026,34,0,1,0,1624.0,181896677,JVLEHA,Galちゃん - 嘉璐,43482,True
https://x.com/LambeSahamjja/status/2081381717244555418?s=20,2081381717244555418,2081624837366452406,"Negara juga harus mikir kok bisa tajen legal, dan kenapa masyarakat bisa muak banget sama kasus kriminal.",['LambeSahamjja'],Mon Jul 27 06:16:50 +0000 2026,0,0,0,0,431.0,2010171261486530560,suaminyadayuita,Bayu Suryagara9,0,False
https://x.com/regar_op0sisi/status/2079208098141794557?s=20,2079208098141794557,2079558246663393583,Semoga bunted berkenan menunjukkan twit diatas kepada bapak presiden,"['regar_op0sisi', 'prabowo']",Tue Jul 21 13:24:56 +0000 2026,1,0,0,0,34.0,1139879268287049728,Muchlis_Muchfi,Abdul Muchlis,1700,False
https://x.com/ardisatriawan/status/2079031883900633488?s=20,2079031883900633488,2079032482041860546,"iya nih, perut kenyang tapi kepala kena genteng jatuh",['ardisatriawan'],Mon Jul 20 02:35:44 +0000 2026,1,0,0,0,78.0,2074314098159095808,iniakuntutu,Tutuu 🪵,996,True
https://x.com/kompascom/status/2079052174693441955?s=20,2079052174693441955,2079817553677877502,Yg penting anak2 dapet makan bergizi itu dulu sih 🙏,['kompascom'],Wed Jul 22 06:35:20 +0000 2026,0,0,0,0,16.0,1869596985164222464,faribhfz,Farib Hafiz,9,False
https://x.com/JVLEHA/status/2079800619280605645?s=20,2079800619280605645,2079809736833392790,Diabetes nanti kak 🙏,['JVLEHA'],Wed Jul 22 06:04:16 +0000 2026,1,0,1,0,1156.0,62059706,piyopikavet,Panggil aja Purbo,21884,True
https://x.com/ardisatriawan/status/2079031883900633488?s=20,2079031883900633488,2079047467765805562,"Wah pasti anak-anak kita sangat lelah untuk belajar di bawah reruntuhan, maka dari itu mari kita beri mereka mbg.",['ardisatriawan'],Mon Jul 20 03:35:17 +0000 2026,1,0,0,0,151.0,246650109,harisubangkit,Hari SB,3167,True
https://x.com/ardisatriawan/status/2080621729022693665?s=20,2080621729022693665,2080624720865869962,"Cape banget itu pasti menyebrangi sungai bertarung nyawa, tenaga dan mental, udah bener emang dikasih MBG

Orang orang cerdas mana kepikiran dikasih MBG, pasti ngasih solusi bodoh bangun jembatan, jalan dll, padahal dikasih makan bisa jadi tai yang mengeras untuk dilewati disana",['ardisatriawan'],Fri Jul 24 12:02:44 +0000 2026,11,0,2,0,306.0,328303061,MFBonX,MF,1436,True
https://x.com/kompascom/status/2079052174693441955?s=20,2079052174693441955,2079817517590093948,Kok malah rame bahas yg ngelola bukan hasilnya ya,['kompascom'],Wed Jul 22 06:35:11 +0000 2026,0,0,0,0,15.0,1712447886997458944,lilswati,Lilis Wati,26,False
https://x.com/regar_op0sisi/status/2079208098141794557?s=20,2079208098141794557,2079391525570855125,"Dia tau ga tuh kalo dari pusat 16.000 per kepala, nyampe di dapur nya nyusut 13.000 bahkan ada yang 10.000","['regar_op0sisi', 'prabowo']",Tue Jul 21 02:22:27 +0000 2026,2,0,0,0,168.0,1397176822094196744,JadineGood,olwesssssss si HOAX akut 🤪,21926,True
https://x.com/PartaiSocmed/status/2079853104879837373?s=20,2079853104879837373,2079859160708260074,jadi mundurnya karena tertekan juga kah?,['PartaiSocmed'],Wed Jul 22 09:20:40 +0000 2026,22,0,1,0,16494.0,43486890,negativisme,NEG,138194,True
https://x.com/JVLEHA/status/2079800619280605645?s=20,2079800619280605645,2079811857595216343,Kan enak dan khas Tanjung Duren Pakdokk,['piyopikavet'],Wed Jul 22 06:12:42 +0000 2026,2,0,1,0,1058.0,181896677,JVLEHA,Galちゃん - 嘉璐,43482,True
https://x.com/Naandaa27/status/2077672020863533184?s=20,2077672020863533184,2077763357160136826,Kyknya byk kasus di hari pertama MBG setelah liburan sekolah,['paraswni'],Thu Jul 16 14:32:41 +0000 2026,4,0,0,0,1831.0,1259753320152887296,Naandaa27,Nda ! 🧳,14248,True
https://x.com/regar_op0sisi/status/2079208098141794557?s=20,2079208098141794557,2079309351387578606,"Silahkan teruskan programmu, kita bayar pajak jika sdh ganti presiden😂 okay?","['regar_op0sisi', 'prabowo']",Mon Jul 20 20:55:55 +0000 2026,1,0,0,0,78.0,2326179456,makbulahdoang,@mkblh,8,False
https://x.com/ardisatriawan/status/2079031883900633488?s=20,2079031883900633488,2079057326406045870,"Media tuh kadang bisa jadi provokatif, case sekolah yang ambruk itu emang perlu di perhatikan tp berapa banyak sekolah yang sudah di renovasi di jaman Pemerintah sekarang juga harusnya perlu di beritakan biar berimbang. Good News is a bad news n bad news is good news",['ardisatriawan'],Mon Jul 20 04:14:28 +0000 2026,1,0,0,0,383.0,2071446638821056512,UmarSakhi08,Umar,1285,True
https://x.com/PartaiSocmed/status/2079853104879837373?s=20,2079853104879837373,2079859922913951751,Iya,['negativisme'],Wed Jul 22 09:23:42 +0000 2026,11,0,0,0,15401.0,869327120,PartaiSocmed,#99,527692,True
https://x.com/Naandaa27/status/2077672020863533184?s=20,2077672020863533184,2077676065917747223,Hiii... Baunya kayak apa itu... Kok dikasih ke anak?,['Naandaa27'],Thu Jul 16 08:45:50 +0000 2026,7,0,1,0,984.0,1611654278862766080,SimplyHon3st,Ruqayya,11649,True
https://x.com/ardisatriawan/status/2080621729022693665?s=20,2080621729022693665,2080630291790725417,Aseliii fix sepakattt,['MFBonX'],Fri Jul 24 12:24:52 +0000 2026,1,0,0,0,287.0,170542374,ardisatriawan,Ardianto Satriawan,100235,True
https://x.com/JVLEHA/status/2079800619280605645?s=20,2079800619280605645,2079859171043012714,"Ini mau ada kak, soalnya Bu Nanik sendiri yg resign",['JVLEHA'],Wed Jul 22 09:20:42 +0000 2026,1,0,1,0,897.0,1983620114185682944,tamagotcha77065,tamagotcha,21,False
https://x.com/regar_op0sisi/status/2079208098141794557?s=20,2079208098141794557,2079220424395882663,"Prabowo sudah keliru menafsirkan kritikan dengan diksi dia diserang..
Siapa ini yang kasih masukan, yang bisikin ?","['regar_op0sisi', 'prabowo']",Mon Jul 20 15:02:33 +0000 2026,2,0,1,0,132.0,1842826519259066368,InterQomink,Internazionale,2370,True
https://x.com/LambeSahamjja/status/2081381717244555418?s=20,2081381717244555418,2081399285476925684,Logika ajaib: Orang tua enggak punya pekerjaan &amp; terpaksa nyuri ayam biar keluarga bisa makan -&gt; Solusinya anaknya dikasih MBG di sekolah. Bapaknya tetep pengangguran tapi yang penting anaknya kenyang!,['LambeSahamjja'],Sun Jul 26 15:20:34 +0000 2026,47,10,2,0,2553.0,543227936,mintandmorrow,detspace,1576,False
https://x.com/ardisatriawan/status/2079031883900633488?s=20,2079031883900633488,2079047785362633094,"apapun masalahnya, mbg solusinya. gpp sekolah ambruk, siswa ga punya atk/fasilitas sekolah lengkap, yang penting bangunan sppg berdiri mewah dan megah 👍👍👍",['ardisatriawan'],Mon Jul 20 03:36:33 +0000 2026,0,0,0,0,231.0,1843932889098137601,changelogv35,Cheesy (Stable Release),733,False
https://x.com/kompascom/status/2079052174693441955?s=20,2079052174693441955,2079159267236724925,Selama ini program neo orba memang sedang masif sistematis terstruktur . Ngeri kali ah....,['kompascom'],Mon Jul 20 10:59:32 +0000 2026,0,0,0,0,942.0,1696871441403400192,OnlineNico37586,Nico Online,32,False
https://x.com/ardisatriawan/status/2079031883900633488?s=20,2079031883900633488,2079183481687756812,"mbg pdhl ga sepenting itu sih, percuma ada mbg toh anak² sekolah ttp jajam tuh, mnding duitnya buat renovasi bangunan² sekolah yg udh ga layak sih lebij pentingg kannn",['ardisatriawan'],Mon Jul 20 12:35:46 +0000 2026,0,0,0,0,495.0,1515433478115901440,mioriio,mio🐇,1727,True
https://x.com/PartaiSocmed/status/2079853104879837373?s=20,2079853104879837373,2079860392021672395,Program ini merupakan kesalahan terbesar Presiden Prabowo.,['PartaiSocmed'],Wed Jul 22 09:25:34 +0000 2026,92,1,2,0,23037.0,1346210508265799682,DMarginale,De'creo_Marginale_Slava Ukraine🇮🇩🇺🇦,1118,False
https://x.com/Naandaa27/status/2077672020863533184?s=20,2077672020863533184,2077685192626700571,Pasti masaknya kemaren,['SimplyHon3st'],Thu Jul 16 09:22:06 +0000 2026,2,0,2,0,854.0,1259753320152887296,Naandaa27,Nda ! 🧳,14248,True
https://x.com/JVLEHA/status/2079800619280605645?s=20,2079800619280605645,2079875547254182230,Itu soalnya gwe protes kok sampe sekarang ga ada. Mundur deh doi,['tamagotcha77065'],Wed Jul 22 10:25:47 +0000 2026,2,0,1,0,717.0,181896677,JVLEHA,Galちゃん - 嘉璐,43482,True
https://x.com/regar_op0sisi/status/2079208098141794557?s=20,2079208098141794557,2079271120524681577,"semakin tua ya org kek dia semakin ego tinggi,jdi bukannya solusi bijak malah ditabrakkan dengan kejadian yg lain,ya itu tugas lu wowo,MBG bagus tpi klo terencana,inimah satset bgt dia jabat lgsg genjot MBG😂","['regar_op0sisi', 'prabowo']",Mon Jul 20 18:24:00 +0000 2026,1,0,0,0,19.0,2072681271118192640,Miko2806,Miko,0,False
https://x.com/kompascom/status/2079052174693441955?s=20,2079052174693441955,2079737336532021484,"Keren banget orang ini, cerdas, lugas, materi yg disampaikan berdasarkan data dan penelitian, cara penyampaiannya juga tenang, luar biasa memang. Hormat pak 🫡",['kompascom'],Wed Jul 22 01:16:35 +0000 2026,0,0,0,0,78.0,1473592057910366209,__ulatbulu,UBUL 🐛,252,False
https://x.com/LambeSahamjja/status/2081381717244555418?s=20,2081381717244555418,2081509269967696161,"Kayak nanggapin orang gila, emang bapaknya dapat MBG kah? bayangin anak + bapak harus dapat makanan 6 porsi sehari, tapi MBG cuman dapat 1. Pemikiran mereka tuh gimana anj",['LambeSahamjja'],Sun Jul 26 22:37:37 +0000 2026,3,0,0,0,664.0,2044690904720531456,Mukanae444,Freyana.,7,False
https://x.com/PartaiSocmed/status/2079853104879837373?s=20,2079853104879837373,2079861335672893893,MBG itu program bagus karena benar2 menggerakkan perekonomian riil. Sayangnya pejabat2 yg dipercaya mengelolanya menganggap program ini ladang korupsi yg tidak tersentuh sehingga korupsinya brutal.,['DMarginale'],Wed Jul 22 09:29:19 +0000 2026,184,20,41,4,23341.0,869327120,PartaiSocmed,#99,527692,True
https://x.com/ardisatriawan/status/2080621729022693665?s=20,2080621729022693665,2080622087451120035,Mau berangkat sekolah taruhannya nyawa 😢,['ardisatriawan'],Fri Jul 24 11:52:16 +0000 2026,0,0,2,0,257.0,2080302253207154688,aarsshhhhhh,arash,552,True
https://x.com/ardisatriawan/status/2079031883900633488?s=20,2079031883900633488,2079164804477194378,"program baru dan perbaikan fasilitas sekolah seharusnya bukan dipertentangkan, dua duanya sama sama kebutuhan dasar yang mestinya bisa berjalan bareng",['ardisatriawan'],Mon Jul 20 11:21:33 +0000 2026,0,0,0,0,442.0,1406980113636335617,Rafigg1122,duitdanhidup,1157,True
https://x.com/JVLEHA/status/2079800619280605645?s=20,2079800619280605645,2079834334584856883,Bangkrut kynya pisang buat mbg https://t.co/HIdZWd38nc,['JVLEHA'],Wed Jul 22 07:42:01 +0000 2026,0,0,1,0,2931.0,922327453,detoge,kecambah,972,True
https://x.com/Naandaa27/status/2077672020863533184?s=20,2077672020863533184,2077741280680128696,Kan bukannya sopnya dibalikin lagi ke sppg ya? Sembari sama omprengnya. Soalnya temen aku guru bilangnya gitu. Dan kocaknya itu makanan gk dimakan sisswa diambil warga setempat buat pakan ternaknya mereka,['Naandaa27'],Thu Jul 16 13:04:58 +0000 2026,5,0,1,0,2083.0,1503614450766876674,Utha_san,RinduRTdanbacot,2451,True
https://x.com/PartaiSocmed/status/2079853104879837373?s=20,2079853104879837373,2079856742528336038,"Ngeri juga permainannya ya.

Dgn Sudaryono yg orang lama dekat Presiden skr jadi kepala BGN, sepertinya tidak berani lagi intimidasi minta titik SPPG",['PartaiSocmed'],Wed Jul 22 09:11:03 +0000 2026,47,0,2,0,23276.0,133746476,bmartawardaya,Berly Martawardaya,5352,True
https://x.com/LambeSahamjja/status/2081381717244555418?s=20,2081381717244555418,2081569110312546567,"Padahal mereka itu gk butuh MBG, tp butuh kerjaan layak buat hidupin anak istri. Apa sih tuh buzzer ngomong MBG wae. MBG itu program wajib anggota PBB dodol. Itu genosida terselubung",['LambeSahamjja'],Mon Jul 27 02:35:24 +0000 2026,0,0,0,0,71.0,1957731982328426496,CarolineLukita,C.Lukita,45,False
https://x.com/ardisatriawan/status/2079031883900633488?s=20,2079031883900633488,2079034064473092271,gapapa atap ambruk nanti mbg an dilapangan upacara aja biar ssmakin cinta RI makan sambil liat bendera merah putih kata juru bicara pemerintah kalau ditanya soal beginian,['ardisatriawan'],Mon Jul 20 02:42:02 +0000 2026,0,0,0,0,194.0,2987914381,mejilseong,지 (⸝⸝ ⸌.ᴗ ⸍⸝⸝) ♡̷̷̷,2822,False
https://x.com/kompascom/status/2079052174693441955?s=20,2079052174693441955,2079725266126176436,"Apa ada data survey dari pihak independence  semua sekolah yang ada di Indonesia ini, apa kebutuhan yang paling urgent  ?",['kompascom'],Wed Jul 22 00:28:37 +0000 2026,0,0,0,0,18.0,116399276,mmdalimunthe,Mangaraja Official,328,False
https://x.com/Naandaa27/status/2077672020863533184?s=20,2077672020863533184,2077765767689539695,"Betul kak, sekarang makanan yg tdk dimakan siswa lgs di manfaatkan buat ternak 😬
Pemborosan yg tiada habisnya",['Utha_san'],Thu Jul 16 14:42:16 +0000 2026,8,0,1,0,1704.0,1259753320152887296,Naandaa27,Nda ! 🧳,14248,True
https://x.com/PartaiSocmed/status/2079853104879837373?s=20,2079853104879837373,2079865361474986176,Bukan minta titik sebab pendaftaran baru sudah ditutup. Mereka yg meneror itu adalah yg sudah terlibat jual beli titik di era pimpinan sebelumnya tapi terancam dapurnya tidak akan dibuka.,['bmartawardaya'],Wed Jul 22 09:45:18 +0000 2026,99,12,3,0,21516.0,869327120,PartaiSocmed,#99,527692,True
https://x.com/regar_op0sisi/status/2079208098141794557?s=20,2079208098141794557,2079447475543527798,Makin makmur dan subur para pendulang proyek yang mengatas nama kan demi rakyat.,"['regar_op0sisi', 'prabowo']",Tue Jul 21 06:04:47 +0000 2026,1,1,0,0,22.0,797735565223284736,Sadar_waras,Ical muh,795,False
https://x.com/ardisatriawan/status/2080621729022693665?s=20,2080621729022693665,2080622360898724325,Validd.. taruhan nyawaa.. ini dulu dibenerin..,['aarsshhhhhh'],Fri Jul 24 11:53:21 +0000 2026,0,0,0,0,236.0,170542374,ardisatriawan,Ardianto Satriawan,100235,True
https://x.com/ardisatriawan/status/2079031883900633488?s=20,2079031883900633488,2079057927902781543,kalau lapar tidak punya tenaga untuk lari menyelamatkan diri,['ardisatriawan'],Mon Jul 20 04:16:51 +0000 2026,0,0,0,0,414.0,2070408315428016128,capunknotdead,Capunk,0,False
https://x.com/PartaiSocmed/status/2079853104879837373?s=20,2079853104879837373,2079854060413550756,Dapur yang neror?,['PartaiSocmed'],Wed Jul 22 09:00:24 +0000 2026,9,0,1,0,19098.0,1330828401431568387,BungTesla,Tesla,1098,True
https://x.com/txtdrimedia/status/2079154852257513702?s=20,2079154852257513702,2079165812380954682,"ni prabowo beneran nggak punya someone to talk sebelum tidur apa ya? kan kalau ada mah seengganya diomongin pas mau tidur, ""ayah, tadi siang pidatonya kayanya harusnya jangan abc"" inimah semua yang ga pantes diucapin oleh kepala negara keluar dari mulutnya.",['txtdrimedia'],Mon Jul 20 11:25:33 +0000 2026,116,4,4,0,7036.0,1668447451118985218,anisrui,Rii 🌞,4196,True
https://x.com/regar_op0sisi/status/2079208098141794557?s=20,2079208098141794557,2079491923522596865,"Hahahahaha....lek aku presiden tak berantas Pak, masalahe sopo sing milih, sing ndukung sampeyan iku yo podo ae, koyok wong melarat kabeh njaluk jabatan gaji terus sik golek proyek","['regar_op0sisi', 'prabowo']",Tue Jul 21 09:01:24 +0000 2026,0,0,0,0,58.0,3043430780,Bosswae,Charles,8,False
https://x.com/Naandaa27/status/2077672020863533184?s=20,2077672020863533184,2077703323877249471,"Aduhhhh.... 
Kasihan anak2 lho. 

Apa gak dicek sebelum berangkat ya? 
Semacam Quality kontrol 🤔
Kan sudah ada banyak kasus.",['Naandaa27'],Thu Jul 16 10:34:08 +0000 2026,2,0,1,0,1326.0,1989265621113311232,RhynLucky,Rhynand,2266,True
https://x.com/LambeSahamjja/status/2081381717244555418?s=20,2081381717244555418,2081568296227504332,"solusinya dikasih makan bukan dikasih pekerjaan 🤣🤣🤣
lawak",['LambeSahamjja'],Mon Jul 27 02:32:10 +0000 2026,0,0,0,0,796.0,1992511988753383425,HazelnutLax4,Hazelnut Latte,0,False
https://x.com/ardisatriawan/status/2080621729022693665?s=20,2080621729022693665,2080621981167460567,Salah tuh text di fotonya. Seharusnya mengejar MBG ke sekolah,['ardisatriawan'],Fri Jul 24 11:51:51 +0000 2026,0,0,1,0,238.0,943408204410601472,kanau_spes,my,1681,True
https://x.com/JVLEHA/status/2079800619280605645?s=20,2079800619280605645,2079872600533328059,KAK aku barusan pesen juga??? Tapi aku Whistle based (Pluit),['detoge'],Wed Jul 22 10:14:04 +0000 2026,1,0,0,0,2014.0,181896677,JVLEHA,Galちゃん - 嘉璐,43482,True
https://x.com/kompascom/status/2079052174693441955?s=20,2079052174693441955,2079745145730466047,https://t.co/RbVDG7QsA4,['kompascom'],Wed Jul 22 01:47:37 +0000 2026,0,0,0,0,20.0,1335172006514343936,republik_partai,TXTKapitalisme,51,True
https://x.com/ardisatriawan/status/2079031883900633488?s=20,2079031883900633488,2079045427413012607,"klo ada MBG teratur disana ngga mungkin atapnya
ambruk, apalagi klo dibantu kmp, pasti jadi bagus","['ardisatriawan', 'S_Indrawan0']",Mon Jul 20 03:27:11 +0000 2026,0,0,0,0,210.0,53289501,ariomalv,Ariomalv,2018,True
https://x.com/PartaiSocmed/status/2079853104879837373?s=20,2079853104879837373,2079854529454199101,Mafia jual beli titik,['Teslaether'],Wed Jul 22 09:02:16 +0000 2026,52,1,2,0,18143.0,869327120,PartaiSocmed,#99,527692,True
https://x.com/Naandaa27/status/2077672020863533184?s=20,2077672020863533184,2077763657094893662,Entahlah kak gmna sebenarnya SOPnya. Ini kelalaian fatal sih mnrtku,['RhynLucky'],Thu Jul 16 14:33:53 +0000 2026,1,0,0,0,982.0,1259753320152887296,Naandaa27,Nda ! 🧳,14248,True
https://x.com/ardisatriawan/status/2080621729022693665?s=20,2080621729022693665,2080622158573912332,Mending benerin jembatannya dulu ga sih😭,['kanau_spes'],Fri Jul 24 11:52:33 +0000 2026,0,0,0,0,203.0,170542374,ardisatriawan,Ardianto Satriawan,100235,True
https://x.com/regar_op0sisi/status/2079208098141794557?s=20,2079208098141794557,2079411283649273981,https://t.co/qgZhtQSrlx,"['regar_op0sisi', 'prabowo']",Tue Jul 21 03:40:58 +0000 2026,0,0,0,0,35.0,1845514131509739520,zonalangit70,Zavatar7,53,False
https://x.com/txtdrimedia/status/2079154852257513702?s=20,2079154852257513702,2079190099238216013,gada yg tau 😂,['anisrui'],Mon Jul 20 13:02:03 +0000 2026,4,0,1,0,6290.0,1300484934449000448,txtdrimedia,txtdrimedia,939220,True
https://x.com/regar_op0sisi/status/2079741597135372765?s=20,2079741597135372765,2079743487608840480,Markup bukan korupsi ta,['regar_op0sisi'],Wed Jul 22 01:41:01 +0000 2026,23,0,1,0,1668.0,224431376,P3gEl,5tePh3N,59655,True
https://x.com/Naandaa27/status/2077672020863533184?s=20,2077672020863533184,2077676012951998693,@prabowo ..gimana ini pak,['Naandaa27'],Thu Jul 16 08:45:37 +0000 2026,1,0,1,0,1018.0,1779012813979299840,BungkusMul67022,mbh sambeng,46,False
https://x.com/kompascom/status/2079052174693441955?s=20,2079052174693441955,2079183599505658243,"Ada teori namanya ""regulatory capture"" , pas program yang harusnya buat rakyat malah dikelola pihak yang punya kekuasaan buat nentuin aturannya sendiri, jadinya ruang buat kontrol publik tinggal nol.

Yang perlu diperhatikan dari temuan ini: bukan cuma soal ""siapa yang kelola"",",['kompascom'],Mon Jul 20 12:36:14 +0000 2026,1,0,0,0,223.0,18297693,glagahputih77,Glagah Putih,825,True
https://x.com/ardisatriawan/status/2080621729022693665?s=20,2080621729022693665,2080621808596988157,Ini sekolah aja harus bergelud dengan malaikat maut,['ardisatriawan'],Fri Jul 24 11:51:09 +0000 2026,2,0,1,0,236.0,1868225545747779584,IrulFajarx,Irul Fajar,3701,True
https://x.com/LambeSahamjja/status/2081381717244555418?s=20,2081381717244555418,2081560553689116711,"broo. MBG kasih makan cuma sehari sekali. tuhh anak butuh makan 3x sehari. come on lah, akal sehatnya dipakai! kalau gabisa kasih solusi, minimal kasih empati dan hati!",['LambeSahamjja'],Mon Jul 27 02:01:24 +0000 2026,1,0,0,0,651.0,1611939434936799233,yourakyat,YOUR RAKYAT,1060,False
https://x.com/txtdrimedia/status/2079154852257513702?s=20,2079154852257513702,2079180628122361990,"Udah ada kecurangan, giliran ditangkep bilangnya ""gak izin presiden dulu"". Jembuts🤏",['txtdrimedia'],Mon Jul 20 12:24:25 +0000 2026,4,0,0,0,260.0,871058414364876800,Hnirankara,Mas Hara,52723,True
https://x.com/Naandaa27/status/2077672020863533184?s=20,2077672020863533184,2077686078534991927,Prabowo : emang gue pikirin 😬,"['BungkusMul67022', 'prabowo']",Thu Jul 16 09:25:37 +0000 2026,3,0,0,0,934.0,1259753320152887296,Naandaa27,Nda ! 🧳,14248,True
https://x.com/regar_op0sisi/status/2079741597135372765?s=20,2079741597135372765,2079744586398961807,"Bukan 
Pokoknya tak ada korupsi di MBG 
Yg protes silahkan cari negara lain",['P3gEl'],Wed Jul 22 01:45:23 +0000 2026,28,0,1,0,1603.0,1749698965539553280,regar_op0sisi,Edy Bayo Regar,15501,True
https://x.com/tempodotco/status/2079899270199595250?s=20,2079899270199595250,2079914483372445969,"Statement awal yang bagus, dan akan tercatat.

Selamat mengemban Jabatan Baru.
Semoga amanah",['tempodotco'],Wed Jul 22 13:00:30 +0000 2026,1,0,0,0,434.0,380761087,Rio_Ramabaskara,Rio Rama Baskara,36465,True
https://x.com/regar_op0sisi/status/2079208098141794557?s=20,2079208098141794557,2079766774321709509,"Presiden Prabowo bekerja keras untuk kedaulatan dan kesejahteraan. Stop  menyebarkan hoaks, mari kita kawal pembangunan bersama-sama!","['regar_op0sisi', 'prabowo']",Wed Jul 22 03:13:33 +0000 2026,0,0,0,0,6.0,2008080630874308608,IndahN1900,indah nurbayanj,1,False
https://x.com/PartaiSocmed/status/2079853104879837373?s=20,2079853104879837373,2079931642450505935,🧐,['PartaiSocmed'],Wed Jul 22 14:08:41 +0000 2026,0,0,0,0,581.0,380761087,Rio_Ramabaskara,Rio Rama Baskara,36465,True
https://x.com/JVLEHA/status/2079800619280605645?s=20,2079800619280605645,2079854229775331805,"Kaaak lucu bgt wkwwkkwk, makasih dah mewarnai hariku dengan twit ini🤣🤣🤣",['JVLEHA'],Wed Jul 22 09:01:04 +0000 2026,0,0,1,0,1797.0,146911424,wencod,wen 🌥🍵 👩🏻,1627,True
https://x.com/Naandaa27/status/2077672020863533184?s=20,2077672020863533184,2077689559803208182,Ga kapok2 bikin anak2 keracunan,['Naandaa27'],Thu Jul 16 09:39:27 +0000 2026,1,0,1,0,985.0,1766754543029882880,Pushpasari,Puspa,989,False
https://x.com/regar_op0sisi/status/2079741597135372765?s=20,2079741597135372765,2079882072869785958,"PRESIDENNYA MENGANGGAP BUKAN PEMBOROSAN, NDOBOL https://t.co/LdUM1u9NGr",['regar_op0sisi'],Wed Jul 22 10:51:43 +0000 2026,34,6,1,0,836.0,712554618023186432,fajriramli137,Fajri Ramli,184,False
https://x.com/ardisatriawan/status/2080621729022693665?s=20,2080621729022693665,2080621960611217448,"Bener2 uji nyali juga lewat.
Taruhannya nyawa.",['IrulFajarx'],Fri Jul 24 11:51:46 +0000 2026,1,0,0,0,221.0,170542374,ardisatriawan,Ardianto Satriawan,100235,True
https://x.com/ardisatriawan/status/2079031883900633488?s=20,2079031883900633488,2079126797615329782,"Presiden gk malu memprioritaskan ambisinya mengabaikan fasilitas pendidikan rakyatnya...
Atw mungkin dulu gk pernah k sekolah...Krn kaya jd sekolah privat..",['ardisatriawan'],Mon Jul 20 08:50:31 +0000 2026,0,0,0,0,39.0,1728970961029099520,Dewa07178568652,Dewa,286,False
https://x.com/JVLEHA/status/2079800619280605645?s=20,2079800619280605645,2079902781734035955,Kak mari kita ke SPPG tapi PG-nya Pisang Goreng,['wencod'],Wed Jul 22 12:14:00 +0000 2026,0,0,1,0,1507.0,181896677,JVLEHA,Galちゃん - 嘉璐,43482,True
https://x.com/Naandaa27/status/2077672020863533184?s=20,2077672020863533184,2077765903090094549,Memang tujuannya bukan memberi makan kok,['Pushpasari'],Thu Jul 16 14:42:48 +0000 2026,0,0,0,0,856.0,1259753320152887296,Naandaa27,Nda ! 🧳,14248,True
https://x.com/ardisatriawan/status/2080621729022693665?s=20,2080621729022693665,2080622069314973889,Harusnya perbaiki dulu kebutuhan utama ini. Jembatan itu sangat amat perlu . Ngeri banget liatnya,['ardisatriawan'],Fri Jul 24 11:52:12 +0000 2026,2,0,2,0,226.0,1088643677914685441,reyhan1501,Yuyu kang kang 🦀,16250,True
https://x.com/kompascom/status/2079052174693441955?s=20,2079052174693441955,2079464342903480330,ga papa buat awal2 dulu bro nanti kl sistemnya udh rapi pasti dilibatkan kok pihak swasta sm umkm lokal bertahap aja,['kompascom'],Tue Jul 21 07:11:48 +0000 2026,0,0,0,0,19.0,1922359938141302784,SafiraDewa81904,Safira Dewanti,0,False
https://x.com/tempodotco/status/2079899270199595250?s=20,2079899270199595250,2079905323440332947,Gue gak nanya.sumpah!,['tempodotco'],Wed Jul 22 12:24:06 +0000 2026,2,0,2,0,1003.0,1270980383761330176,Tan_Mar3M,M3,124774,True
https://x.com/LambeSahamjja/status/2081381717244555418?s=20,2081381717244555418,2081617750313844777,MBG dikasih sehari 1x disekolah kl berangkat sm pulang dr siapa kl bukan orang tua yg nyiapin berarti bapa sebagai kepala keluarga harus tetap punya penghasilan harus kerja,['LambeSahamjja'],Mon Jul 27 05:48:40 +0000 2026,0,0,0,0,322.0,1587943073451225088,lis_jayadi,Lis Jayadi,8,False
https://x.com/txtdrimedia/status/2079154852257513702?s=20,2079154852257513702,2079155999529927087,"Bapak ini sepertinya tau kecurangan2 itu
Tapi nyeyenyee jadi seperti gak mau tau aja",['txtdrimedia'],Mon Jul 20 10:46:33 +0000 2026,53,2,0,0,1831.0,1039542792953810945,oopawenger,hororer_,2490,False
https://x.com/ardisatriawan/status/2079031883900633488?s=20,2079031883900633488,2079286804407361732,"Dengar2 jika ada sekolah yg viralin ato mempertanyakan menu MBG, bisa di stop tuh MBG",['ardisatriawan'],Mon Jul 20 19:26:20 +0000 2026,0,0,0,0,34.0,1606916636837318660,jr_boyke,乃のﾘズ乇_刀ﾑﾉ刀ムムのﾚﾑ刀_ﾌ尺,99,False
https://x.com/Naandaa27/status/2077672020863533184?s=20,2077672020863533184,2077714272533262529,Nampaknya dengan pergantian kepala  badan gizi nasional dari DH ke NSD sama aja gaada perbaikan signifikan 🙈,['Naandaa27'],Thu Jul 16 11:17:39 +0000 2026,0,0,1,0,1000.0,2020299269840965633,onchainok,OnchainOK,1039,False
https://x.com/PartaiSocmed/status/2079853104879837373?s=20,2079853104879837373,2079876344146436390,Transparansi besar-besaran yoww,['PartaiSocmed'],Wed Jul 22 10:28:57 +0000 2026,9,2,0,1,3293.0,2316984266,caliefx_,Explainit,150,False
https://x.com/regar_op0sisi/status/2079208098141794557?s=20,2079208098141794557,2079728108530532678,"Presiden kok dableq. 
Dikiritik bukan nya evaluasi. 
Ank"" ngak perlu MBG, rakyat menuntut janji 19 jt lap pekerjaan. Kl orng tua bekerja &amp; py penghasilan, orng tua bs ksh makan yg lebih baik.
Dr sekian visi misi cm 1 yg terealisasi. dan aneh nya tni, polri sm partai py dapur.","['regar_op0sisi', 'prabowo']",Wed Jul 22 00:39:55 +0000 2026,0,0,0,0,25.0,1605179515084607489,komaria_cocom,Komaria Cocom,1517,False
https://x.com/ardisatriawan/status/2080621729022693665?s=20,2080621729022693665,2080622244301283333,Iya urgent bangett..,['reyhan1501'],Fri Jul 24 11:52:53 +0000 2026,0,0,1,0,197.0,170542374,ardisatriawan,Ardianto Satriawan,100235,True
https://x.com/kompascom/status/2079052174693441955?s=20,2079052174693441955,2079834777801400777,"kayaknya klo ngelola sih siapa aja ya. asal pengelolaannya profesional dan insentif yg diberikan jg prooporsional. 

daripada instansi mencari2 penghasilan dari mainin APBN, malak rakyat praktek fraud lainnya lebih baik pake cara legal tapi tetap profesional",['kompascom'],Wed Jul 22 07:43:47 +0000 2026,0,0,0,0,3.0,59941858,herimeguaire,drp,911,True
https://x.com/regar_op0sisi/status/2079741597135372765?s=20,2079741597135372765,2079964658811957477,Penjahat https://t.co/87bR3cZGFL,['regar_op0sisi'],Wed Jul 22 16:19:53 +0000 2026,13,7,0,0,460.0,1275361811060019201,BuchroniK,buchino®,1463,False
https://x.com/JVLEHA/status/2079800619280605645?s=20,2079800619280605645,2079861530099937719,"Wkwk kak udah ganti kepala bgn, coba request ke yg baru",['JVLEHA'],Wed Jul 22 09:30:05 +0000 2026,0,0,1,0,1152.0,2031372714892730368,rainrianni,Ririii,759,True
https://x.com/txtdrimedia/status/2079154852257513702?s=20,2079154852257513702,2079157126078050509,"kritik MBG terlalu keras karena potensi korupsinya sangat besar, dari DADAN saja bisa dapat keuntungan estimasi 1 Milyar perhari

eh... tapi kang DADAN sekarang dimana ya?
gak kelihatan nih batang hidungnya, apa lagi cosplay jaadi FEBRI ?",['txtdrimedia'],Mon Jul 20 10:51:02 +0000 2026,46,4,0,0,2638.0,848654573120217089,zepy93,Curhat Invest,3012,True
https://x.com/PartaiSocmed/status/2079853104879837373?s=20,2079853104879837373,2079884890213171607,"Bayangin
Per titik 350juta
Dan yayasan under ijo atau coklat
Mereka dah bangun SPPG, Dah bayar 350juta
Beli ompreng kemereka dengan harga sesuka mereka.

Anggep aja tiap kabupaten ada 20 dapur deh.
Kalikan aja sepulau jawa. Apa gak pusing itu nanik dkk 😂😂😂",['PartaiSocmed'],Wed Jul 22 11:02:54 +0000 2026,13,1,0,0,2407.0,1795177551536775168,nama_b91,Mules,92,False
https://x.com/ardisatriawan/status/2079031883900633488?s=20,2079031883900633488,2079059041326973110,dengan adanyan MBG mereka jadi ada tenaga untuk berjalan ke sekolah tetangga ☺️,['ardisatriawan'],Mon Jul 20 04:21:17 +0000 2026,0,0,0,0,35.0,2027787669070372864,ramyeongurl,라라🌻,1109,False
https://x.com/LambeSahamjja/status/2081381717244555418?s=20,2081381717244555418,2081520722875429260,"emang beneran cara berpikirnya gitu apa sengaja naikin MBG - MBG aja sih, bingung sumpah",['LambeSahamjja'],Sun Jul 26 23:23:07 +0000 2026,0,0,0,0,1844.0,1477112602329182209,IamMiizvd,Iam.Mii,8,False
https://x.com/Naandaa27/status/2077672020863533184?s=20,2077672020863533184,2077766454456582341,Dari awal proyek ini sdh menuai byk kontroversi. Dan tdk pnh ada koreksi malah jd ajang korupsi,['onchainok'],Thu Jul 16 14:45:00 +0000 2026,0,0,0,0,840.0,1259753320152887296,Naandaa27,Nda ! 🧳,14248,True
https://x.com/ardisatriawan/status/2080621729022693665?s=20,2080621729022693665,2080622644442149113,"sekarang malah nambah bikin univ. udah gatau lagi gmn cara ngasih liat ini ke pemerintah. padahal katanya meraka ga buta dan ga tuli. iya sih gabuta, ga tuli, tapi cuma gapeduli aja 💔",['ardisatriawan'],Fri Jul 24 11:54:29 +0000 2026,3,0,1,0,310.0,1133899075810578433,awaaannnn__,fin,11888,True
https://x.com/tempodotco/status/2079899270199595250?s=20,2079899270199595250,2079925286918033803,"Loyalis partai, tidak punya dapur tapi partainya punya dapur paling banyak, harusnya paham arahnya kemana, berbagi rente yang disepakati dan dilindungi memang paling gurih",['tempodotco'],Wed Jul 22 13:43:26 +0000 2026,126,7,0,0,2719.0,1731202258015318016,BroNDRONG,ᵣₑｚᵢₘｂₐｂᵢｂᵤₜₐｗₜｆ,14,False
https://x.com/regar_op0sisi/status/2079741597135372765?s=20,2079741597135372765,2079744808374173703,"Lha waktu beli kok bisa nggak pakai perencanaan dulu, ngasal. Mana rakyat gak berdaya lagi",['regar_op0sisi'],Wed Jul 22 01:46:16 +0000 2026,11,0,0,0,365.0,2058557635524546560,bukanfufufafah,Mis Gibrin,1124,True
https://x.com/regar_op0sisi/status/2079208098141794557?s=20,2079208098141794557,2079768137730572500,"Jika benar ada kasus, itu harus segera diusut, tetapi  jika tidak disertai data valid, pernyataan ini berpotensi menyesatkan  publik dan menciptakan kepanikan","['regar_op0sisi', 'prabowo']",Wed Jul 22 03:18:58 +0000 2026,0,0,0,0,9.0,1927094848470855680,padriansyah952,Prayoga Adriansyah,8,False
https://x.com/JVLEHA/status/2079800619280605645?s=20,2079800619280605645,2079875464240517495,DEM ga lama abis bikin tweet ini berita Bu Nanik mengundurkan diri naik. Berarti hebat mulut gwe teh,['rainrianni'],Wed Jul 22 10:25:27 +0000 2026,0,0,0,0,957.0,181896677,JVLEHA,Galちゃん - 嘉璐,43482,True
https://x.com/PartaiSocmed/status/2079853104879837373?s=20,2079853104879837373,2079926370122264702,"Seandainya  Model MBG diterapin ala Anies ya itu dikasih ke sekolah masing2 dan MBG dikelola ortu siswa/ ibu2 pkk setempat 

Maka hasilnya ga akan seribet ini dan duit negara ga akan boncos spt sekarang

Sekarang MBG,Next Kopdes dan Sekolah Rakyat",['PartaiSocmed'],Wed Jul 22 13:47:44 +0000 2026,11,0,5,0,3559.0,1826940995948470272,EkosMarcos69239,EMC,229,False
https://x.com/Naandaa27/status/2077672020863533184?s=20,2077672020863533184,2077760733534945697,"Langsung penjarakan saja semua , sidak SPpG nya",['Naandaa27'],Thu Jul 16 14:22:16 +0000 2026,1,0,1,0,320.0,721590341669748736,OmJ_J3Nggott,𝐎𝐦𝐉_𝙹eռɢɢօtȶ,52636,True
https://x.com/LambeSahamjja/status/2081381717244555418?s=20,2081381717244555418,2081500151051698268,ini orang siapa sih? kok tumpul amat pemikiran nya,['LambeSahamjja'],Sun Jul 26 22:01:23 +0000 2026,0,0,0,0,464.0,27992888,bluerock38,Kaituu,6,False
https://x.com/ardisatriawan/status/2080621729022693665?s=20,2080621729022693665,2080630199180472689,"Padahal univ udah banyak.
Knp gak duitnya buat nambah beasiswa, dana riset atau gaji dosen dlu. Yg udah ada dlu dibenerin",['awaaannnn__'],Fri Jul 24 12:24:30 +0000 2026,2,0,0,0,214.0,170542374,ardisatriawan,Ardianto Satriawan,100235,True
https://x.com/regar_op0sisi/status/2079208098141794557?s=20,2079208098141794557,2079468538218369154,"Harusnya sudah dapat data di lapangan dan data survei bisa dijadikan indikator MBG ini bagaimana efektifitasnya

https://t.co/h3XnCJH0jL","['regar_op0sisi', 'prabowo']",Tue Jul 21 07:28:28 +0000 2026,1,0,0,0,68.0,1079734702414516225,sibambaang,Bambang,8548,True
https://x.com/regar_op0sisi/status/2079741597135372765?s=20,2079741597135372765,2079767591774785866,"ini sih namanya ""asal beli""/ belanja asal2an. https://t.co/0DWxAAwNbB",['regar_op0sisi'],Wed Jul 22 03:16:48 +0000 2026,7,1,0,0,588.0,2467110139,CahyoMahanani,Nurcahyo Mahanani,201,False
https://x.com/kompascom/status/2079052174693441955?s=20,2079052174693441955,2079464286188109924,dlm kondisi darurat atau butuh gerak cepet emang tni polri yg paling siap sarana prasarananya menurut saya ini solusi praktis sih,['kompascom'],Tue Jul 21 07:11:35 +0000 2026,0,0,0,0,21.0,1922349385251487744,SyntiaVany25143,Vanya Syntia,0,False
https://x.com/JVLEHA/status/2079800619280605645?s=20,2079800619280605645,2079860090279194746,Lucu terusssss ih,['JVLEHA'],Wed Jul 22 09:24:22 +0000 2026,0,0,1,0,478.0,113543902,ulyszm,ulys ♡,1617,False
https://x.com/Naandaa27/status/2077672020863533184?s=20,2077672020863533184,2077766829657981198,"Semua kasus keracunan MBG, tdk pnh ada tersangkanya. Gmna mau dipenjara 😬",['OmJ_J3Nggott'],Thu Jul 16 14:46:29 +0000 2026,0,0,0,0,251.0,1259753320152887296,Naandaa27,Nda ! 🧳,14248,True
https://x.com/LambeSahamjja/status/2081381717244555418?s=20,2081381717244555418,2081570323233906953,"Kemarin waktu mbg distop bbrp waktu, terbukti yg kelaparan bukan anak2 sekolah, tapi orang2 berduit pemilik dapur mbg.",['LambeSahamjja'],Mon Jul 27 02:40:13 +0000 2026,1,0,0,0,655.0,1165414212337668097,Jnp42912580,Jnp,6,False
https://x.com/regar_op0sisi/status/2079741597135372765?s=20,2079741597135372765,2079744836060819617,"Segitu mudahnya buang2 anggaran, ngerasa gampang kali ya dapet pemasukannya. Tapi emang gampang sih, tinggal keluarin aja pungutan pajak ini itu ke rakyat.",['regar_op0sisi'],Wed Jul 22 01:46:23 +0000 2026,6,0,0,0,545.0,2051863334761406464,kucingmakelar,jejak si cechev,1934,False
https://x.com/ardisatriawan/status/2080621729022693665?s=20,2080621729022693665,2080626023436329425,"Asi bang, sppg dibangun bagus anggaran besar, makan disediakan apalah gunanya kalo akses ke sekolah sulit, bangunan ada yg hampir roboh, belum lagi pepustakaan sekolah ada yg dirobohkan jadi kopdes
https://t.co/sqqR0hI8nL",['ardisatriawan'],Fri Jul 24 12:07:54 +0000 2026,2,0,0,0,170.0,2065081328673169408,aermeneeral,toepick,2078,True
https://x.com/regar_op0sisi/status/2079208098141794557?s=20,2079208098141794557,2079425091453276663,"Bukan Egois tapi NPD ,Dimensia  Alzheimer Stadim Lanjut mendekati Game over ;
https://t.co/mqxXbOyAp6","['regar_op0sisi', 'prabowo']",Tue Jul 21 04:35:50 +0000 2026,1,0,1,0,55.0,1604088193196109826,wibisonoys,"Jusuf Wibisono,SH.MM.MH",1258,True
https://x.com/txtdrimedia/status/2079154852257513702?s=20,2079154852257513702,2079172480665858261,"DARI MANA DIEM NYA!?!?! lu mo curang, ga adil, info org bocor, dll KITA SELALU NGMNG PAK. KITA PUNYA SUARA. CUMAN BAPAK SAMA ANTEK ANTEK SETAN BAPAK ITU GAPUNYA TELINGA. https://t.co/VL8zb7AbrU",['txtdrimedia'],Mon Jul 20 11:52:03 +0000 2026,21,5,0,1,2074.0,1141654043703386112,pjwoocue,🧸ྀི 𝐚𝐫𝐚𝐚.☘︎ ݁˖,3262,False
https://x.com/Naandaa27/status/2077672020863533184?s=20,2077672020863533184,2077893911121629254,"Dari awal program ini emang sdh ga jelas dan amburadul...coba cek pegawai MBG dan SPPG asal comot dan tdk punya background atau pengetahuan tentang makanan, jadilah makanan yg tdk layak konsumsi sementara dapur cuma mengejar intensif 6 jt perhari, hentikan program ini ga ada guna",['Naandaa27'],Thu Jul 16 23:11:28 +0000 2026,2,0,0,0,37.0,2171926034,eddysutrisno08,eddie soetrisno,132,False
https://x.com/ardisatriawan/status/2079031883900633488?s=20,2079031883900633488,2079034118575378827,Gapapa atap sekolahnya ambruk asal perut bisa kenyang jadi belajae bisa tenang kwkwkwk,['ardisatriawan'],Mon Jul 20 02:42:15 +0000 2026,1,0,0,0,68.0,1100658761650163713,isitapiapa,Manusia setengah superman,151,True
https://x.com/JVLEHA/status/2079800619280605645?s=20,2079800619280605645,2079867624985649659,Semakin lucu semakin stres,['ulyszm'],Wed Jul 22 09:54:18 +0000 2026,0,0,0,0,404.0,181896677,JVLEHA,Galちゃん - 嘉璐,43482,True
https://x.com/ardisatriawan/status/2080621729022693665?s=20,2080621729022693665,2080880455520514265,"Jika melihat kenyataan seperti ini, kami hanya bisa bilang bahwa pak @prabowo memang BANG5AT.
Yang dia pikirkan cuma perutnya sendiri dan kroni kroninya saja. https://t.co/UqSBvBVvdG",['ardisatriawan'],Sat Jul 25 04:58:56 +0000 2026,0,0,0,0,41.0,1071871603829424128,papa_sheva,🇮🇩Papa Sheva🇮🇩,1314,False
https://x.com/tempodotco/status/2079899270199595250?s=20,2079899270199595250,2079908797364183064,"tetep bukan itu standar nya ya kocak, gausah meromantisasi 'gapunya dapur'",['tempodotco'],Wed Jul 22 12:37:54 +0000 2026,71,2,1,0,1968.0,1254884245920600064,loeyhatake,istrinya kakashi,94,False
https://x.com/PartaiSocmed/status/2079853104879837373?s=20,2079853104879837373,2079876639459295600,"masih moratoriumkah? 2 dapur temenku yg titiknya hasil beli udah mulai start bangun lagi, sempat terhenti pas Dadan cs ketangkep.",['PartaiSocmed'],Wed Jul 22 10:30:07 +0000 2026,3,1,0,0,1310.0,798310423,jedmosely,🤣🤣🤣🤣,441,False
https://x.com/regar_op0sisi/status/2079208098141794557?s=20,2079208098141794557,2079366388469408117,coba tanya ke mereka ini.. butuh sekolah dan sarana lainnya apa MBG?? yakin 10000000% jawabnya gedung sekolah dan jembatan yg layak.. tapi kalian menutup mata https://t.co/k8Yf1OPUMk,"['regar_op0sisi', 'prabowo']",Tue Jul 21 00:42:34 +0000 2026,0,4,0,0,135.0,1145988139342655488,iman_hzl19,Iman Hzl,20,False
https://x.com/regar_op0sisi/status/2079741597135372765?s=20,2079741597135372765,2079856718050423130,"Ini yg ngomong katanya Jago keuangan dari BPKP, si Dadan korupsi dia gak tau, padahal dia jago as udit, percuma punya sertifikasi banyak tapi sibuk mencari pembenaran timbang menyatakan kebenaran, liat IKN juga dibangun dari ambisi, diingatkan juga gak digubris, liat hasilnya",['regar_op0sisi'],Wed Jul 22 09:10:58 +0000 2026,6,0,0,0,272.0,1726185234755166208,PrasSumart61663,PIN201123,12,False
https://x.com/Naandaa27/status/2077672020863533184?s=20,2077672020863533184,2077730067397132586,"Itu pasti yg mengelola monyet berwujud manusia, makanan sisa2 di dn busuk yg di kasihkan, semoga manusia Zolim nya mendapatkan azzab !!!",['Naandaa27'],Thu Jul 16 12:20:25 +0000 2026,2,0,0,0,124.0,1474713304534683648,WorldCrypto99,Crypto99,355,False
https://x.com/JVLEHA/status/2079800619280605645?s=20,2079800619280605645,2079802359358857425,tahu gejrot,['JVLEHA'],Wed Jul 22 05:34:57 +0000 2026,0,0,1,0,700.0,285868083,muflihfaqih,groth,6540,True
https://x.com/kompascom/status/2079052174693441955?s=20,2079052174693441955,2079464176523907325,pelan2 juga pasti dievaluasi kok ini kan program baru bgt jd butuh pondasi yg kuat dulu makanya minta bantuan institusi yg udh siap,['kompascom'],Tue Jul 21 07:11:08 +0000 2026,0,0,0,0,22.0,1921979703994548225,JasmineNay25078,Jasmine Nayesha,0,False
https://x.com/PartaiSocmed/status/2079853104879837373?s=20,2079853104879837373,2079861869104464342,"Selain teror, jangan sampai jantungan karena keterlibatannya sama di Dadan",['PartaiSocmed'],Wed Jul 22 09:31:26 +0000 2026,6,0,0,0,2018.0,554861243,Ruang79,RK,106,False
https://x.com/Naandaa27/status/2077672020863533184?s=20,2077672020863533184,2077873693624308189,3 Minggu masa liburan kemarin.. ga ada berita anak2 mual2 atau keracunan habis memakan masakan orang tua atau jajan makanan.. eh ini baru masuk sekolah udh ada kejadian anak2 mual2 atau keracunan habis santap menu MBG,['Naandaa27'],Thu Jul 16 21:51:08 +0000 2026,1,0,0,0,90.0,2061239048770039808,khuluqajjakhulu,khuluq,1,False
https://x.com/ardisatriawan/status/2079031883900633488?s=20,2079031883900633488,2079039106320130550,loh iya bangun Sekolah kan perlu makanan? klo laper kan lemes gak bisa ngebangun,['ardisatriawan'],Mon Jul 20 03:02:04 +0000 2026,0,0,0,0,74.0,1980599224988499968,lakubawana,laku n.,2446,True
https://x.com/LambeSahamjja/status/2081381717244555418?s=20,2081381717244555418,2081578169363243039,mbg hanya sekali makan untuk anak yang ber sekolah. dampak buruk buat kebutuhan pangan naik sehingga sulit dijangkau kalangan bawah. akhir kata Putra bajingan goblokk,['LambeSahamjja'],Mon Jul 27 03:11:24 +0000 2026,0,0,1,0,275.0,1656906842,Cimmengmeng,Matthew,184,False
https://x.com/regar_op0sisi/status/2079741597135372765?s=20,2079741597135372765,2079842507719127093,"Andai dipakai untuk bantu rakyat yang tidak lagi mampu membayar hutang. 

Ada yg menulis surat mohon bantuan, sudah satu tahun, tak ada kejelasan. Entah sampai atau tidak. Sementara si rakyat semakin dihimpit centeng centeng penagih hutang. 

Bagaimana tak menjerit?",['regar_op0sisi'],Wed Jul 22 08:14:30 +0000 2026,4,1,0,0,265.0,579089730,NKRIndonesia79,RHz - PatriotSoedirman79,4326,False
https://x.com/JVLEHA/status/2079800619280605645?s=20,2079800619280605645,2079872386346938825,Buset mang ada???,['muflihfaqih'],Wed Jul 22 10:13:13 +0000 2026,0,0,0,0,522.0,181896677,JVLEHA,Galちゃん - 嘉璐,43483,True
https://x.com/ardisatriawan/status/2080621729022693665?s=20,2080621729022693665,2080630103638503574,"Biar kuat melewati ninja warior setiap hari

https://t.co/OjS3fiDLmC",['ardisatriawan'],Fri Jul 24 12:24:07 +0000 2026,1,0,0,0,45.0,2069023423540674560,grhororer,txt guru honorer,1091,True
https://x.com/regar_op0sisi/status/2079208098141794557?s=20,2079208098141794557,2079412621099634981,Wowo n antek2nya selalu menggeser isu yg disuarakan masyarakat soal PROSES PELAKSANAAN proyek MBG ke seakan masyarakat menentang konsepnya. Ntah bodoh ntah bebal ini,"['regar_op0sisi', 'prabowo']",Tue Jul 21 03:46:17 +0000 2026,0,0,0,0,35.0,1647571685036654593,JayaManula,Jaya Manula,81,False
https://x.com/regar_op0sisi/status/2079741597135372765?s=20,2079741597135372765,2079772840849776733,"Semua kebobrokan dicari pembenarannya. Beli motornya bermasalah, tinggal dibatalkan. Knp jadi repot mikirin gimana mau dimanfaatkan? 
Rezim bodoh sampai ke tulang.",['regar_op0sisi'],Wed Jul 22 03:37:40 +0000 2026,5,0,0,0,322.0,1830466840860282880,YahyaAbdRmn,NKRIdarurat,413,False
https://x.com/Naandaa27/status/2077672020863533184?s=20,2077672020863533184,2077729872605311099,"emang paling bener masakan mama, dulu waktu sma sering banget di bawain bekal sm mama.",['Naandaa27'],Thu Jul 16 12:19:38 +0000 2026,1,0,0,0,150.0,1292434345395855360,pinklipstick28,jahh,13,False
https://x.com/ardisatriawan/status/2079031883900633488?s=20,2079031883900633488,2079461042439299272,Kalau mau bodoh telen aja sendiri gausah ajak2 generasi bangsa.@prabowo,['ardisatriawan'],Tue Jul 21 06:58:41 +0000 2026,0,0,0,0,16.0,455255257,iimichi1_555,I Cast a Spell on You🎣🍉,189,False
https://x.com/LambeSahamjja/status/2081381717244555418?s=20,2081381717244555418,2081540916209430973,"Namanya juga orang nyawit, apapun dilakukan meskipun kudu  mencacatkan diri dalam berfikir kausalitas, entah atau memang. Gk sampek logikanya heheheh",['LambeSahamjja'],Mon Jul 27 00:43:22 +0000 2026,0,0,0,0,612.0,432095958,kndaru,kusuma Ndaru,91,False
https://x.com/JVLEHA/status/2079800619280605645?s=20,2079800619280605645,2079864678788817132,ganti jadi nanik ra deyang,['JVLEHA'],Wed Jul 22 09:42:36 +0000 2026,0,0,1,0,634.0,1917234337608769536,buawok,Buawok,12,False
https://x.com/tempodotco/status/2079899270199595250?s=20,2079899270199595250,2079939915698331848,"*Pernah juga merangkap sebagai Komisaris Utama Pupuk Indonesia
*merupakan mantan asisten pribadi Prabowo Subianto
*Ia merupakan CEO Garuda TV, CEO PT Nusantara Telematics System, CEO PT Indonesian Defense and Security Technologies, chairman PT Sahabat Sejati Sejahtera Farma",['tempodotco'],Wed Jul 22 14:41:33 +0000 2026,17,1,0,1,1323.0,2934603188,jibrotmaladi,Danis Maladi,11,False
https://x.com/regar_op0sisi/status/2079741597135372765?s=20,2079741597135372765,2079800672904708508,Maap2 nih yak numpang nanya. APBN yg asalnya dari pajek rakyat ada laporan keuangan dan pertanggung jawaban ga sih kek dulu jaman Habibi dihujat dihina Dina. Kok kek ga pernah ada dah. Dan gaboleh nuntut yak kalo nyeleweng2 gitu. Kek KPI2 gitulah. Outputnya apa loh.,['regar_op0sisi'],Wed Jul 22 05:28:15 +0000 2026,4,0,0,0,605.0,307620409,Fikrimakhluf,FikrMakhluf,169,False
https://x.com/kompascom/status/2079052174693441955?s=20,2079052174693441955,2079464464613785962,ya emang butuh ketegangan n disiplin tinggi buat nyiapin porsi sebanyak itu jd wajar kalo institusi yg siap dulu yg maju,['kompascom'],Tue Jul 21 07:12:17 +0000 2026,0,0,0,0,19.0,1934997644608487424,AzkaPenelo85079,AzahraPenelopeAzka,0,False
https://x.com/Naandaa27/status/2077672020863533184?s=20,2077672020863533184,2077720109628739631,WAH KERJAAN ANTEK2 ASENG INI PASTI...,['Naandaa27'],Thu Jul 16 11:40:50 +0000 2026,1,0,0,0,127.0,1521319372673159168,anzdiza888,Anzdiza888,23,False
https://x.com/regar_op0sisi/status/2079208098141794557?s=20,2079208098141794557,2079415054609584283,"Secara psikologis, gerakan mengacungkan jari telunjuk saat berbicara atau berpidato adalah bentuk bahasa tubuh non-verbal yang sangat kuat.
KEINGINAN MENEGASKAN, DOMINASI DAN OTORITAS","['regar_op0sisi', 'prabowo']",Tue Jul 21 03:55:57 +0000 2026,0,1,0,0,42.0,3282227820,bayukusnadi91,byu,70,False
https://x.com/ardisatriawan/status/2080621729022693665?s=20,2080621729022693665,2080673661716193736,"yang ngasih MBG juga ga nyambung udah tau jembatan mau roboh masih aja perbanyak kopdes juga, bantu lah pembangunan sekolah dan jembatannya agar siswa sekolahnya bisa nyaman dan aman dalam belajar.",['ardisatriawan'],Fri Jul 24 15:17:12 +0000 2026,0,0,0,0,53.0,4817767844,kfcrispi,R,2264,True
https://x.com/JVLEHA/status/2079800619280605645?s=20,2079800619280605645,2079872670217482269,Jomblo,['buawok'],Wed Jul 22 10:14:21 +0000 2026,0,0,0,0,547.0,181896677,JVLEHA,Galちゃん - 嘉璐,43483,True
https://x.com/tempodotco/status/2079899270199595250?s=20,2079899270199595250,2079912299406803236,Maling ngaku penjara penuh ehh hotel penuh. penjaranya juga kek hotel. biji hangat,['tempodotco'],Wed Jul 22 12:51:49 +0000 2026,1,1,0,0,1221.0,1657952790239674369,AaRohman1978,A Rohman🚢,713,False
https://x.com/ardisatriawan/status/2079031883900633488?s=20,2079031883900633488,2079320560337908138,"Apapun masalahnya, solusinya tetap “mbg jalan” wkwkwkw",['ardisatriawan'],Mon Jul 20 21:40:28 +0000 2026,0,0,0,0,53.0,2074794929029861376,ketawakanlu,Shafira,736,True
https://x.com/LambeSahamjja/status/2081381717244555418?s=20,2081381717244555418,2081545731761164714,"Nyenyenyee . .  Tol*l banget asli, kebanyakan ngurusin perut doang yaa gitu. Kalau emang bener MBG bisa jadi ""penyelamat"", (alm. bapak) ga mungkin bertindak seperti itu. Ini program udah jalan 1thnan. Mana dampaknya?! Cuman bikin rusuh aja. Makanan 8rban mana bergizinya si?!",['LambeSahamjja'],Mon Jul 27 01:02:30 +0000 2026,0,0,0,0,963.0,1962432743993909249,Kopisusulesssgr,Yang less less aja,56,False
https://x.com/JVLEHA/status/2079800619280605645?s=20,2079800619280605645,2079873949425651936,Nanik nya beda https://t.co/DGRERoMD4t,['JVLEHA'],Wed Jul 22 10:19:26 +0000 2026,1,0,0,0,87.0,982409544256045056,eajmeowmeow,tin🐣 🦊 🍀,2576,True
https://x.com/regar_op0sisi/status/2079741597135372765?s=20,2079741597135372765,2080120611167432812,https://t.co/ymepJSE5ef,['regar_op0sisi'],Thu Jul 23 02:39:35 +0000 2026,2,1,0,0,159.0,1799927529396129792,jualmobilsolo13,🅳🆄🅻🆄 🆂🅰🆈🅰 🅷🅸🅶🅷🅻🅰🅽🅳🅴🆁,64,False
https://x.com/ardisatriawan/status/2079031883900633488?s=20,2079031883900633488,2079057181710942331,"Gapapa, kalo jembatan dan jalan aja bisa diselesaikan dengan MBG. Ini cuma atap. Bisa lah, pake MBG juga.",['ardisatriawan'],Mon Jul 20 04:13:53 +0000 2026,0,0,0,0,101.0,3168852638,eitteun,senja. 𖹭,174,False
https://x.com/kompascom/status/2079052174693441955?s=20,2079052174693441955,2079464234447204761,wajar aja sih kan tni polri punya rantai komando yg jelas jd pembagian makanannya lbh teratur n ga berantakan di lapangan,['kompascom'],Tue Jul 21 07:11:22 +0000 2026,0,0,0,0,17.0,1921979935587254272,AlikaSaphi64465,Alika Saphira,0,False
https://x.com/Naandaa27/status/2077672020863533184?s=20,2077672020863533184,2078329906241696230,"dulu sblm ada anti biotik ibu hamil meninggal saat ngelahirin Karena kuman dari darah seprai kotor dll, bertahun tahun baru di ketahui sebab nya, lah ini MBG baru seumur jagung pengen higienis ngarep u bijiq",['Naandaa27'],Sat Jul 18 04:03:57 +0000 2026,0,0,0,0,35.0,1702563143950729216,AzizahKurn40328,Azizah Kurnia,1,False
https://x.com/JVLEHA/status/2079800619280605645?s=20,2079800619280605645,2079945768212062488,"sial, kenapa ada orng yg lebih lucu (stress) drpd gue",['JVLEHA'],Wed Jul 22 15:04:49 +0000 2026,0,0,0,0,31.0,1959916029628530690,Gyuhei004,Heiyu,1,False
https://x.com/regar_op0sisi/status/2079741597135372765?s=20,2079741597135372765,2079767076449972487,"markup harga motor kok bukan korupsi????
herannnnnnn bngetttt",['regar_op0sisi'],Wed Jul 22 03:14:45 +0000 2026,5,0,0,0,191.0,1576390259260026882,Rizkyland_,Rizkyland▫️,1516,True
https://x.com/regar_op0sisi/status/2079208098141794557?s=20,2079208098141794557,2079408808955441347,Mbg bagus. Regulasi dan sop harus terus di evaluasi.. terimakasih menutup kebocoran.. negara sebelah mati kutu. Ggwp. N1,"['regar_op0sisi', 'prabowo']",Tue Jul 21 03:31:08 +0000 2026,0,0,0,0,54.0,635316607,halah_pret,(҂-__-)/├┬┴┬┴┬|,56,False
https://x.com/kompascom/status/2079052174693441955?s=20,2079052174693441955,2079466545823269086,kalo menurut saya ini cuma masalah staging aja kedepan pasti keterlibatan warga lokal diperbesar kok,['kompascom'],Tue Jul 21 07:20:33 +0000 2026,0,0,0,0,18.0,1761407865959354368,E0566739566169,E,1,False
https://x.com/JVLEHA/status/2079800619280605645?s=20,2079800619280605645,2079868940126138705,Takut murid2 ngira gurunya pada resign,['JVLEHA'],Wed Jul 22 09:59:32 +0000 2026,0,0,0,0,91.0,2063563578716868610,Kaptenosas,Pria Multitalenta,520,True
https://x.com/ardisatriawan/status/2080621729022693665?s=20,2080621729022693665,2080622341466595500,"Susah-susah nyawa-nyawaan naik jembatan bambu tiap hari, akhirnya dikasih MBG di sekolah.

Jadi gitu ya konsepnya? Infrastruktur kagak penting, yang penting kenyang.",['ardisatriawan'],Fri Jul 24 11:53:16 +0000 2026,2,0,0,0,53.0,1959783695080173568,robinhuftt,Robin🧙‍♂️,1270,True
https://x.com/LambeSahamjja/status/2081381717244555418?s=20,2081381717244555418,2081568932365029761,"mbg malah bikin ekonomi susah tolol, harga bahan pangan naik tapi gaji ga naik, banyak yang kena PHK karena ekonomi mulai susah",['LambeSahamjja'],Mon Jul 27 02:34:41 +0000 2026,0,0,0,0,260.0,1519493332996476928,Nejioll,Nejio,118,False
https://x.com/tempodotco/status/2079899270199595250?s=20,2079899270199595250,2079917467682398695,"Iyain aja biar kelar

Padahal mah jabatan yg lain masih ada",['tempodotco'],Wed Jul 22 13:12:21 +0000 2026,1,1,0,0,630.0,1184749788,yzan_rn,Lady_Fox,718,True
https://x.com/ardisatriawan/status/2079031883900633488?s=20,2079031883900633488,2079054383577505890,"apaun masalahnya 
solusinya MBG(Modal Bac*t Gede)",['ardisatriawan'],Mon Jul 20 04:02:46 +0000 2026,0,0,0,0,183.0,1995593589842477056,RInad_7311,R. A,950,True
https://x.com/Naandaa27/status/2077672020863533184?s=20,2077672020863533184,2077867364646035561,"@DPR_RI @cnnbrk @tvOneNews 
Udah cape tapi ya sudahlah
Proyek ya",['Naandaa27'],Thu Jul 16 21:25:59 +0000 2026,0,0,0,0,16.0,1672903367247691777,sangdatuk01,Sang_Datuk,1092,False
https://x.com/ardisatriawan/status/2079031883900633488?s=20,2079031883900633488,2079056338706210927,gokil juga atapnya masih terbuat dari anyaman bambu,['ardisatriawan'],Mon Jul 20 04:10:32 +0000 2026,0,0,0,0,57.0,2051942135533080576,reftif_,Reftif,4992,True
https://x.com/JVLEHA/status/2079800619280605645?s=20,2079800619280605645,2079910668283850925,ehh iya kepikiran aja lagi itu satu pisang goreng aja udah kenyang 😅,['JVLEHA'],Wed Jul 22 12:45:20 +0000 2026,0,0,0,0,44.0,1027717866,pinkeugorilla,Ms,200,False
https://x.com/kompascom/status/2079052174693441955?s=20,2079052174693441955,2079509215501320515,"Stop hate, start appreciating MBG! Program kayak gini tuh yang kita butuhin sebenernya ✨",['kompascom'],Tue Jul 21 10:10:07 +0000 2026,0,0,0,0,2.0,43513387,PetriFyed,Jansen,1,False
https://x.com/tempodotco/status/2079899270199595250?s=20,2079899270199595250,2079902132761972755,"Kalo dari segi transparansi bagus sih langsung dijawab biar ga jadi gorengan warganet, semoga nama-nama kerabatnya juga tidak punya juga dapur MBG. Tinggal ditunggu eksekusi dan pengawasannya ke depan biar programnya beneran tepat sasaran",['tempodotco'],Wed Jul 22 12:11:25 +0000 2026,3,0,0,0,1481.0,60836452,khobovoelzhier,Khobo,1729,True
https://x.com/Naandaa27/status/2077672020863533184?s=20,2077672020863533184,2077892452028121233,"Duh, lihat beginian auto bikin mikir dua kali buat makan. 😭 Semoga ini benar-benar jadi perhatian serius, bukan cuma lewat di timeline terus selesai. Yang dibutuhin sekarang bukan saling nyalahin, tapi investigasi yang jelas, perbaikan sistem, dan jaminan kalau makanan yang",['Naandaa27'],Thu Jul 16 23:05:40 +0000 2026,0,0,0,0,67.0,722767711,gladysmrsh,Noni,1187,True
https://x.com/regar_op0sisi/status/2079741597135372765?s=20,2079741597135372765,2080291215657123890,"Ini tuh mudeng nggak sih, segala sesuatu kok asal2an tanpa perencanaan, sekelas negara kok kayak pengurus kelas murid sd kelas 3.was wes wos tanpa mikir, kalo merugikan negara",['regar_op0sisi'],Thu Jul 23 13:57:30 +0000 2026,2,0,0,0,114.0,1536474920,Mbambang07,Ion,14,False
https://x.com/regar_op0sisi/status/2079208098141794557?s=20,2079208098141794557,2079405459635614129,"Kalau sudah usia ya memang bgt itu. Pengkuh...cari menangnya sdr.
Apa maunya harus dituruti. Nggak dituruti  marah..., ngambek....
11-12 dng Trump.","['regar_op0sisi', 'prabowo']",Tue Jul 21 03:17:49 +0000 2026,0,0,0,0,35.0,361743638,JohnMadjie,John Madjie,32,False
https://x.com/txtdrimedia/status/2079154852257513702?s=20,2079154852257513702,2079165966479741398,"Orang munafik atau gimana sih ini. Ngomong demi rakyat, gak mau lihat rakyat miskin, tapi semua omongannya kebalikan dari kenyataan . Dia berkata ttg apa yg tidak dia lakukan, dan dia mengingkari apa yg biasa dia lakukan. Biadab bener",['txtdrimedia'],Mon Jul 20 11:26:10 +0000 2026,23,3,0,0,789.0,1845488486851420160,gedh4nggodhog,KeritikusSwasta,150,False
https://x.com/JVLEHA/status/2079800619280605645?s=20,2079800619280605645,2079866633493864814,Udah diganti kak orangnya,['JVLEHA'],Wed Jul 22 09:50:22 +0000 2026,0,0,0,0,100.0,1726282476736348160,beefsmokerwrr,beef smoke,24,False
https://x.com/LambeSahamjja/status/2081381717244555418?s=20,2081381717244555418,2081583712660271400,"Tolol banget emang, londo2 ireng brengsek! Semoga nanti di yaumul akhir di siksa selamanya!! Dan jangan pernah bilang amin setiap ada doa “ampunilah dosa2 pemimpin kami” jangaaan! Mereka minta maaf pas pakai rompi pesakitan aja itu aja formalitas.",['LambeSahamjja'],Mon Jul 27 03:33:25 +0000 2026,0,0,1,0,370.0,45605371,theapplewhite,Reno Ramadhani,502,False
https://x.com/ardisatriawan/status/2079031883900633488?s=20,2079031883900633488,2079041157292798187,"Penarikan logikanya sangat nyambung, kak. 🫢

“Aduh, sakit kepala ni,” trus minum obat maag.",['ardisatriawan'],Mon Jul 20 03:10:13 +0000 2026,0,0,0,0,43.0,1743949388203151360,Aryuugami,Aryui,1077,True
https://x.com/ardisatriawan/status/2080621729022693665?s=20,2080621729022693665,2080932437492674722,"Kenapa ga jembatan di bangun, lah terus kalau libur anak sekolah ambil MBG juga bgtu, namanya menyeberang sungai dgn taruhan nyawa demi mendapatkan MBG",['ardisatriawan'],Sat Jul 25 08:25:29 +0000 2026,0,0,0,0,19.0,121193707,wmisteryus,WAR WMISTERYUS,30,False
https://x.com/tempodotco/status/2079899270199595250?s=20,2079899270199595250,2080123040567013839,"saya jg gak punya dapur mbg, tapi kenapa saya gak terpilih jadi kepala bgn? 
oh iya, harus jadi loyalis dulu ya pak? 😋",['tempodotco'],Thu Jul 23 02:49:14 +0000 2026,2,0,0,0,569.0,2045147826959548416,Tentang_RasaID,tentang rasa,1327,True
https://x.com/kompascom/status/2079052174693441955?s=20,2079052174693441955,2079510258763059364,"Netizen julid emang hobi banget ya cari celah, padahal MBG udah usaha maksimal loh 💫",['kompascom'],Tue Jul 21 10:14:15 +0000 2026,0,0,0,0,10.0,1388145980177100802,PelyYt,AgentePelyYT,1,False
https://x.com/Naandaa27/status/2077672020863533184?s=20,2077672020863533184,2077941220308086917,"Sumpah ini program bener² harus ditinjau ulang, udah nggak beres sama sekali. Pliss jangan cuma mikirin program jalan tapi pikiran juga sistemnya buat sistem yg bagus jangan ngasal 😭😭
Sedih banget yg jadi korban kayak gini kan anak anak 😭",['Naandaa27'],Fri Jul 17 02:19:27 +0000 2026,1,0,0,0,63.0,709141099,addinnafi,ddin ⋆.˚ ᡣ𐭩 .˚,2950,True
https://x.com/regar_op0sisi/status/2079208098141794557?s=20,2079208098141794557,2079842656960852016,"programnya baik dan bermanfaat, namun perlu pengawasan dari seluruh rakyat agar tidak terjadi penyimpangan","['regar_op0sisi', 'prabowo']",Wed Jul 22 08:15:05 +0000 2026,0,0,0,0,11.0,472541027,goga_lovely,lovely,479,False
https://x.com/regar_op0sisi/status/2079741597135372765?s=20,2079741597135372765,2080053152502759637,Yg penting dpr komisi dr hsl pembelian meski barang gak digunakan,['regar_op0sisi'],Wed Jul 22 22:11:31 +0000 2026,1,0,0,0,45.0,1893372430879727617,no_aryo36371,Pemburu berita 2,433,False
https://x.com/JVLEHA/status/2079800619280605645?s=20,2079800619280605645,2080151570386395597,Lagi2 citizen lucu tercipta dr pemerintah yg tol*l,['JVLEHA'],Thu Jul 23 04:42:36 +0000 2026,0,0,0,0,16.0,884153813392801792,PHapsari36,Paramita Hapsari,211,False
https://x.com/LambeSahamjja/status/2081381717244555418?s=20,2081381717244555418,2081558201997340731,"MBG cuma 1 org 1 kali sehari..sedangkan kebutuhan lebih dr itu, belum dampak kenaikan harga2 akibat MBG jg..tolol emang",['LambeSahamjja'],Mon Jul 27 01:52:03 +0000 2026,0,0,0,0,55.0,1382588420971646976,fat_dinos,youdon'tevenknowme,156,False
https://x.com/tempodotco/status/2079899270199595250?s=20,2079899270199595250,2080161455144579422,Memang tujuannya menjadikan kadernya di posisi kepala. Kemudian MB6  jalan bersamaan dengan strategi 2029,['tempodotco'],Thu Jul 23 05:21:53 +0000 2026,1,0,0,0,367.0,1207167211585986560,Joe_denywijaya,Jonatan DW,30,False
https://x.com/ardisatriawan/status/2079031883900633488?s=20,2079031883900633488,2079033211947282736,"Gagal fokus sama bilik bambunya, bagus euy.",['ardisatriawan'],Mon Jul 20 02:38:38 +0000 2026,0,0,0,0,77.0,1986818348332797952,wardanax19,Mang Aji,1300,True
https://x.com/Naandaa27/status/2077672020863533184?s=20,2077672020863533184,2077782684550787463,Gila beli ayam tiren kah mati kemaren duitnya dipangkas habis habisan,['Naandaa27'],Thu Jul 16 15:49:29 +0000 2026,0,0,0,0,82.0,417010407,sdl_yoy,࣪˖ ִֶָ🐇་༘࿐.𖥔 ݁ ˖🧚🏻‍♀️,2,False
https://x.com/ardisatriawan/status/2080621729022693665?s=20,2080621729022693665,2080652330337280381,Kalori dari MBG-nya langsung habis dibakar pas nyebrang jembatan pulang sekolah. Balance banget ya konsepnya.,['ardisatriawan'],Fri Jul 24 13:52:26 +0000 2026,0,0,0,0,24.0,2059871024783757312,generasilamaya,Generasi Lama,775,True
https://x.com/regar_op0sisi/status/2079208098141794557?s=20,2079208098141794557,2079581887333618001,Lebih ke gengsi sih aki2 ini mah makanya egois,"['regar_op0sisi', 'prabowo']",Tue Jul 21 14:58:53 +0000 2026,0,0,0,0,27.0,1159703751365578752,HargiPratama,Agi Pratama,2616,True
https://x.com/regar_op0sisi/status/2079741597135372765?s=20,2079741597135372765,2080218827674308645,"Mau lepas tanggung jawab, enak betul ngomongnya 😡",['regar_op0sisi'],Thu Jul 23 09:09:51 +0000 2026,1,0,0,0,18.0,68855713,darnanto,Cak Dar,1812,False
https://x.com/kompascom/status/2079052174693441955?s=20,2079052174693441955,2079511325630414864,"Tiap liat hate comment soal MBG bawaannya mau ketawa, lucu banget yang pada sotoy 🤣",['kompascom'],Tue Jul 21 10:18:30 +0000 2026,0,0,0,0,11.0,1573027417219891206,AddigSira,Addig Carolina Encinoza Sira,0,False
https://x.com/JVLEHA/status/2079800619280605645?s=20,2079800619280605645,2079881533775921653,Mendoan mau? Di menu anak TK dan ibu hamil https://t.co/TZp8MA9PH3,['JVLEHA'],Wed Jul 22 10:49:34 +0000 2026,0,0,0,0,88.0,1328338158,aaaini104,breakfastwrapp,962,True
https://x.com/Naandaa27/status/2077672020863533184?s=20,2077672020863533184,2078359182001266737,Pekalongannya mana kak lebih tepatnya?,['Naandaa27'],Sat Jul 18 06:00:17 +0000 2026,0,0,0,0,13.0,1567199838412095489,eroodapurem,Kaikaye_,1,False
https://x.com/kompascom/status/2079052174693441955?s=20,2079052174693441955,2079512601596506419,"Jujurly, MBG itu salah satu program paling oke, jangan dengerin haters yang toxic 💅",['kompascom'],Tue Jul 21 10:23:34 +0000 2026,1,1,0,0,4.0,93556647,keekee0009,ArielBoyd,1,False
https://x.com/regar_op0sisi/status/2079208098141794557?s=20,2079208098141794557,2079361309410566589,"Kenapaa yak dia tuh suka banget ngitungin kesalahan orang yg lalu lalu, merasa di serang, merasa tersakiti lah pdhal dia nih berasa spek malekat yekan, tapi kek gak ngacaa ama kelakuan dia ama dampak2 buruk yg terjadi krna kebijakan2 anomali dia
Allahu akbar 😭","['regar_op0sisi', 'prabowo']",Tue Jul 21 00:22:23 +0000 2026,1,0,0,0,96.0,1509635810572005376,tawonodenk,minoel,46,False
https://x.com/regar_op0sisi/status/2079741597135372765?s=20,2079741597135372765,2079752779955146991,apa iya tidak ada unsur kerugian negara jika barang dibeli dengan harga lebih tinggi?,['regar_op0sisi'],Wed Jul 22 02:17:57 +0000 2026,2,0,0,0,158.0,1654016877436481537,Fahmi_RW,Fahmi_RW,1161,False
https://x.com/ardisatriawan/status/2079031883900633488?s=20,2079031883900633488,2079067167316992149,"Wah justru dengan atapnya ambruk, kita kasih MBG supaya mereka lebih kuat dan sehat buat bersih” ruangan + nukang perbaiki atap. Solusi terbaik 🫱🏻‍🫲🏼🙌🏻",['ardisatriawan'],Mon Jul 20 04:53:34 +0000 2026,0,0,0,0,74.0,92233979,kmadytiab,kama adytia baskara,3224,True
https://x.com/JVLEHA/status/2079800619280605645?s=20,2079800619280605645,2080033173585735721,"Itu nanti rumah se kapling sama tokonya bisa dibeli buat bangun SPPG pisang madu 🤣🤣

Ini aja rumah belakangnya aja dibeli jadi supply barang dari belakang tokonya",['JVLEHA'],Wed Jul 22 20:52:08 +0000 2026,0,0,0,0,35.0,43052752,claudiamulyawan,claudia mulyawan,276,False
https://x.com/Naandaa27/status/2077672020863533184?s=20,2077672020863533184,2078126236816351689,Sip 👍 sesuai karma mbg emang suatu musibah utk generasi anak negeri,['Naandaa27'],Fri Jul 17 14:34:39 +0000 2026,0,0,0,0,27.0,3276772273,arsyaifuly7,Arsyaifully,5,False
https://x.com/ardisatriawan/status/2080621729022693665?s=20,2080621729022693665,2080642301198827832,"jembatan udah rubuh urusan belakangan, yang penting anggaran makan siang cair dulu biar bisa diposting buat laporan.",['ardisatriawan'],Fri Jul 24 13:12:35 +0000 2026,1,0,1,0,25.0,2065049178016043009,bysyasya,syasya,948,True
https://x.com/LambeSahamjja/status/2081381717244555418?s=20,2081381717244555418,2081575968544903280,"NALAARR NYA DIMANA KOK BISA MBG DASAR YG BILANG INI KARENA MBG HATI SAMA OTAK MU KRMANA BANGSATTT MASIH AJA DISANGKUTIN MBG YG GA ADA HUBUNGAN NYA  !!! JUSTRU KARENA MBG SI BAPAK GA PUNYA PEKERJAAN !!!! HARUSNYA DIKASIH LAPANGAN PEKERJAAN SEBANYAK"" NYA SEJAHTERAKAN MEREKA",['LambeSahamjja'],Mon Jul 27 03:02:39 +0000 2026,0,0,0,0,107.0,1917460171602944000,chiko_adam7969,PEJUANG KEBENARAN,56,False
https://x.com/kompascom/status/2079052174693441955?s=20,2079052174693441955,2079817533805465948,Pengawasan publik menjadi bagian penting dalam pelaksanaan program strategis,['kompascom'],Wed Jul 22 06:35:15 +0000 2026,0,0,0,0,2.0,2037031088045109248,azniashaa,Aznira Syasha,0,False
https://x.com/regar_op0sisi/status/2079741597135372765?s=20,2079741597135372765,2080288375479935258,"Parah banget cara berpikirnya, asal2an yang penting beli barangnya, setelah itu baru dipikir barangnya mo dipakai apa……..; trus nunggu usulan dan permintaan dari yg membutuhkan; bagaimana dgn kaos kakinya?",['regar_op0sisi'],Thu Jul 23 13:46:13 +0000 2026,1,0,0,0,51.0,709060193821138945,agusupriyadi89,peradaban rusak karena pemimpinnya,246,False
https://x.com/regar_op0sisi/status/2079208098141794557?s=20,2079208098141794557,2079516141098250304,"Dia type orang yg keras kepala. Tak mau mendengar saran dari rakyatnya 
Lebih percaya sama penjilat dibanding pakar yg memberi informasi akurat.","['regar_op0sisi', 'prabowo']",Tue Jul 21 10:37:38 +0000 2026,0,0,0,0,28.0,372151664,MrHut1,Mr. Loba-loba,49,False
https://x.com/Naandaa27/status/2077672020863533184?s=20,2077672020863533184,2077809575949214079,"solusinya;

1. koordinasikan dengan pihak sekolah dan kepolisian setempat.
2. bawa ke SPPG, datengin kepala SPPG dan semua pegawainya khususnya yang bagian kitchen dan storage.
3. persilakan mereka makan dan dokumentasikan. kalau mereka gak mau makan, bikin rekom tutup SPPG nya.",['Naandaa27'],Thu Jul 16 17:36:21 +0000 2026,1,0,0,0,111.0,1853333206755635200,brotherhoodmax,Micheal Brotherhood Niel,0,False
https://x.com/JVLEHA/status/2079800619280605645?s=20,2079800619280605645,2080141125764198433,GONG WKWKWKW KEPIKIRAN AJA JIRRR,['JVLEHA'],Thu Jul 23 04:01:06 +0000 2026,0,0,0,0,22.0,1830121221792677888,MikhaKayla39511,mikhayla,795,True
https://x.com/ardisatriawan/status/2079031883900633488?s=20,2079031883900633488,2079098735003607354,MBG (Makan Bergizi Gedungnya nyusul),['ardisatriawan'],Mon Jul 20 06:59:00 +0000 2026,0,0,0,0,33.0,2023745291548332032,masbalthazar,Balthazar,1551,True
https://x.com/kompascom/status/2079052174693441955?s=20,2079052174693441955,2079817528633888881,Publik berharap pengelolaan program pemerintah dilakukan secara transparan,['kompascom'],Wed Jul 22 06:35:14 +0000 2026,0,0,0,0,3.0,2010952820766527488,nidakhairunisa,Nida Khairunnisa,0,False
https://x.com/regar_op0sisi/status/2079208098141794557?s=20,2079208098141794557,2079327020358701091,nangkap aguan singkek garong tanah pribumi gak berani kok ngoceh segudang. diturunin mukidi baru nyahok nih orang. mbg perintah dajjal majikannya nih orang buat genosida rakyat indon lewat badogan yang dicampur racun,"['regar_op0sisi', 'prabowo']",Mon Jul 20 22:06:08 +0000 2026,0,0,0,0,95.0,1694067834236870656,oborpolo1,oborpolo,32,False
https://x.com/JVLEHA/status/2079800619280605645?s=20,2079800619280605645,2079947759860510840,"beda nanik ye kak, yang ini ga menggoreng pisang madu tapi menggoreng air mata",['JVLEHA'],Wed Jul 22 15:12:44 +0000 2026,0,0,0,0,32.0,1829680851317395456,bluebi_ru,Biru/ 青い,691,True
https://x.com/regar_op0sisi/status/2079741597135372765?s=20,2079741597135372765,2080156896175005739,"Terlalu mudah ngambil keputusan , pemborosan , sekarang tidak berfungsi ,guoblok",['regar_op0sisi'],Thu Jul 23 05:03:46 +0000 2026,1,0,0,0,53.0,879542095886692352,Eddyfujianto1,Eddyfujianto,6,False
https://x.com/ardisatriawan/status/2080621729022693665?s=20,2080621729022693665,2080665358021869649,Nanti dianter pake truk kopdes juga bisa nih.  Walau jalan agak jauh tapi pake truk kopdes lebih bermanfaat mungkin ya,['ardisatriawan'],Fri Jul 24 14:44:12 +0000 2026,0,0,0,0,30.0,1414623848557813767,AanHealth,RuangAanjanaF,1194,True
https://x.com/Naandaa27/status/2077672020863533184?s=20,2077672020863533184,2078104749933740074,Mana nih Kepala BGN yg paling berairmata.🤣,['Naandaa27'],Fri Jul 17 13:09:16 +0000 2026,0,0,0,0,22.0,1999385990260228098,TeguhYuwon98219,Teguh Yuwono,4,False
https://x.com/ardisatriawan/status/2079031883900633488?s=20,2079031883900633488,2079055684398940243,paling ngga saat kerubuhan atap perutnya ngga kosong.,['ardisatriawan'],Mon Jul 20 04:07:56 +0000 2026,0,0,0,0,64.0,806932273,bLxCoffee,ブラックコーヒー™,2611,True
https://x.com/JVLEHA/status/2079800619280605645?s=20,2079800619280605645,2080138871023800744,keburu resign ibunya hahaha,['JVLEHA'],Thu Jul 23 03:52:08 +0000 2026,0,0,0,0,12.0,741810996,AhmadNurUzayr,mad,256,True
https://x.com/Naandaa27/status/2077672020863533184?s=20,2077672020863533184,2077723903783497754,hayo pasti ayam sisa seblum liburan di pake lagi,['Naandaa27'],Thu Jul 16 11:55:55 +0000 2026,1,0,0,0,191.0,1185792920277774337,_Hax_Jax_,HaxJax,1,False
https://x.com/LambeSahamjja/status/2081381717244555418?s=20,2081381717244555418,2081510871881457703,"Tololnya kebangetan

memang satu keluarga yg makan anak doang? 

Cuma 1x sehari untuk makan?

Cuma butuh makan ga butuh bayar2 yg lain?

Bajingan!",['LambeSahamjja'],Sun Jul 26 22:43:59 +0000 2026,0,0,0,0,273.0,1800712604425637888,highwaytoXLAND,On 🔥,27,False
https://x.com/regar_op0sisi/status/2079741597135372765?s=20,2079741597135372765,2079812761341808969,Ko bisa bisanya ngga ada korupsi?harganya berapa?? Dibeli berapa??? Masuk utek ga.... Klo g masuk utek n ada pihak yg makin kaya yaaa korupsi,['regar_op0sisi'],Wed Jul 22 06:16:18 +0000 2026,1,0,0,0,231.0,1494492248461168640,st_whono,noise_,65,False
https://x.com/ardisatriawan/status/2080621729022693665?s=20,2080621729022693665,2080661043903377610,ahhhh enaknya abis “ninja warior” trus sampe ke sekolah diajak makan makanan buat pengemis,['ardisatriawan'],Fri Jul 24 14:27:04 +0000 2026,0,0,0,0,25.0,1772025481485058048,zharrrrr03,zhar,679,True
https://x.com/kompascom/status/2079052174693441955?s=20,2079052174693441955,2079510385192046700,"Love banget sama visi misi MBG, jangan goyah ya sama komentar receh kayak gitu 💖",['kompascom'],Tue Jul 21 10:14:45 +0000 2026,0,0,0,0,3.0,93173901,neverender12,paulo fajardo,1,False
https://x.com/tempodotco/status/2079899270199595250?s=20,2079899270199595250,2079900961708097656,"Iya yg atas nama dia, lain cerita keluarganya 😂",['tempodotco'],Wed Jul 22 12:06:46 +0000 2026,1,0,0,0,410.0,1886740878494195713,AsterixBook,Jett,123,False
https://x.com/JVLEHA/status/2079800619280605645?s=20,2079800619280605645,2079939165584793691,Satu ompreng isinya pisang doang😭😭😭 tapi enak sihhh 😭😭😭,['JVLEHA'],Wed Jul 22 14:38:35 +0000 2026,0,0,0,0,44.0,909607898384187392,msyannss,🌸,37,False
https://x.com/ardisatriawan/status/2080621729022693665?s=20,2080621729022693665,2080668325210955911,"Jgn sampai jadi pembenaran yg menysatkan:

Mereka berangkat tertatih tatih capek, di sekolah hrs fokus belajar, mk dg MBG anak² bs lbh fokus dan punya tenaga unt nyebrang Sirot unt oulang ke rumah. Coba bayangin kalo MBG ditiadakan, resiko mereka nyebrang gede bgt. (Kata pejabat)",['ardisatriawan'],Fri Jul 24 14:56:00 +0000 2026,1,0,0,0,27.0,1240927773041950721,tissue_______,arisetiawan,219,False
https://x.com/regar_op0sisi/status/2079741597135372765?s=20,2079741597135372765,2080320418511290605,"smoga mereka semua bserta kluarganya merasakan nikmatny keracunan makanan, merasakan miskin dn kesempitan hidup, tidak pernah merasakan ketenangan",['regar_op0sisi'],Thu Jul 23 15:53:32 +0000 2026,1,1,0,0,24.0,306269850,akhifatoni,#PrayforGaza 🍉🍉🍉,376,False
https://x.com/JVLEHA/status/2079800619280605645?s=20,2079800619280605645,2079934737096097976,"Uli goreng sama gemblong juga ga ada kak, kecewa",['JVLEHA'],Wed Jul 22 14:20:59 +0000 2026,0,0,0,0,31.0,1508946769316495360,bprinsip,berita tidak penting,16,False
https://x.com/Naandaa27/status/2077672020863533184?s=20,2077672020863533184,2077715001566183861,"Ya ampun terjadi lagi, lagi, lindungi anak2 kami daei keracunan embege.",['Naandaa27'],Thu Jul 16 11:20:33 +0000 2026,1,0,0,0,169.0,167247908,siapmaju,Penikmatkopisususachetan,7880,True
https://x.com/kompascom/status/2079052174693441955?s=20,2079052174693441955,2079509677289959481,"MBG is the future, jangan dengerin kata haters yang cuma bisa complain doang 🤙",['kompascom'],Tue Jul 21 10:11:57 +0000 2026,0,0,0,0,2.0,1172579651836940288,ahmed56261389,ahmed,0,False
https://x.com/regar_op0sisi/status/2079208098141794557?s=20,2079208098141794557,2079400049352826975,"Yg penting tetap pada narasi ""MBG LANJUT"" sampe kiamatttttt..

Saat nya mahasiswa,rakyat dan semua elemen masyarakat menggunakan akal sehat nya untuk benar2 berjuang membungkam dan menumbangkan kedhaliman","['regar_op0sisi', 'prabowo']",Tue Jul 21 02:56:19 +0000 2026,0,1,0,0,58.0,1889111228712435712,OnXLand,August,162,False
https://x.com/ardisatriawan/status/2080621729022693665?s=20,2080621729022693665,2080635230780809376,"Percuma kenyang makan MBG, tapi mau ke sekolah tarohannya nyawa",['ardisatriawan'],Fri Jul 24 12:44:30 +0000 2026,2,0,0,0,48.0,2068717133966815232,kartulucu,dr. Gaia,2408,True
https://x.com/JVLEHA/status/2079800619280605645?s=20,2079800619280605645,2079907072905482445,Dikira owner Pisang Goreng Madu Bu Nanik yang di Tanjung Duren Grogol?,['JVLEHA'],Wed Jul 22 12:31:03 +0000 2026,0,0,0,0,19.0,563557917,Inaa_Rf,Na,859,True
https://x.com/Naandaa27/status/2077672020863533184?s=20,2077672020863533184,2077750850123124885,"Sekolah bbaru masuk 3-4 hari , MBG udah ada belatung nyee .. 😂😅 ditunggu bulan depan , sapa tau muncuL Gajah 😭",['Naandaa27'],Thu Jul 16 13:43:00 +0000 2026,0,0,0,0,175.0,1643631654395695104,Renzakun,Renza,49,False
https://x.com/regar_op0sisi/status/2079741597135372765?s=20,2079741597135372765,2079837396011712769,Ngapain dibeli tolol!! Pemborosan itu sama dengan merugikan dama dengan korupsi!!! @KPK_RI,['regar_op0sisi'],Wed Jul 22 07:54:11 +0000 2026,1,0,0,0,66.0,1390210504430260226,ErikS_2601,Erik67,226,False
https://x.com/ardisatriawan/status/2080621729022693665?s=20,2080621729022693665,2080624098993115385,"Mau sekolah taruhannya nyawa, sampe sekolah dikasih makan yang high risk pula, semua bertaruh nyawa, presidennya malah sibuk misuh-misuh",['ardisatriawan'],Fri Jul 24 12:00:15 +0000 2026,0,0,0,0,32.0,2017086976210694144,rintik_senyumm,rintik_senyumm,2325,True
https://x.com/Naandaa27/status/2077672020863533184?s=20,2077672020863533184,2077908707854496166,"Ya Allah... Udah gak kaget lagi. 🥲
https://t.co/G4PerHtfLs",['Naandaa27'],Fri Jul 17 00:10:16 +0000 2026,0,0,0,0,61.0,122359991,dzikryalghazaly,Dzikry Al Ghazaly,2210,True
https://x.com/ardisatriawan/status/2079031883900633488?s=20,2079031883900633488,2079054579430563909,ga nyambungnya tuh ga nyambung bangett😭,['ardisatriawan'],Mon Jul 20 04:03:33 +0000 2026,0,0,0,0,18.0,1764221538948243456,lyraaest,Lyraa🌼,1033,True
https://x.com/JVLEHA/status/2079800619280605645?s=20,2079800619280605645,2080140486661308764,"Doain aku jadi warga jkt plis, lum perna nyobain :(",['JVLEHA'],Thu Jul 23 03:58:33 +0000 2026,0,0,0,0,25.0,790016888721985537,antarani_hana,a.m,1385,False
https://x.com/kompascom/status/2079052174693441955?s=20,2079052174693441955,2079512117355684208,Kalian yang nge-hate MBG sebenernya ngerti apa sih? Cuma bisa nyinyir doang 🤡,['kompascom'],Tue Jul 21 10:21:38 +0000 2026,0,0,0,0,2.0,55852837,Sandmanspack,Kyle Sandor,0,False
https://x.com/ardisatriawan/status/2080621729022693665?s=20,2080621729022693665,2080912600225952010,Rela lewati jembatan rusak dan menjadi ninja warrior demi seporsi mbg,['ardisatriawan'],Sat Jul 25 07:06:40 +0000 2026,0,0,0,0,13.0,246799561,NpcCadangan,Mas Oza,929,True
https://x.com/JVLEHA/status/2079800619280605645?s=20,2079800619280605645,2079893191327989928,"Jir ini lah isi percakapan grup gue, pertanyaan nya sama😭",['JVLEHA'],Wed Jul 22 11:35:54 +0000 2026,0,0,0,0,120.0,1247031850536546305,dayeqt,daye,10250,False
https://x.com/tempodotco/status/2079899270199595250?s=20,2079899270199595250,2079913507131211889,"Awasi jgn sampai jd mesin ATM logistik pilpres  2029,pantau emas 74Kg dan Dollar Febri adriansyah apakh itu jga bagian ATM logistik 2029?",['tempodotco'],Wed Jul 22 12:56:37 +0000 2026,0,1,0,0,433.0,962143942228652032,RonyFirngadi,MRF,9,False
https://x.com/regar_op0sisi/status/2079208098141794557?s=20,2079208098141794557,2079416330449797555,"Di bilangin kalo ngga suka program MBG, lawan lagi aja di 2029, bilangin calon lo kalo menang akan stop mbg, itu juga kalo calon lo abah anies berani","['regar_op0sisi', 'prabowo']",Tue Jul 21 04:01:01 +0000 2026,0,0,0,0,29.0,4780916052,CahKeren212,Cah Keren,66,False
https://x.com/ardisatriawan/status/2079031883900633488?s=20,2079031883900633488,2079143818646184196,"untung udah dikasih MBG, kuat deh ngungsi ke sekolah tetangga",['ardisatriawan'],Mon Jul 20 09:58:09 +0000 2026,0,0,0,0,146.0,230198627,evewhobakes,I bake a lot 🥰,495,False
https://x.com/LambeSahamjja/status/2081381717244555418?s=20,2081381717244555418,2081531000837034176,"Dia paham program MBG nya itu sendiri ga si? Jelas jelas buat anak sekolah, kalo bapak nya kelaperan siapa yang kasih makan?",['LambeSahamjja'],Mon Jul 27 00:03:58 +0000 2026,0,0,0,0,104.0,188183067,aiippp95,Arief,192,False
https://x.com/Naandaa27/status/2077672020863533184?s=20,2077672020863533184,2077752456172482825,Balikin dan suruh mereka makan didepan kita2 kak,['Naandaa27'],Thu Jul 16 13:49:22 +0000 2026,0,0,0,0,138.0,2000504028854460416,umbaMahining,Umba Mahining,22,False
https://x.com/kompascom/status/2079052174693441955?s=20,2079052174693441955,2079512125844979955,"Apapun yang terjadi, MBG tetap yang terbaik buat kita semua, semangat ya! 💖",['kompascom'],Tue Jul 21 10:21:40 +0000 2026,0,0,0,0,10.0,1064944964352663552,eKeQiXlxV1HOlxK,신정용,0,False
https://x.com/JVLEHA/status/2079800619280605645?s=20,2079800619280605645,2079927412998238475,DRMI ALLAH????V,['JVLEHA'],Wed Jul 22 13:51:53 +0000 2026,1,1,0,0,24.0,1250634307913146370,haologies,1st⭐️ mt aft dm,51,False
https://x.com/ardisatriawan/status/2080621729022693665?s=20,2080621729022693665,2080640653189665272,Harapannya habis makan biar kuat pengangan sama talinya,['ardisatriawan'],Fri Jul 24 13:06:02 +0000 2026,0,0,0,0,24.0,873372515824877568,warga_konoha62,Kang haye,790,False
https://x.com/tempodotco/status/2079899270199595250?s=20,2079899270199595250,2079901147314434441,"Baguslah, kita dukung kalau benar begitu.",['tempodotco'],Wed Jul 22 12:07:30 +0000 2026,1,0,0,0,334.0,114770040,Robbiekurniaw,Robbie Kurniawan,4157,True
https://x.com/regar_op0sisi/status/2079741597135372765?s=20,2079741597135372765,2079753914900176959,Dikira rakyat kelebihan uang apa dengan seenaknya menggunakannya,['regar_op0sisi'],Wed Jul 22 02:22:27 +0000 2026,1,0,1,0,518.0,1951202706,nunj23,...,1619,True
https://x.com/txtdrimedia/status/2079154852257513702?s=20,2079154852257513702,2079165941364224463,"orang lapar di kasih makan, bukan itu solusinya, memangnya negara mau ngasih makan terus sampai kapan?

harusnya itu didorong untuk menjadi bibit yang unggul dengan pendidikan yang kuat, lapangan kerja yang tersedia.",['txtdrimedia'],Mon Jul 20 11:26:04 +0000 2026,24,0,0,0,1395.0,2063674127924477952,fakreeeeeea,by.rea,1604,True
https://x.com/regar_op0sisi/status/2079208098141794557?s=20,2079208098141794557,2079370687052198004,"Rakyat : kalau bijak, diberi nasehat akan berterima kasih, kalau denial... Akan merasa diserang.","['regar_op0sisi', 'prabowo']",Tue Jul 21 00:59:39 +0000 2026,0,0,0,0,40.0,154002393,liriksoe,Soe,1028,False
https://x.com/ardisatriawan/status/2079031883900633488?s=20,2079031883900633488,2079411994084667900,"atap bagus ga akan mengurangi stunting.
jd ga perlu diperbaiki selama masih ada mamam mamam berazun",['ardisatriawan'],Tue Jul 21 03:43:47 +0000 2026,0,0,0,0,15.0,57566802,GadgetC0rner,KangSerpis,246,False
https://x.com/LambeSahamjja/status/2081381717244555418?s=20,2081381717244555418,2081547593294008704,"Buzer² tuh ga ngotak ya! Lagian logikanya dmn dah?
MBG itu kan utk di sekolah. 1 kali sehari. Dan klo memang iya korban mencuri itu utk kebutuhan sehari². Sangkut part sama MBG apaan dah?",['LambeSahamjja'],Mon Jul 27 01:09:54 +0000 2026,0,0,0,0,1047.0,853085724,CampDit,dtmprm,186,False
https://x.com/kompascom/status/2079052174693441955?s=20,2079052174693441955,2079511181841076673,"MBG top tier sih, gak usah dengerin omongan orang yang gak paham konteks 🗣️",['kompascom'],Tue Jul 21 10:17:55 +0000 2026,0,0,0,0,10.0,241864243,sakakiro,kyoshiro,0,False
https://x.com/Naandaa27/status/2077672020863533184?s=20,2077672020863533184,2077736054287909253,"Ayo pak presiden @prabowo nyinyirin program mbg yang anda banggakan. 
Kalau gak mampu jadi presiden pindah aja ke konoha.",['Naandaa27'],Thu Jul 16 12:44:12 +0000 2026,0,0,0,0,5.0,1121695290275155970,armandosimangu1,Armando,233,False
https://x.com/JVLEHA/status/2079800619280605645?s=20,2079800619280605645,2079903051511632167,Belum ada zuppa soup,"['JVLEHA', 'xNxRxVx']",Wed Jul 22 12:15:04 +0000 2026,1,0,0,0,133.0,1945827079532003328,AndyHusky666,⸸✞𝐍𝐆𝐄𝐓𝐖𝐈𝐓 𝐈𝐊𝐇𝐋𝐀𝐒✞⸸,6640,False
https://x.com/tempodotco/status/2079899270199595250?s=20,2079899270199595250,2080578648332210556,"klo punya dapur emangnya kenapa? emang bisa dpt cuan ? gk mungkin lh kn ini progam buat bantu orang kelaparan, masa dijadiin bisnis mana ada orang gila yg buat gerakan sosial dijadiin bisnis.",['tempodotco'],Fri Jul 24 08:59:39 +0000 2026,0,0,0,0,83.0,2027359760383889408,Rizal885116,Rizal,8,False
https://x.com/regar_op0sisi/status/2079208098141794557?s=20,2079208098141794557,2079403060816933177,"Dia halu dan keras kepala. Cocok jd pimpinan sosialis, komunis yg anti kritik. Yg benar hanya di kepalanya saja","['regar_op0sisi', 'prabowo']",Tue Jul 21 03:08:17 +0000 2026,0,0,0,0,42.0,187182071,white_lyly,○Lily Evans○,122,False
https://x.com/ardisatriawan/status/2079031883900633488?s=20,2079031883900633488,2079071183534968887,"""Tidak ada yang lebih genting dari perut lapar!""",['ardisatriawan'],Mon Jul 20 05:09:32 +0000 2026,0,0,0,0,25.0,133163636,aduapaini,buibu milenial,1013,True
https://x.com/ardisatriawan/status/2080621729022693665?s=20,2080621729022693665,2080636360759886104,"Kalau gini mesti dikasih bekal MBG, soalnya habis nyebrang lapar lagi..",['ardisatriawan'],Fri Jul 24 12:48:59 +0000 2026,0,0,0,0,19.0,2064063876313067520,Backroomix,KEJORA,1035,True
https://x.com/txtdrimedia/status/2079154852257513702?s=20,2079154852257513702,2079155416748167596,"(((Giliran ada kecurangan pada diam))). Kita padahal berisik pak, tapi terlalu sering di-nyenyenye-innn",['txtdrimedia'],Mon Jul 20 10:44:14 +0000 2026,14,0,0,0,660.0,1191213351117803521,harmaxyn,arf,5719,True
https://x.com/JVLEHA/status/2079800619280605645?s=20,2079800619280605645,2079952759034708136,This is peak comedy ✨✨📈 https://t.co/Aw0xaQ86r9,['JVLEHA'],Wed Jul 22 15:32:36 +0000 2026,0,0,0,0,11.0,1911384589626392576,QuickFave,Little Things You Love,1,False
https://x.com/regar_op0sisi/status/2079741597135372765?s=20,2079741597135372765,2080484427646583166,"Harusnya mereka ini di tangkap semua, menghabiskan uang negara Tampa perencanaan beli motor tapi tidak digunakan lalu mau dihibahkan, enak sekali cara menghindar dari kesalahan, MBG selalu menuai masalah harusnya si stop program bobrok ini",['regar_op0sisi'],Fri Jul 24 02:45:15 +0000 2026,0,0,0,0,27.0,3115378926,jakkari1,Zakirman Kari,751,False
https://x.com/tempodotco/status/2079899270199595250?s=20,2079899270199595250,2079943393921400847,"Sekarang belum entah nanti setelah resmi menjabat brp lama
sebernarnya, sayang dapur mgb warisan denyang bisa terlantar klu tidak ada yang ngurus
https://t.co/5qHThdUNvt",['tempodotco'],Wed Jul 22 14:55:23 +0000 2026,0,1,0,0,836.0,1473607825725145090,widarto63285827,Widarto 🇮🇩 #IndonesiaMerdeka,1826,False
https://x.com/ardisatriawan/status/2079031883900633488?s=20,2079031883900633488,2079051105867301194,"""atap sekolah ambruk, anak jadi libur sekolah dan berpotensi lapar. Ayo genjot produksi mbg.""",['ardisatriawan'],Mon Jul 20 03:49:45 +0000 2026,0,0,0,0,54.0,218887410,andrsdwang,Andreas D,98,False
https://x.com/kompascom/status/2079052174693441955?s=20,2079052174693441955,2079511114015179233,"MBG programnya keren banget, yang nge-hate fix iri sama kesuksesannya 🔥",['kompascom'],Tue Jul 21 10:17:39 +0000 2026,0,0,0,0,10.0,1344005118950256642,Fv62995724,Fv,0,False
https://x.com/ardisatriawan/status/2079031883900633488?s=20,2079031883900633488,2079286458377195894,coba aja anggaran embege buat benerin sekola ini,['ardisatriawan'],Mon Jul 20 19:24:57 +0000 2026,0,0,0,0,17.0,1806383448631988224,fasyalalal,fasyaa,7967,True
https://x.com/regar_op0sisi/status/2079208098141794557?s=20,2079208098141794557,2079431770643325380,"Woi tolol, kalo kau ud tau ad indikasi gtu, kau investigasi lah, kau punya kewenangan bego, jangan cuma bacot aja muncung kau itu @prabowo","['regar_op0sisi', 'prabowo']",Tue Jul 21 05:02:22 +0000 2026,0,0,0,0,21.0,308337896,DevaLT_,deps,465,False
https://x.com/tempodotco/status/2079899270199595250?s=20,2079899270199595250,2079918033536192684,"Jangankan Anda,
Saya juga belum punya dapur MBG.

tapi kok bisa ya, saya tidak terpilih jadi kepala BGN.",['tempodotco'],Wed Jul 22 13:14:36 +0000 2026,0,1,0,0,141.0,1854154023676620802,salamwaras44583,greetings sane,85,False
https://x.com/ardisatriawan/status/2080621729022693665?s=20,2080621729022693665,2080904904286351683,"Seenggaknya sampe sekolah dapet mbg, biar pas pulang ada tenaga buat ngelewatin jembatan itu lagi 😌",['ardisatriawan'],Sat Jul 25 06:36:05 +0000 2026,0,0,0,0,14.0,388759912,fionautami,Fiona P Utami,40,False
https://x.com/LambeSahamjja/status/2081381717244555418?s=20,2081381717244555418,2081427778411569233,Hal yg gw takutin klo pendidikan bukan jdi opsi utama. Org kek putra gini makin byk.,['LambeSahamjja'],Sun Jul 26 17:13:48 +0000 2026,1,0,0,0,203.0,1157292220480815106,MR_Allnotfine,F-in' X,19,False
https://x.com/regar_op0sisi/status/2079741597135372765?s=20,2079741597135372765,2079831232687546853,"Woii putusin kontrak nya balikin uang muka pembayaran cairin jaminan pelaksanaan dan jaminan uang muka nya sita utk negara kok repot amat
Apa gak ada jaminan pelaksanaan dan jaminan uang muka?????",['regar_op0sisi'],Wed Jul 22 07:29:41 +0000 2026,0,0,0,0,588.0,2057835560648290304,ameaksindo1,ameaksindo,5,False
https://x.com/Naandaa27/status/2079066649509142970?s=20,2079066649509142970,2079091658411659728,https://t.co/jVWTkVQJyK,[],Mon Jul 20 06:30:53 +0000 2026,39,12,11,0,9779.0,1259753320152887296,Naandaa27,Nda ! 🧳,14248,True
https://x.com/kompascom/status/2079052174693441955?s=20,2079052174693441955,2079817548913144098,Kalo emg niatnya bantu program ya ga usah dibikin ribet terus,['kompascom'],Wed Jul 22 06:35:19 +0000 2026,0,0,0,0,2.0,2017129050343690240,wibwooaryo,Aryo Wibowo,0,False
https://x.com/ardisatriawan/status/2079031883900633488?s=20,2079031883900633488,2079063278177952035,Sekolah rusak sudah jadi masalah sebelum ada MBG. Jangan jadikan alasan untuk MBG di stop. Ini jauh lebih penting. Bahkan kita harus perlebar penerima manfaat MBG untuk anak-anak putus sekolah.,['ardisatriawan'],Mon Jul 20 04:38:07 +0000 2026,0,0,1,0,248.0,73893847,Rhandoko,Handoko Rio,572,False
https://x.com/Naandaa27/status/2077672020863533184?s=20,2077672020863533184,2077879031538811356,"Pasti nanti alasannya, belatung itu sumber protein segar alami 🤬🤬🤬",['Naandaa27'],Thu Jul 16 22:12:20 +0000 2026,0,0,0,0,51.0,1718684717351133184,indomola5613,indomola,44,False
https://x.com/JVLEHA/status/2079800619280605645?s=20,2079800619280605645,2080519871612465160,https://t.co/9F6xDnFjm2,['JVLEHA'],Fri Jul 24 05:06:06 +0000 2026,0,0,0,0,1.0,2064624358182752256,piala_talk,Voxteraa,1397,True
https://x.com/tempodotco/status/2079899270199595250?s=20,2079899270199595250,2079945643565674806,"Sy tdk punya dapur MBG makanya sy mau jadi kepalan bgn supaya walaupun tidak punya dapur tapi bisa menghasilkan seperti dapur.
Sekian wassalam.",['tempodotco'],Wed Jul 22 15:04:19 +0000 2026,0,1,0,0,436.0,1049490966204170240,Anditeman_,Paint it BLACK.,1384,False
https://x.com/regar_op0sisi/status/2079208098141794557?s=20,2079208098141794557,2079401160742727681,"Ditikung geng Oslo pak omon masih aja omon-omon terus.
Bangun pak!","['regar_op0sisi', 'prabowo']",Tue Jul 21 03:00:44 +0000 2026,0,0,0,0,29.0,1447863107561287687,DjumadiPartose1,Djumadi Partosemito,462,False
https://x.com/ardisatriawan/status/2079031883900633488?s=20,2079031883900633488,2079287336203145577,"Apapun masalahnya, embege solusinya",['ardisatriawan'],Mon Jul 20 19:28:26 +0000 2026,0,0,0,0,30.0,1501614406798815233,scribbleheals,Ran (⁠*⁠❛⁠‿⁠❛⁠)⁠→,977,True
https://x.com/regar_op0sisi/status/2079741597135372765?s=20,2079741597135372765,2080108023159333049,"Halahhhhb terserah deh 
Sblum di beli di pikir dulu ini uang negara gk tau kemna",['regar_op0sisi'],Thu Jul 23 01:49:33 +0000 2026,1,0,0,0,123.0,2068725632968835073,irenkyeepy,irenkyeep,1107,True
https://x.com/Naandaa27/status/2079066649509142970?s=20,2079066649509142970,2079174212993044838,https://t.co/86GjILdQRB,[],Mon Jul 20 11:58:56 +0000 2026,25,1,2,0,6906.0,1259753320152887296,Naandaa27,Nda ! 🧳,14248,True
https://x.com/JVLEHA/status/2079800619280605645?s=20,2079800619280605645,2079980400261341429,"Belum lama kok. Siapa tahu masih tahap evaluasi menu, nanti pisang goreng madu masuk daftar usulan netizen.",['JVLEHA'],Wed Jul 22 17:22:26 +0000 2026,0,0,0,0,12.0,2057309455889612800,Srney2o,Serene,1081,True
https://x.com/txtdrimedia/status/2079154852257513702?s=20,2079154852257513702,2079174972640219396,"Bantu rakyat miskin agar mereka bisa survive buat kedepannya pak jadi jangka panjang gitu, bukan bantuan yg cuma sesaat.

Ga boleh ada yg lapar tp anak2 berjuang dgn akses berbahaya setiap mau ke sokalah itu boleh ya?",['txtdrimedia'],Mon Jul 20 12:01:57 +0000 2026,5,3,0,0,1501.0,1179358945955086336,gasukabocii,nupp🐣,830,False
https://x.com/tempodotco/status/2079899270199595250?s=20,2079899270199595250,2080148588638986385,"Pemerintah goblok tai babi 
MBG membuat kebutuhan pokok tambah mahal, yg tidak dapat MBG terdampak harga kebutuhan yg mahal 
Ini pemerintah tai babi",['tempodotco'],Thu Jul 23 04:30:45 +0000 2026,0,0,0,0,217.0,4174975647,rudybrj110,Jawa Dwipa,89,False
https://x.com/ardisatriawan/status/2079031883900633488?s=20,2079031883900633488,2079038023212351749,"Skwwkwk transport susah - MBG, jalan ancur - MBG, siswa keluarga miskin - MBG, WC mampet - MBG 🤣🤣🤣 logika kusut pamarentah",['ardisatriawan'],Mon Jul 20 02:57:46 +0000 2026,0,0,0,0,258.0,2254208466,lukasabetan,Wowo Notasmartboy,1000,True
https://x.com/regar_op0sisi/status/2079741597135372765?s=20,2079741597135372765,2080176124206915970,"Kalo otak sudah kena meningitis, hatipun kena hepatitis, akhirnya omongannya jadi Omongitis terinfeksi Motor listrik.",['regar_op0sisi'],Thu Jul 23 06:20:10 +0000 2026,0,0,0,0,93.0,2009269862829543424,JoniS53777,Joni Su,0,False
https://x.com/Naandaa27/status/2077672020863533184?s=20,2077672020863533184,2078120265092141170,"Gamau suudzon tp kayaknya itu daging sisa libur kemarin gak sih? Kmrn” aku jga dapet kaya daging olahan gtu yg biasa buat burger gatau namanya apa, tp di aku msh bagus ko",['Naandaa27'],Fri Jul 17 14:10:55 +0000 2026,0,0,0,0,54.0,1261956611737743361,putrisyrf12,🧚‍♀️,237,False
https://x.com/ardisatriawan/status/2080621729022693665?s=20,2080621729022693665,2080655899962777679,"""tidak ada yang lebih urgent dari perut lapar"" 

prokk prokk prokk 🙌",['ardisatriawan'],Fri Jul 24 14:06:37 +0000 2026,1,0,0,0,29.0,1593393103825559552,xppiinyaa67,nyanya 🦋,2237,True
https://x.com/txtdrimedia/status/2079154852257513702?s=20,2079154852257513702,2079179038279790975,"Di negara lain tuh memfasilitasi rkyatnya dgn pekerjaan, fasilitas yg memadai. Smpe skarang kita tdk pernah melihat arah kmana negara ini. Tdk ada langkah² yg diberikan untuk mmperbaiki negara ini lebih baik. Percayalah 2045 indonesia emas hnyalah cerita dongeng belaka",['txtdrimedia'],Mon Jul 20 12:18:06 +0000 2026,5,0,0,0,465.0,1384666731348512769,Missallsunday43,lia,46,False
https://x.com/regar_op0sisi/status/2079208098141794557?s=20,2079208098141794557,2079402962502459787,"Boleh lanjut, asal uang nya langsung masuk ke rekening penerima manfaat mbg","['regar_op0sisi', 'prabowo']",Tue Jul 21 03:07:54 +0000 2026,0,0,0,0,20.0,1809595730446958592,micinsedapgurih,beetalk,43,False
https://x.com/JVLEHA/status/2079800619280605645?s=20,2079800619280605645,2079867275264593982,😭beda nanikk,['JVLEHA'],Wed Jul 22 09:52:55 +0000 2026,0,0,0,0,20.0,2073793137064235008,lootspecter,specter,4,False
https://x.com/LambeSahamjja/status/2081381717244555418?s=20,2081381717244555418,2081556025682088444,"aku juga yakin mereka mah mana ada peduli2nya sama rakyat biasa, selama keluarganya aman dan perutnya mereka aman mah apa aja yg dilakuin peme- bakal dibela selama ga rugiin mereka, anak dikasih makan 1x sehari itu juga ga merata semua sekolah, bisa2nya sangkutin kasus ini",['LambeSahamjja'],Mon Jul 27 01:43:24 +0000 2026,0,0,0,0,211.0,1498134668386136067,bukankado,bukan yang spesial,27,False
https://x.com/ardisatriawan/status/2079031883900633488?s=20,2079031883900633488,2079179404056646092,tetap dapat MBG biarpun numpang di tetangga sekolah nya,['ardisatriawan'],Mon Jul 20 12:19:33 +0000 2026,0,0,0,0,57.0,1604529144871931904,CleanJek,Trunojoyo2022,749,True
https://x.com/tempodotco/status/2079899270199595250?s=20,2079899270199595250,2080180512778559570,"Belum ambil modal (korupsi), jadi ngomong gak punya dapur mbg",['tempodotco'],Thu Jul 23 06:37:36 +0000 2026,0,0,0,0,477.0,1307963628184764416,Yudha_Tama07,Yudha Pratama,23,False
https://x.com/Naandaa27/status/2077672020863533184?s=20,2077672020863533184,2078392537841271112,"Kata menteri pendidikan lebih dr 80% pelajar setuju MBG dilanjutkan.
Bohong gak tuh ?
😌",['Naandaa27'],Sat Jul 18 08:12:50 +0000 2026,0,0,0,0,16.0,2064245824947974144,AmandaJuwi8b,amandajulit🫒💹,53,False
https://x.com/regar_op0sisi/status/2079741597135372765?s=20,2079741597135372765,2080256363599683858,Langkah yang tepat banget! Banyak yang butuh kerjaan dan Dapur MBG hadir buat itu. Top banget Pak Presiden! 👍,['regar_op0sisi'],Thu Jul 23 11:39:01 +0000 2026,0,0,0,0,77.0,2879251754,Bhakti_Annas,Bhakti Annas,5,False
https://x.com/regar_op0sisi/status/2079208098141794557?s=20,2079208098141794557,2079408800801739263,34 th yang ngeruk kekayaan negara ya keluarga dia..satu jari nunjuk ke rakyat..4 jari nunjuk ke dia,"['regar_op0sisi', 'prabowo']",Tue Jul 21 03:31:06 +0000 2026,0,0,0,0,17.0,1779012813979299840,BungkusMul67022,mbh sambeng,46,False
https://x.com/txtdrimedia/status/2079154852257513702?s=20,2079154852257513702,2079204456328290709,Sekarang liat aja datanya wok selama 2 Minggu libur sekolah ada gak anak yg meninggal karna kelaparan? Yg banyak malah orang dewasa yg bunuh diri karna faktor ekonomi. Kemaren di Bekasi dlm sehari 2 kasus orang bun² karna ekonomi. Penanggulannya dr pemerintah apa?MBG? Cerdas bgt,['txtdrimedia'],Mon Jul 20 13:59:06 +0000 2026,5,0,0,1,1645.0,2040730088073826304,robiatulobi2,apaaja lahh,4,False
https://x.com/LambeSahamjja/status/2081381717244555418?s=20,2081381717244555418,2081747672445391355,"Elu bacot!!!! Lu influencer ga ngerasain jd ibu2 suaminya gajinya kgk naik, anak suruh makan mbg jg gamau karena ga layak, tp harga bahan pokok naik terus gara2 efek mbg",['LambeSahamjja'],Mon Jul 27 14:24:56 +0000 2026,0,0,0,0,7.0,1603075619641708544,kucinggembul05,kucinggembul05,13,False
https://x.com/ardisatriawan/status/2079031883900633488?s=20,2079031883900633488,2079219404890583065,"Bangun dapur bisa, benerin sekolah nanti duku gk penting",['ardisatriawan'],Mon Jul 20 14:58:30 +0000 2026,0,0,0,0,34.0,1047658557934452738,bodoamattnya2,rafiiii,2283,True
https://x.com/tempodotco/status/2079899270199595250?s=20,2079899270199595250,2080093109267132725,"Kalau sekelas kepala BGN punya dapur itu namanya pemilik SPPG dan bukan orang nomor satu di BGN.

Tapi apakah beliau bisa meredam kerabat, kolega dan institusi partainya yang pasti mendekati untuk minta jatah SPPG?

Loyalitas dan totalitas dipertaruhkan di usia masih muda.✍️",['tempodotco'],Thu Jul 23 00:50:18 +0000 2026,1,0,0,0,706.0,992134573,harya101,Harya,40,False
https://x.com/kompascom/status/2079052174693441955?s=20,2079052174693441955,2079817515484545041,Selama buat kepentingan warga ya lanjut aja menurutku,['kompascom'],Wed Jul 22 06:35:11 +0000 2026,0,0,0,0,2.0,2005499569447243776,GarinA50316,Garin Anugrah,0,False
https://x.com/JVLEHA/status/2079800619280605645?s=20,2079800619280605645,2079921774696042952,Harusnya ada pisang goreng madu disetiap omprengg,['JVLEHA'],Wed Jul 22 13:29:28 +0000 2026,0,0,0,0,26.0,2072578136907333632,gelatoopotatoo,Gelatopotatoo,621,True
https://x.com/regar_op0sisi/status/2079741597135372765?s=20,2079741597135372765,2080257518270583093,Gak nyangka dampaknya sebegitu besar. Salut buat Pak Prabowo yang mikirin nasib rakyat dari segi lapangan kerja. ✨,['regar_op0sisi'],Thu Jul 23 11:43:36 +0000 2026,0,0,0,0,67.0,1573027417219891206,AddigSira,Addig Carolina Encinoza Sira,0,False
https://x.com/ardisatriawan/status/2080621729022693665?s=20,2080621729022693665,2080622837614907789,Semoga segera mndptkn perhatian dr pemerintah maupun orang2 yg murah hati..aamiin 🤲🏻,['ardisatriawan'],Fri Jul 24 11:55:15 +0000 2026,0,0,0,0,37.0,120094608,a_ifa,Ifa ae 🍉,2026,True
https://x.com/txtdrimedia/status/2079154852257513702?s=20,2079154852257513702,2079158939875492271,"""Tidak boleh ada orang Indo yg lapar"" memangnya setelah makan MBG anak akan kenyang sampai besoknya lagi kah",['txtdrimedia'],Mon Jul 20 10:58:14 +0000 2026,3,0,0,0,516.0,1086919794421465088,perked_ell,meow,70,False
https://x.com/Naandaa27/status/2077672020863533184?s=20,2077672020863533184,2078303907147829756,"huekkk, najis banget anjir, yang udah kemakan gimana tuh 🤮🤮",['Naandaa27'],Sat Jul 18 02:20:39 +0000 2026,0,0,0,0,11.0,1519493332996476928,Nejioll,Nejio,118,False
https://x.com/LambeSahamjja/status/2081381717244555418?s=20,2081381717244555418,2081383721094332634,Kalau ada MBG bapaknya masih (nekat) nyuri berarti kan sebenernya yang dibutuhin 19jt lapangan pekerjaan yang dijanjikan itu.,['LambeSahamjja'],Sun Jul 26 14:18:44 +0000 2026,1,0,0,0,752.0,828273869156790273,kangderu,Deru,2036,True
https://x.com/tempodotco/status/2079899270199595250?s=20,2079899270199595250,2079916985266421920,Terus penyelidikan kasus korupsi di bgn? Udah gitu aja?,['tempodotco'],Wed Jul 22 13:10:26 +0000 2026,0,1,0,0,191.0,1425336053825609728,SSatyaries,AzkaSsatyaries.,63,False
https://x.com/ardisatriawan/status/2079031883900633488?s=20,2079031883900633488,2079204067059151060,Pemerintah juga sudah membuat 75 ribu perbaikan sekolah. Dan sekolah ambruk bukan terjadi dalam 1 hari tapi bertahun2.,"['ardisatriawan', 'damprad']",Mon Jul 20 13:57:33 +0000 2026,0,0,0,0,52.0,1162705930544304128,rama00383225,rama#team ubur - ubur,45,False
https://x.com/JVLEHA/status/2079800619280605645?s=20,2079800619280605645,2079899714091450470,WKWKWKWK laen hey laennn😭😭😭,['JVLEHA'],Wed Jul 22 12:01:49 +0000 2026,0,0,0,0,21.0,2050586620915785728,kukerjain__,Snow || Transkrip Verbatim Audio Wawancara,32,False
https://x.com/regar_op0sisi/status/2079208098141794557?s=20,2079208098141794557,2079601592677150827,"1) memberi makan anak2 atau pemilik SPPG? Bergizi atau isi kacang rebus &amp; jeruk kisut?
2) program sekolah gratis atau makanan jd tai?? Masa gak bs milih!",['regar_op0sisi'],Tue Jul 21 16:17:11 +0000 2026,0,0,0,0,17.0,1421086645,bantengnusa,bantengnusantara,515,False
https://x.com/Naandaa27/status/2077672020863533184?s=20,2077672020863533184,2078149121077362997,Berhentiin aja lah mbg kaga guna bgt,['Naandaa27'],Fri Jul 17 16:05:35 +0000 2026,0,0,0,0,12.0,2431573274,Odie245,Odiee,70,False
https://x.com/ardisatriawan/status/2080621729022693665?s=20,2080621729022693665,2080743396256403841,"Kabupaten yang anak pejabatnya baru flexing itu kan? 
Bapaknya agak tau diri langsung mengundurkan diri. 
😏",['ardisatriawan'],Fri Jul 24 19:54:18 +0000 2026,0,0,0,0,7.0,595352072,Buk_Veee,Buk_Veeeee 🫶😍,3299,True
https://x.com/tempodotco/status/2079899270199595250?s=20,2079899270199595250,2080073711772946870,Tapi partai dna teman2nya punya banyak.... rakyat nggak bodo mas. Sudah telanjur tdk percaya lagi.,['tempodotco'],Wed Jul 22 23:33:13 +0000 2026,0,0,0,0,128.0,131116381,GITAMAGAGITA,gita gita,1424,False
https://x.com/regar_op0sisi/status/2079208098141794557?s=20,2079208098141794557,2079337115503280481,Ini beneran dia gak paham kalau APBN tuh awalnya UANG RAKYAT?!!!,"['regar_op0sisi', 'prabowo']",Mon Jul 20 22:46:15 +0000 2026,1,0,0,0,71.0,1592834010501107713,Divafuse,Va,107,False
https://x.com/LambeSahamjja/status/2081381717244555418?s=20,2081381717244555418,2081414569650790873,"lah, putraaa putra, lu sendiri dengan sadarnya bilang kalo MBG gagal dooong, MBG belum bubar tapi masalah makin banyak malah nyalain mahasiswa ☹️",['LambeSahamjja'],Sun Jul 26 16:21:18 +0000 2026,0,0,0,0,452.0,126882013,JeronePulen,#saverajaampat,1036,False
https://x.com/JVLEHA/status/2079800619280605645?s=20,2079800619280605645,2080135002629566737,Muka nya mirip guru pkn di sma,['JVLEHA'],Thu Jul 23 03:36:46 +0000 2026,0,0,0,0,7.0,1823744898102910981,boyeasy343,Nathan Ni,705,True
https://x.com/BarisanOpOsisi/status/2076122669045719102?s=20,2076122669045719102,2076134516280918454,Takutnya setelah MBG aktif lagi ada murid yang keracunan,['BarisanOpOsisi'],Sun Jul 12 02:40:16 +0000 2026,100,2,1,0,7087.0,1432328670648037378,safa_andriana,🍋Mama Lemon 🍋,20289,True
https://x.com/Naandaa27/status/2077672020863533184?s=20,2077672020863533184,2077933809526546623,pengurus : itu tambahan protein superfood ya adik2,['Naandaa27'],Fri Jul 17 01:50:00 +0000 2026,0,0,0,0,35.0,2036973931182383108,piteung27,Prima Excellent,22,False
https://x.com/ardisatriawan/status/2079031883900633488?s=20,2079031883900633488,2079383111377563889,Atap ambruk asalkan perut kenyang mah ga masalah bang 🙂,['ardisatriawan'],Tue Jul 21 01:49:01 +0000 2026,0,0,0,0,10.0,1398863876821635075,infxyuniverse,infx kid,14,False
https://x.com/kompascom/status/2079052174693441955?s=20,2079052174693441955,2079818329397530913,Kalo manfaatnya nyata pasti org juga bakal dukung,['kompascom'],Wed Jul 22 06:38:25 +0000 2026,0,0,0,0,2.0,2002992005241270272,FajriBayu55_,Bayu Fajri,0,False
https://x.com/ardisatriawan/status/2080621729022693665?s=20,2080621729022693665,2080622295425650735,"Abis bertaruh nyawa nyeberang jembatan, perut pasti laper dong, begitu nyampe sekolah tenang soalnya udah tersedia MBG. 🤭🫣",['ardisatriawan'],Fri Jul 24 11:53:05 +0000 2026,0,0,0,0,48.0,1986818348332797952,wardanax19,Mang Aji,1300,True
https://x.com/tempodotco/status/2079899270199595250?s=20,2079899270199595250,2079914388199551393,"Sekarang belum punyaa pak, nanti kita lihat ajaa kalo udah tau busuk nya di dalemm",['tempodotco'],Wed Jul 22 13:00:07 +0000 2026,0,0,0,0,816.0,1325458415762591745,bikinsenyummmm,Xobat Cupu,133,True
https://x.com/regar_op0sisi/status/2079741597135372765?s=20,2079741597135372765,2080258248696041875,Mantap! Ekonomi kerakyatan bener-bener jalan lewat program ini. Sukses Pak Prabowo! 🌟,['regar_op0sisi'],Thu Jul 23 11:46:30 +0000 2026,0,0,0,0,58.0,1633543483,kahix1985, بدور الناصر,0,False
https://x.com/JVLEHA/status/2079800619280605645?s=20,2079800619280605645,2080163328094240967,kenapa harus pisang goreng madu,['JVLEHA'],Thu Jul 23 05:29:19 +0000 2026,0,0,0,0,8.0,2007610224459567104,ayamsukabaca,KIRA,1385,True
https://x.com/Naandaa27/status/2077672020863533184?s=20,2077672020863533184,2077992473968914822,Gue bingung dah mereka masaknya gimana sih emang gak di cek lagi apa kalo mau dianter,['Naandaa27'],Fri Jul 17 05:43:07 +0000 2026,0,0,0,0,31.0,2003350404818698240,Rdannys1004,Clown,1856,False
https://x.com/regar_op0sisi/status/2079208098141794557?s=20,2079208098141794557,2079402101982232736,kasih tau dia...gerombolannya bak tikus dalam labu...nyadar gk ya..,"['regar_op0sisi', 'prabowo']",Tue Jul 21 03:04:29 +0000 2026,0,0,0,0,22.0,409095213,kesepian_ku,abe,448,False
https://x.com/ardisatriawan/status/2080621729022693665?s=20,2080621729022693665,2080652186267308291,https://t.co/KaS6cSmcWs,['ardisatriawan'],Fri Jul 24 13:51:52 +0000 2026,1,0,0,0,17.0,1921987584,indramadong,ateng jie,263,False
https://x.com/LambeSahamjja/status/2081381717244555418?s=20,2081381717244555418,2081537333636264337,"orang2 konglo ini bacotnya berasa kayak bakal gak terjamah, kalo orang2 udah bener bener muak chaos bisa terjadi",['LambeSahamjja'],Mon Jul 27 00:29:08 +0000 2026,0,0,0,0,49.0,1434453769417154560,BacktoGlory21,Joo Kho Wie,70,False
https://x.com/ardisatriawan/status/2079031883900633488?s=20,2079031883900633488,2079131087805329733,nasi sisa mbg bisa digunakan untuk ngelem rangka atap yang sudah rusak 🙏,['ardisatriawan'],Mon Jul 20 09:07:34 +0000 2026,0,0,0,0,40.0,1064482307153653760,mastopill,saya,226,False
https://x.com/kompascom/status/2079052174693441955?s=20,2079052174693441955,2079818308677959987,Orang mah pengennya jelas aja bukan saling curiga,['kompascom'],Wed Jul 22 06:38:20 +0000 2026,0,0,0,0,3.0,2008789925282672644,ckrahdyt,Cakra Hidayah,0,False
https://x.com/tempodotco/status/2079899270199595250?s=20,2079899270199595250,2079910083723751905,bentar lg jg ngebul walau ga pny dapur...,['tempodotco'],Wed Jul 22 12:43:01 +0000 2026,0,0,0,0,126.0,1517870080805457922,Cuexbe2k,LOE GWE AJA...,889,False
https://x.com/Naandaa27/status/2077672020863533184?s=20,2077672020863533184,2078269768704966986,"Nih yg demo minta MBG lanjut, liat nih tanggung jwab gk loe pada 🤬",['Naandaa27'],Sat Jul 18 00:04:59 +0000 2026,0,0,0,0,9.0,1763008571023970304,AminaA61549,Minaa,1,False
https://x.com/ardisatriawan/status/2080621729022693665?s=20,2080621729022693665,2080649796638159149,Karena pasti kelaparan sesudah manjat jembatan,['ardisatriawan'],Fri Jul 24 13:42:22 +0000 2026,0,0,0,0,9.0,1707659882089103360,kebo_ijo_reborn,KEBO-IJO,1273,False
https://x.com/JVLEHA/status/2079800619280605645?s=20,2079800619280605645,2080192716227690974,bedaa nanik kak😭,['JVLEHA'],Thu Jul 23 07:26:06 +0000 2026,0,0,0,0,6.0,2067813517353517056,babypuduuuys,babypuduuu,1510,True
https://x.com/regar_op0sisi/status/2079741597135372765?s=20,2079741597135372765,2080257542257889423,Program ini bener-bener nyata bantu ekonomi rakyat kecil. Lanjut terus Pak Prabowo! 👏,['regar_op0sisi'],Thu Jul 23 11:43:42 +0000 2026,0,0,0,0,44.0,1855639471259308032,juniastiti17593,juniastitie,0,False
https://x.com/BarisanOpOsisi/status/2076122669045719102?s=20,2076122669045719102,2076149653100515708,Mas Bahlil Gendeng 😅,['safa_andriana'],Sun Jul 12 03:40:24 +0000 2026,31,1,0,0,6850.0,1228468489511292928,BarisanOpOsisi,Novie Anwar,26212,False
https://x.com/ardisatriawan/status/2079031883900633488?s=20,2079031883900633488,2079033175813308604,"Mending dananya buat betulin sekolah aja dah, miris banget klw kaya gini",['ardisatriawan'],Mon Jul 20 02:38:30 +0000 2026,0,0,0,0,53.0,1355416500157333505,Qu3en_Bakery,Mama Queen,18063,True
https://x.com/kompascom/status/2079052174693441955?s=20,2079052174693441955,2079818307666948163,Jgn sampe niat baik malah ketutup isu yg ga jelas 😅,['kompascom'],Wed Jul 22 06:38:20 +0000 2026,0,0,0,0,2.0,1869975727501897728,MarvelAandk,Marvel Andika,0,False
https://x.com/tempodotco/status/2079899270199595250?s=20,2079899270199595250,2080121885778735527,"Pesan sy 1 aja buat pimpinan bgn yg baru, apa tindakannya jk ada dapur sppg yg menyebabkan siswa keracunan???",['tempodotco'],Thu Jul 23 02:44:39 +0000 2026,0,0,0,0,37.0,1826990464010252288,abdi_rakyat_24,Abdi rakyat semesta,83,False
https://x.com/txtdrimedia/status/2079154852257513702?s=20,2079154852257513702,2079181897331323291,"Pak tidak ada yang tidak suka kalau pemerintahan bapak membantu masyarakat miskin. Tapi yang di kritik adalah gimana bapak menjalankan program bapak yang ugal ugalan, serba terburu buru. Dimana orang yang bapak letakan di posisi krusial adalah orang² yang tidak kompeten.",['txtdrimedia'],Mon Jul 20 12:29:28 +0000 2026,1,2,0,0,1207.0,777705092,whoiam2738,so what?,84,False
https://x.com/LambeSahamjja/status/2081381717244555418?s=20,2081381717244555418,2081578017470730587,"Bodoh!!! MBG tu kasih makan 1x/hari aja. Emang apapun masalahnya bisa ilang dengan cuma makan gratis 1x/hari!!! Kecuali pemerintah kasih MBG 3x/hari, ga bakal orang kelaparan. Sedangkan gara-gara makan gratis 1x/hari itu akibat buruknya ga keitung!!! Makanya MIKIR!!! STOP MBG!!!",['LambeSahamjja'],Mon Jul 27 03:10:47 +0000 2026,1,0,0,0,186.0,80946804,oiq_pio,Idjorojorojo,129,False
https://x.com/ardisatriawan/status/2080621729022693665?s=20,2080621729022693665,2080657281897922917,Kan konsepnya kasian abis nyebrang jembatan darurat masa ga dikasi makan. Kaya gitu aja ngga paham sih kakk🥲,['ardisatriawan'],Fri Jul 24 14:12:07 +0000 2026,0,0,0,0,31.0,1780272055273054208,nukafka,𝘬𝘢𝘧𝘬𝘢🧊 ࣪,2797,True
https://x.com/Naandaa27/status/2077672020863533184?s=20,2077672020863533184,2078345814460784854,"adal km tau ya nder, ulat ini makanan bergizi. karena mengandung banyak protein. bersyukur lah dapat lauk ulat, kapan lagi mbg makanannya premium kayak ulat gitu",['Naandaa27'],Sat Jul 18 05:07:10 +0000 2026,0,0,0,0,32.0,1441642010964676612,sambatmedsos,Sambat Medsos,641,True
https://x.com/BarisanOpOsisi/status/2076122669045719102?s=20,2076122669045719102,2076129079766700339,"Kalau ada anak lapar, emak tinggal masak sebentar di dapurnya dan masakan emak lebih enak sekalipun sederhana tapi enak, krn emak masak dengan cinta kasih untuk anaknya di jamin nggak keracunan malah ketagihan. Bukankah begitu, Mak ?😂",['BarisanOpOsisi'],Sun Jul 12 02:18:39 +0000 2026,23,0,2,0,5108.0,1346890883442962432,LalitaDewi8,Lalita Dewi,2201,False
https://x.com/JVLEHA/status/2079800619280605645?s=20,2079800619280605645,2079981092262887540,beda bu Nanik nya heii,['JVLEHA'],Wed Jul 22 17:25:11 +0000 2026,0,0,0,0,22.0,1428014005851811841,sliceoflifes0,alana,1208,True
https://x.com/regar_op0sisi/status/2079741597135372765?s=20,2079741597135372765,2080144633611661779,"Capek sekali gerombolan ini mikirin MBG yg banyak sandiwaranya.
Udahlah duit aj kasih ke yg berhak sesuai data Orang miskin yg ada di BPS.
Kok cara pikirnya sekelas SIMPANSE sihhhh",['regar_op0sisi'],Thu Jul 23 04:15:02 +0000 2026,0,0,0,0,53.0,1167580685617381376,RayTangkul,ray_tangkur44,85,False
https://x.com/ardisatriawan/status/2079031883900633488?s=20,2079031883900633488,2079209323256058323,Biar kuat untuk bantuin pasang plafon,['ardisatriawan'],Mon Jul 20 14:18:27 +0000 2026,0,0,0,0,33.0,1189554237622980608,marleyanwariors,Made,32,False
https://x.com/tempodotco/status/2079899270199595250?s=20,2079899270199595250,2080159071043502191,"Punya gpp Pak...
Asalkan fair saja.
Bpk punya pun rakyat tdk tau.",['tempodotco'],Thu Jul 23 05:12:24 +0000 2026,0,0,0,0,186.0,361743638,JohnMadjie,John Madjie,32,False
https://x.com/regar_op0sisi/status/2079208098141794557?s=20,2079208098141794557,2079601066400956544,"Ga ada komentar dari MPR? Apelagi DPR, DPD? Semua kicep-kucel??","['regar_op0sisi', 'prabowo']",Tue Jul 21 16:15:06 +0000 2026,0,0,0,0,33.0,1666993550767292416,HFaang,vayat,282,False
https://x.com/txtdrimedia/status/2079154852257513702?s=20,2079154852257513702,2079178059065008328,"tapi yg bikin bingung, dia gk mau ada kemisikinan tapi kenapa programnya difokusin ke makan sama koperasi, yg mana dua dua nya itu konsumtif. padahal lebih urgent bangun sektor2 produksi kek vietnam sampe negaranya butuh tenaga kerja. kita nganggur malah dikasih makan. bingung😭",['txtdrimedia'],Mon Jul 20 12:14:13 +0000 2026,2,0,0,0,616.0,357793636,Dikaa11_,DwikaYudaPrasetyaB,261,False
https://x.com/Naandaa27/status/2077672020863533184?s=20,2077672020863533184,2078041576388038729,"waduh, serem juga euy, yaa gimana lagi, pasalnya dimasak juga pagi pagi, risikonya kayak gini..",['Naandaa27'],Fri Jul 17 08:58:14 +0000 2026,0,0,0,0,26.0,2051942135533080576,reftif_,Reftif,4992,True
https://x.com/LambeSahamjja/status/2081381717244555418?s=20,2081381717244555418,2081545068264174013,"Harusnya dicari akar masalahnya kenapa bisa kelaparan,ini malah dikasih makanan gacha antara keracunan atau engga,jujur porsi mbg  masih bisa dibilang jauh dari kata kenyang",['LambeSahamjja'],Mon Jul 27 00:59:52 +0000 2026,0,0,0,0,237.0,1727517463473176576,Abiem_,Abiie,39,False
https://x.com/BarisanOpOsisi/status/2076122669045719102?s=20,2076122669045719102,2076150037462282346,Sepakat adinda 🤭,['LalitaDewi8'],Sun Jul 12 03:41:56 +0000 2026,3,0,0,0,3917.0,1228468489511292928,BarisanOpOsisi,Novie Anwar,26212,False
https://x.com/kompascom/status/2079052174693441955?s=20,2079052174693441955,2079818297584001326,Yg bikin tenang tuh kalo infonya gampang diakses,['kompascom'],Wed Jul 22 06:38:17 +0000 2026,0,0,0,0,4.0,2013520379860643840,kireinaperlta,Kireina Perlita,0,False
https://x.com/ardisatriawan/status/2080621729022693665?s=20,2080621729022693665,2080897703610135005,justru itu pentingnya MBG setelah melewati rintangan sampai sekolah langsung makan,['ardisatriawan'],Sat Jul 25 06:07:28 +0000 2026,0,0,0,0,9.0,1189313535949467648,Diabloiszmofe,Diablo💀,3520,True
https://x.com/regar_op0sisi/status/2079741597135372765?s=20,2079741597135372765,2080343459618312210,"Dibuka aja semua, kronologinya.
Dimulai kronologi rapat hingga ada pengusulan dan persetujuan rapat. atau ada kajian akademis soal itu. 

Dan siapa yang berwewenang bahwa itu harus dilakukan dan dikeluarkan uangnya.",['regar_op0sisi'],Thu Jul 23 17:25:06 +0000 2026,0,0,0,0,45.0,1629526560792526848,SohibCamp4,Sohib Camp,65,False
https://x.com/JVLEHA/status/2079800619280605645?s=20,2079800619280605645,2079942528896500066,@tazacxka pye o,['JVLEHA'],Wed Jul 22 14:51:57 +0000 2026,0,0,1,0,36.0,1641639390,fakgiirl,ethereal,352,False
https://x.com/tempodotco/status/2079899270199595250?s=20,2079899270199595250,2079925152293552315,Tak punya dapur pun programnya tetep jadi ladang korupsi 🤣,['tempodotco'],Wed Jul 22 13:42:54 +0000 2026,0,1,0,0,253.0,1569918714400886784,shavyre,𝚂𝐡𝚊𝐕·˚♡༊,2049,True
https://x.com/ardisatriawan/status/2079031883900633488?s=20,2079031883900633488,2079043277660258451,"Makan sampai kenyang, lepas itu langsung benahi reruntuhan genteng.
Setelahnya dirikan candi",['ardisatriawan'],Mon Jul 20 03:18:38 +0000 2026,0,0,0,0,63.0,76926791,adharozak,Pemerhati Lampu Sen,3359,True
https://x.com/BarisanOpOsisi/status/2076122669045719102?s=20,2076122669045719102,2076153903721443412,"Gue libur seminggu jualan, hari ni kepasar belanja buat bsk jualan, pasar tradisional ayam naik lagi guys perhari ini, timun yg biasa cm 8-10 RB, skrg 18 RB,, menyala ayam geprek ku😅",['BarisanOpOsisi'],Sun Jul 12 03:57:18 +0000 2026,20,0,3,0,7403.0,813095979184328705,Adenurj62093638,AdeZKA,145,False
https://x.com/Naandaa27/status/2077672020863533184?s=20,2077672020863533184,2078051817892798974,MBG MBG program baik yang tidak tepat sasaran. Siapa yang salah?,['Naandaa27'],Fri Jul 17 09:38:56 +0000 2026,0,0,0,0,14.0,1526938396089733120,kueboulu,petrus,165,False
https://x.com/kompascom/status/2079052174693441955?s=20,2079052174693441955,2079818311714398388,Bener kok publik emg berhak tau pengelolaannya,['kompascom'],Wed Jul 22 06:38:21 +0000 2026,0,0,0,0,3.0,2020756282287026176,zfranhayes,Zafran Hayes,0,False
https://x.com/regar_op0sisi/status/2079208098141794557?s=20,2079208098141794557,2079401678143709553,Sejarah om Jokowi jangan diulang bangun bandara tanpa kajian mendalam akhirnya sibuk cari pasarnya dan penggunaan anggaran dari utang tidak maksimal sedangkan bunga terus jalan,"['regar_op0sisi', 'prabowo']",Tue Jul 21 03:02:48 +0000 2026,3,0,0,0,15.0,1951202706,nunj23,...,1619,True
https://x.com/ardisatriawan/status/2080621729022693665?s=20,2080621729022693665,2080629676138225815,"Infrastruktur dasar perlu, MBG juga perlu. Bagaimana menyeimbangkan supaya tepat sasaran dengan anggaran yg terbatas, ini yg menjadi tantangan",['ardisatriawan'],Fri Jul 24 12:22:25 +0000 2026,0,0,0,0,22.0,1690984270440062976,deddypp5,Dr. Ir. Deddy S,19,False
https://x.com/JVLEHA/status/2079800619280605645?s=20,2079800619280605645,2079943285767065738,kirain beneran orang yang sama ajg,['JVLEHA'],Wed Jul 22 14:54:57 +0000 2026,0,0,0,0,32.0,3011731933,mediboker,kimi,55,False
https://x.com/txtdrimedia/status/2079154852257513702?s=20,2079154852257513702,2079157356584382576,"Pemikiran kolot yg semua harus disuapin.

Lu kasih aja pekerjaan layak buat rakyat nanti jg bisa cari makan sendiri. Kocak.",['txtdrimedia'],Mon Jul 20 10:51:57 +0000 2026,2,0,0,0,386.0,1329810110646951936,firstcrackkk,typing...,1335,False
https://x.com/LambeSahamjja/status/2081381717244555418?s=20,2081381717244555418,2081561150412493022,"padahal bapaknya residivis, spesialis curi ayam juara, ayam sabung.. kek mana nyembuhinnya dgn mbg?",['LambeSahamjja'],Mon Jul 27 02:03:46 +0000 2026,0,0,0,0,37.0,1225695148094263297,linea_rosso,Regenbogen 🌼🌺🪻🌸🏵,31,False
https://x.com/regar_op0sisi/status/2079741597135372765?s=20,2079741597135372765,2079866893805236487,"Aduhhh, ngga membutuhkan koq  di beli..??, trilyun loh beli motor, sembrono, di sengaja dngn sistematis. Fee nya udah masuk kantong..",['regar_op0sisi'],Wed Jul 22 09:51:24 +0000 2026,0,0,0,0,269.0,2069462868941234176,risqaqudj,risqa,1,False
https://x.com/tempodotco/status/2079899270199595250?s=20,2079899270199595250,2079916662325915684,Ayo tebak dia akan terjerat kasus setelah menjabat berapa bulan?,['tempodotco'],Wed Jul 22 13:09:09 +0000 2026,0,0,0,0,104.0,1847271745939783680,PhSimatupang,ᯇᯒ᯲ᯑ ᯂᯞᯬᯔᯬᯀᯉ᯲ ᯘᯪᯔᯖᯮᯇᯰ 🪄,219,False
https://x.com/kompascom/status/2079052174693441955?s=20,2079052174693441955,2079513773069799726,"Haters gonna hate, MBG gonna innovate. Simple as that! 🤙",['kompascom'],Tue Jul 21 10:28:13 +0000 2026,0,0,0,0,2.0,93556647,keekee0009,ArielBoyd,1,False
https://x.com/ardisatriawan/status/2080621729022693665?s=20,2080621729022693665,2080636774825779319,Suruh menteri pendidikan lewat sini biar ga kebanyakan bacot,['ardisatriawan'],Fri Jul 24 12:50:38 +0000 2026,0,0,0,0,11.0,1193388992261062656,KeurCobain,Keur Cobain,70,False
https://x.com/BarisanOpOsisi/status/2076122669045719102?s=20,2076122669045719102,2076155828244279692,Semangat,['Adenurj62093638'],Sun Jul 12 04:04:57 +0000 2026,2,0,1,0,6552.0,1228468489511292928,BarisanOpOsisi,Novie Anwar,26212,False
https://x.com/regar_op0sisi/status/2079208098141794557?s=20,2079208098141794557,2079414784454512711,"""Bahas Kopdes Merah Putih itu bukan cuma soal ide, tapi soal eksekusi. Sistem pengawasan digital dan transparansi keuangannya gimana? Tanpa itu, kritik publik bakal terus bergulir dan berpotensi terbukti.""","['regar_op0sisi', 'prabowo']",Tue Jul 21 03:54:52 +0000 2026,2,0,0,0,16.0,1831511028154429440,gariswaktu345,タイムライン,3273,True
https://x.com/txtdrimedia/status/2079154852257513702?s=20,2079154852257513702,2079361295158329852,dari 10 rb yg diterima anak anak. Orang tua menghabiskan lebih banyak pengeluaran untuk kenaikan harga barang.  Apalagi dia akan mencari celah untuk menarik pajak dari semua lini.,['txtdrimedia'],Tue Jul 21 00:22:20 +0000 2026,1,0,0,0,477.0,2007664501508997120,GaluchatI,galuchat,1,False
https://x.com/regar_op0sisi/status/2079741597135372765?s=20,2079741597135372765,2080258440665104453,"Bagus nih, biar rakyat punya penghasilan tetap dari pengelolaan Dapur MBG. Makasih Pak Presiden! 🙌",['regar_op0sisi'],Thu Jul 23 11:47:16 +0000 2026,0,0,0,0,39.0,1654161496019021824,adnanalam228,Adnan Alam,3,False
https://x.com/JVLEHA/status/2079800619280605645?s=20,2079800619280605645,2079866331009335748,Belum panen pisang,['JVLEHA'],Wed Jul 22 09:49:10 +0000 2026,0,0,0,0,49.0,1423627056584167433,nontoninyt,nontoninapa,20,False
https://x.com/BarisanOpOsisi/status/2076122669045719102?s=20,2076122669045719102,2076648968701005964,Yes.. https://t.co/dayLrLCDDK,['BarisanOpOsisi'],Mon Jul 13 12:44:31 +0000 2026,3,1,1,0,83.0,1685924999482523648,ArjayaDirja,Arjaya Dirja,3746,False
https://x.com/regar_op0sisi/status/2079208098141794557?s=20,2079208098141794557,2079367483199472017,"Nah bener jgn egois, gua tau ini janji yang paling mudah untuk anda tepati tapi pikiran juga anggaran yg dikorupsi, anak anak yg keracunan","['regar_op0sisi', 'prabowo']",Tue Jul 21 00:46:55 +0000 2026,1,0,0,0,26.0,2023208228558082048,fitra_luth9801,Innocent,4935,True
https://x.com/Naandaa27/status/2077672020863533184?s=20,2077672020863533184,2078151528054231463,"Woooiii Qodari @pco_ri 
coba jelasin... Blom seminggu MBG dimulai, ini Makanan dari tahun berapa Produksi nya ??? 

Coba doong BAKOM tester makan duluan sebelum di edarkn ke Murid Sekolah 

Pejabat yg dapat untung dari Proyek MBG 
Murid Sekolah yg jadi korban Janji Kampanye",['Naandaa27'],Fri Jul 17 16:15:09 +0000 2026,0,0,0,0,25.0,174193809,jawir69,Don Lomax,773,False
https://x.com/LambeSahamjja/status/2081381717244555418?s=20,2081381717244555418,2081383323381965239,"kenyang itu kebutuhan hari ini, kerjaan itu jaminan buat besok. kalau tiap masalah kemiskinan jawabannya selalu MBG, 19 juta lapangan kerja yang dulu dijanjiin arahnya kemana",['LambeSahamjja'],Sun Jul 26 14:17:09 +0000 2026,2,0,0,0,917.0,1336674503384911878,rannnkyu,ranitidine,1362,True
https://x.com/tempodotco/status/2079899270199595250?s=20,2079899270199595250,2080149487906173131,jdi kepala emg wajib pnya dapur? yg wajib tuh pnya responsibility njing dan ga jdi pejabat korup,['tempodotco'],Thu Jul 23 04:34:19 +0000 2026,0,0,0,0,305.0,1511611987138347014,hiufindmee,nara,76,False
https://x.com/txtdrimedia/status/2079154852257513702?s=20,2079154852257513702,2079193169015845037,"Kalau emang gamau ada kemiskinan dan kelaparan, ya perbanyak lapangan kerja
Dengan apa? Peningkatan investasi dan perbaikan  iklim investasi
Kalau cuma ngasih sekali sehari satu orang dengan biaya luar biasa itu mah namanya pemborosan",['txtdrimedia'],Mon Jul 20 13:14:15 +0000 2026,1,0,1,0,643.0,2018535574337142784,rakifsoirama,amar,1,False
https://x.com/regar_op0sisi/status/2079741597135372765?s=20,2079741597135372765,2079915059787223229,"Emang utk beli motor itu pake uang nenek moyangnya,seenaknya udh terlanjur....rakyat peras keringat utk bayar pajak...eh penguasa enak aja udh terlanjur.....taaeekkkk ngk tu",['regar_op0sisi'],Wed Jul 22 13:02:47 +0000 2026,1,0,1,0,160.0,1415256524348293126,roso_zz70,Roso_zz70,206,False
https://x.com/JVLEHA/status/2079800619280605645?s=20,2079800619280605645,2079927532267401351,Beda genre yaa kekw,"['JVLEHA', 'heyoulovess']",Wed Jul 22 13:52:21 +0000 2026,0,0,0,0,17.0,1749027306306441216,onel00_,ciii 🦋🦋,1990,True
https://x.com/BarisanOpOsisi/status/2076122669045719102?s=20,2076122669045719102,2076812021115552231,Yes,['ArjayaDirja'],Mon Jul 13 23:32:25 +0000 2026,0,0,0,0,60.0,1228468489511292928,BarisanOpOsisi,Novie Anwar,26212,False
https://x.com/ardisatriawan/status/2080621729022693665?s=20,2080621729022693665,2080624121118110103,"Yg penting kenyang, gak peduli sekolahnya ambruk, gak peduli jembatan ambruk. Pokoknya kenyang",['ardisatriawan'],Fri Jul 24 12:00:21 +0000 2026,0,0,0,0,26.0,300758762,zuhdii_,Pak Udin,1630,True
https://x.com/LambeSahamjja/status/2081381717244555418?s=20,2081381717244555418,2081436774212231524,"yg dibahas bukannya kesejahteraan, kemiskinan dan ketimpangan yg terjadi di desa-desa yg jauh dari sorot pemerintah eh ini malah tiba2 disangkutin MBG. mana udah pake hastag begituan, ternyata ya kaya pun tidak menolong hati nurani dan nalar orang itu bisa baik.",['LambeSahamjja'],Sun Jul 26 17:49:32 +0000 2026,2,2,0,0,575.0,1231835973111054336,__conductorrr,the,27,False
https://x.com/tempodotco/status/2079899270199595250?s=20,2079899270199595250,2079944342182261002,"Kamu salah satu pemilik program dan penguasa anggaran MBG, apa pentingnya punya dapur?",['tempodotco'],Wed Jul 22 14:59:09 +0000 2026,0,0,0,0,1122.0,1951295115441610759,esahamid1917,Bayi,0,False
https://x.com/txtdrimedia/status/2079154852257513702?s=20,2079154852257513702,2079178604806803800,"Dari awal sebagian rakyat udah liat kecurangan bahkan dari tahapan pendaftaran Paslon anda dan wakil anda, Pak. Dari awal bgt kami tidak diam, tapi tetap tidak didengar bukan? Dari awal Anda munculkan ide MBG sebagian dari kami sudah berisik, tapi anda mana mau dengar.",['txtdrimedia'],Mon Jul 20 12:16:23 +0000 2026,1,0,0,0,428.0,1613099743445667840,anfy1396,azz,1,False
https://x.com/regar_op0sisi/status/2079208098141794557?s=20,2079208098141794557,2079372325301236074,Ngeyel dan tolol...otaknya ga nyampe,"['regar_op0sisi', 'prabowo']",Tue Jul 21 01:06:09 +0000 2026,1,0,0,0,21.0,1672903367247691777,sangdatuk01,Sang_Datuk,1092,False
https://x.com/JVLEHA/status/2079800619280605645?s=20,2079800619280605645,2079978486396338563,Sialaaannn 😭,['JVLEHA'],Wed Jul 22 17:14:49 +0000 2026,0,0,0,0,6.0,1724813308258320384,C0990990,c,44,False
https://x.com/ardisatriawan/status/2080621729022693665?s=20,2080621729022693665,2080651367295905862,Dengan MBG anak2 jadi bisa merayap di jembatan lebih cepat,['ardisatriawan'],Fri Jul 24 13:48:37 +0000 2026,0,0,0,0,20.0,97863264,revinmuhammad,Muhammad Rayvin,1052,True
https://x.com/kompascom/status/2079052174693441955?s=20,2079052174693441955,2079818301585477734,Kalo emg semua sesuai aturan ya santuy aja,['kompascom'],Wed Jul 22 06:38:18 +0000 2026,0,0,0,0,3.0,2037031093057343488,elzareema,Elzaira Qareema,0,False
https://x.com/regar_op0sisi/status/2079741597135372765?s=20,2079741597135372765,2079962066614681730,"Harusnya bisa dipidana kyk nadim, pdhl nadim barangnya digunakan lah ini beli doang kgk dipakai",['regar_op0sisi'],Wed Jul 22 16:09:35 +0000 2026,1,0,0,0,46.0,972309611779801088,nojenen9,patt,116,False
https://x.com/tempodotco/status/2079899270199595250?s=20,2079899270199595250,2080240016702480540,"Yang mulia tidak punya dapur mbg, tapi yang Mulia merangkap beberapa jabatan yang seharusnya MALU.",['tempodotco'],Thu Jul 23 10:34:03 +0000 2026,0,0,0,0,85.0,3022824320,semaul24,Maulana Al-Farisi,111,False
https://x.com/LambeSahamjja/status/2081381717244555418?s=20,2081381717244555418,2081424050606506388,"aduh inimah udah ga bisa di benerin lagi pola pikirnya, semoga cepet sembuh ya putra",['LambeSahamjja'],Sun Jul 26 16:58:59 +0000 2026,0,0,0,0,1956.0,1759169022539829248,bjiikelapa,Biji pala,2,False
https://x.com/ardisatriawan/status/2079031883900633488?s=20,2079031883900633488,2079208443198820718,Kok bisa ambruk sih? Nanti MBG nya dikirim kemana jadinya?,['ardisatriawan'],Mon Jul 20 14:14:57 +0000 2026,0,0,0,0,36.0,1642864069,bebeksambelitem,bebekmadura,1054,True
https://x.com/BarisanOpOsisi/status/2076122669045719102?s=20,2076122669045719102,2076158618580259261,Pegawai MBG yang stress nyari uang ke mana...,['BarisanOpOsisi'],Sun Jul 12 04:16:02 +0000 2026,3,1,1,0,1076.0,1671156984761155586,rikiAiza,riki,1639,False
https://x.com/JVLEHA/status/2079800619280605645?s=20,2079800619280605645,2080194866647318601,@raisabino kenapa?,['JVLEHA'],Thu Jul 23 07:34:39 +0000 2026,0,0,0,0,12.0,291619282,renanda_K,Renanda Kurniawan,18,False
https://x.com/regar_op0sisi/status/2079208098141794557?s=20,2079208098141794557,2079442370681254355,"Proyek besar ladang korupsi, masih mau lanjut? Hendeng #MakanBeracunGratis #MalingBerkedokGizi #GemoyMakinSadis","['regar_op0sisi', 'prabowo']",Tue Jul 21 05:44:29 +0000 2026,1,0,0,0,16.0,1860601305120858112,abang_hari64542,Hariyanto,94,False
https://x.com/txtdrimedia/status/2079154852257513702?s=20,2079154852257513702,2079171155307778398,"Siapa sih yang diem? 
Mana ada rakyat diem bae waktu ada kecurangan. 
Lawong menpu mau menyalahgunakan jabatannya aja netizen pada bersuara.",['txtdrimedia'],Mon Jul 20 11:46:47 +0000 2026,1,0,0,0,645.0,2591775756,NgajarDiDesa,BuGuruDesa,3249,True
https://x.com/ardisatriawan/status/2080621729022693665?s=20,2080621729022693665,2080624500656459831,Serem banget. Even outbound yang pernah kuikuti aja ga pernah kaya gini,['ardisatriawan'],Fri Jul 24 12:01:51 +0000 2026,0,0,0,0,14.0,160217638,johnjoshdpras,Josh,2070,True
https://x.com/Naandaa27/status/2077672020863533184?s=20,2077672020863533184,2077784913458479425,"Uda gede bletaung nye, usia udah memasuki 6-12 jam tuh",['Naandaa27'],Thu Jul 16 15:58:21 +0000 2026,0,0,0,0,3.0,1503497935,Unode_Libero,kapten Racunshp,251,False
https://x.com/regar_op0sisi/status/2079208098141794557?s=20,2079208098141794557,2079370147526324575,Presiden sak penake dewe,"['regar_op0sisi', 'prabowo']",Tue Jul 21 00:57:30 +0000 2026,1,0,0,0,21.0,58825602,icukprayogi,dosen linguistik biasa,3396,True
https://x.com/LambeSahamjja/status/2081381717244555418?s=20,2081381717244555418,2081626269893214317,"katanya bukan karna buat makan ayamnya, tapi ayam aduan buat judey gitu, motor yang di bawa juga hasil rampok",['LambeSahamjja'],Mon Jul 27 06:22:32 +0000 2026,0,0,0,0,104.0,1786583916671098880,Amelllpieee,Amelll,1,False
https://x.com/regar_op0sisi/status/2079741597135372765?s=20,2079741597135372765,2080297038290497776,Gila ini dukunnya pemerintah kuat bgt. Sebrutal gini ga ada gerakan amuk massa ke mereka,['regar_op0sisi'],Thu Jul 23 14:20:38 +0000 2026,0,0,0,0,21.0,76616257,mencla_mencle,#1312🤝,812,False
https://x.com/JVLEHA/status/2079800619280605645?s=20,2079800619280605645,2079885528682643796,the REAL question,['JVLEHA'],Wed Jul 22 11:05:27 +0000 2026,0,0,0,0,45.0,1271587731311714304,soondoongie,nyaw,3316,True
https://x.com/ardisatriawan/status/2080621729022693665?s=20,2080621729022693665,2080623571911803188,"""Makanya dikasi MBG biar mereka strong bisa lewatin itu"" - ucap mereka.",['ardisatriawan'],Fri Jul 24 11:58:10 +0000 2026,0,0,0,0,16.0,1281945053158502405,popcornhariini,Panggil aku Pop! 🍿,759,True
https://x.com/tempodotco/status/2079899270199595250?s=20,2079899270199595250,2080145858595889339,Gak punya dapur mbg tapi punya rekam jejak kasus korupsi dan TPPU Aset BUMD Cilacap,['tempodotco'],Thu Jul 23 04:19:54 +0000 2026,0,0,0,0,62.0,1247727371194527745,UKumalajaya,Udin Syaridaz Kumalajaya,76,False
https://x.com/txtdrimedia/status/2079154852257513702?s=20,2079154852257513702,2079422354233679929,"kalo mau menghapusnkan kemiskinan ya dikasih penghidupan yang layak rakyatnya biar hidupnya sejahtera. kasih lapangan kerja dan gaji yg layak, pendidikan, serta kesehatan, pasti sejahtera mereka. kalo miskin cuma dikasih makan ya kenyang doang, miskinnya mah tetep.",['txtdrimedia'],Tue Jul 21 04:24:57 +0000 2026,1,0,0,0,277.0,1081486401642745857,laughingfoxxxxx,antek asing,29,False
https://x.com/regar_op0sisi/status/2079208098141794557?s=20,2079208098141794557,2079358356154892770,Jijik,"['regar_op0sisi', 'prabowo']",Tue Jul 21 00:10:39 +0000 2026,1,0,0,0,23.0,594812329,bananasel_id,banana,328,False
https://x.com/JVLEHA/status/2079800619280605645?s=20,2079800619280605645,2080138836974485947,Pecaaaah 😭😭😭😭👏👏👏,['JVLEHA'],Thu Jul 23 03:52:00 +0000 2026,0,0,0,0,8.0,352165872,nitamaediana,Diary Pink 🩷,1301,True
https://x.com/regar_op0sisi/status/2079741597135372765?s=20,2079741597135372765,2079782625670291626,"kasihan sebenarnya dia, karir bagus di BPKP harus cuci masalah di BGN, bbrp masalah sudah fatal kalau dia di posisi auditor.",['regar_op0sisi'],Wed Jul 22 04:16:33 +0000 2026,0,0,0,0,264.0,1521733348422418432,bedebach8716,bedebach,0,False
https://x.com/ardisatriawan/status/2080621729022693665?s=20,2080621729022693665,2080679724238729635,"buat rakyat yg membutuhkan aja ga dipikirin, yg dipikir cuma makan gratis ga enak itu yg adekku ga doyan",['ardisatriawan'],Fri Jul 24 15:41:18 +0000 2026,0,0,0,0,23.0,1806383448631988224,fasyalalal,fasyaa,7966,True
https://x.com/LambeSahamjja/status/2081381717244555418?s=20,2081381717244555418,2081664266051142007,MBG mau di lanjutin? Uangnya dari mana ? Kita bangkrut pak nga punya duit. Cek aja defisit uda berapa apbn perbulan ini?,['LambeSahamjja'],Mon Jul 27 08:53:31 +0000 2026,0,0,0,0,99.0,1868133330363019264,DolarPemburu07,Pemburu dolar,1,False
https://x.com/tempodotco/status/2079899270199595250?s=20,2079899270199595250,2080147070711992489,Kamu ga punya tapi sodara lu? 😂,['tempodotco'],Thu Jul 23 04:24:43 +0000 2026,0,0,0,0,44.0,1681507194901254144,lampu_patromaks,lampu patromaks,92,True
https://x.com/regar_op0sisi/status/2079208098141794557?s=20,2079208098141794557,2079425327319961807,https://t.co/JthRBF1Jzi,"['regar_op0sisi', 'prabowo']",Tue Jul 21 04:36:46 +0000 2026,1,0,0,1,43.0,1604088193196109826,wibisonoys,"Jusuf Wibisono,SH.MM.MH",1258,True
https://x.com/kompascom/status/2079052174693441955?s=20,2079052174693441955,2079818319834587145,Program gede emg wajar diawasin rame2,['kompascom'],Wed Jul 22 06:38:23 +0000 2026,0,0,0,0,41.0,2037381370012438528,elvrazvnya,Elvara Zevanya,0,False
https://x.com/regar_op0sisi/status/2079741597135372765?s=20,2079741597135372765,2080092848633061402,"Seprti judul buku ya,, “ NEGERI PARA BEDEBAH “,,",['regar_op0sisi'],Thu Jul 23 00:49:16 +0000 2026,0,0,0,0,157.0,1941432119152214016,GOnions77599,kastanye🌰,1,False
https://x.com/ardisatriawan/status/2080621729022693665?s=20,2080621729022693665,2080836075610948025,"Biar punya tenaga untuk melalui rintangan ninja warrior

https://t.co/nBPJYmb5iv",['ardisatriawan'],Sat Jul 25 02:02:35 +0000 2026,0,0,0,0,48.0,1079734702414516225,sibambaang,Bambang,8548,True
https://x.com/txtdrimedia/status/2079154852257513702?s=20,2079154852257513702,2079182764423958849,Ngasih makan sekali aja kok kayak yg paling² berjasa di dunia. Matanya itu mbok ya dibuka paak https://t.co/yPUBE7nUXe,['txtdrimedia'],Mon Jul 20 12:32:55 +0000 2026,1,0,0,0,485.0,538227522,IsyaOkta,Isya LockeyG✱6,336,False
https://x.com/tempodotco/status/2079899270199595250?s=20,2079899270199595250,2080110019778125845,Becoming new comer mwehehehe https://t.co/8gHFHCCEF6,['tempodotco'],Thu Jul 23 01:57:29 +0000 2026,0,0,0,0,406.0,1965648003622211584,9Velvett,Velvett,181,False
https://x.com/JVLEHA/status/2079800619280605645?s=20,2079800619280605645,2080235406134743195,🤣🤣,['JVLEHA'],Thu Jul 23 10:15:44 +0000 2026,0,0,0,0,3.0,400465041,anissa_assin,n i s a,289,False
https://x.com/regar_op0sisi/status/2079208098141794557?s=20,2079208098141794557,2079845010829357161,"Setuju sekali. Memang program ini punya tujuan mulia, tapi fakta di lapangan sangat mengkhawatirkan. Sudah terbukti ada celah korupsi—terbukti dengan penahanan pimpinan BGN dan dugaan mark-up pengadaan, serta lebih dari 33.000 kasus keracunan hingga April 2026.","['regar_op0sisi', 'prabowo']",Wed Jul 22 08:24:26 +0000 2026,0,0,0,0,7.0,1469009039455490048,Assri20141638,Assri,1,False
https://x.com/regar_op0sisi/status/2079741597135372765?s=20,2079741597135372765,2079948602043232334,Dari si Dadan pindah ke Nani lalu pindah ke Daryono persis spt bagi2 kue,['regar_op0sisi'],Wed Jul 22 15:16:04 +0000 2026,1,0,0,0,53.0,1562817829451493377,SuhariadiHarry,Suhariadi Harry,11,False
https://x.com/LambeSahamjja/status/2081381717244555418?s=20,2081381717244555418,2081384578149925293,"Ini bukti anak orang kaya otaknya belum tentu bener
Logika orang nyuri ayam itu karena ??apa
Ya karena yg dikasih makan itu cuman anaknya
Tapi Bapaknya kesulitan mencari pekerjaan
Tapi apa??yak anaknya dikasih makn doang 1x sehari
Lucunya org tuanya dibiarkan kelaparan

Jangan",['LambeSahamjja'],Sun Jul 26 14:22:08 +0000 2026,79,0,0,0,2392.0,1576390259260026882,Rizkyland_,Rizkyland▫️,1516,True
https://x.com/kompascom/status/2079052174693441955?s=20,2079052174693441955,2079513035446866083,"MBG is doing great, keep going! Jangan dengerin suara sumbang yang gak guna 🚀",['kompascom'],Tue Jul 21 10:25:17 +0000 2026,0,0,0,0,10.0,1680876102,nikoleR_09,Nikole Repela,7,False
https://x.com/ardisatriawan/status/2079031883900633488?s=20,2079031883900633488,2079248612236890532,https://t.co/4kl3AlYzCT,['ardisatriawan'],Mon Jul 20 16:54:34 +0000 2026,0,0,0,0,42.0,1071490043217235968,andreasicamaru,Andrea,26,False
https://x.com/tempodotco/status/2079899270199595250?s=20,2079899270199595250,2080191110245462087,yang bener https://t.co/YswkRHjujM,['tempodotco'],Thu Jul 23 07:19:43 +0000 2026,0,0,0,0,68.0,1522921235784556544,AsinanAsasin,Kekuatan🍉,437,False
https://x.com/ardisatriawan/status/2080621729022693665?s=20,2080621729022693665,2080631790667276418,Dikasi MBG di sekolah supaya semangat lewat jembatan. Mungkin begitu,['ardisatriawan'],Fri Jul 24 12:30:49 +0000 2026,0,0,0,0,18.0,435751587,Sultan_Barca08,BacaBarcaID,644,True
https://x.com/txtdrimedia/status/2079154852257513702?s=20,2079154852257513702,2079450587977191840,"Kalo gt siapin juga MBG buat jam siang n jam malem, lu kira ornh kelaperan cuman dikasih makan secuil pas pagi... Udh gt? Gak akan kelaperan lagi ampe malem? 💀

Kalo balesnya ""kan bisa beli/masak"", ya dari dulu juga sblm ada mbg kita dah masak buat keluarga sndiri",['txtdrimedia'],Tue Jul 21 06:17:09 +0000 2026,1,0,1,0,74.0,739398703799111680,haruyeager,Haruu 🍉,84,False
https://x.com/LambeSahamjja/status/2080933139564949662?s=20,2080933139564949662,2081340449571447203,"Karena MBG bisa mudah dikorupsi secara besar besaran, sedangkan yg lain itu sulit

*Pak @prabowo bisa memanipulasi data

*Orang² BGN bisa dpt setoran dari para pemilik SPPG

*Para pemilik SPPG selain dpt jatah 6 juta perhari juga bisa ngembat jatah penerima MBG

Itu masalahnya
. https://t.co/EEFnEiQgfT",['LambeSahamjja'],Sun Jul 26 11:26:47 +0000 2026,0,0,0,0,127.0,1071871603829424128,papa_sheva,🇮🇩Papa Sheva🇮🇩,1314,False
https://x.com/BarisanOpOsisi/status/2076122669045719102?s=20,2076122669045719102,2076232923838365954,Mereka yg kasak kusuk.,['rikiAiza'],Sun Jul 12 09:11:18 +0000 2026,1,0,0,0,938.0,1228468489511292928,BarisanOpOsisi,Novie Anwar,26212,False
https://x.com/regar_op0sisi/status/2079741597135372765?s=20,2079741597135372765,2080127962222039281,Bego... banget sih... mbentar lagi sih ketoke....konoha bubar...,['regar_op0sisi'],Thu Jul 23 03:08:47 +0000 2026,0,0,0,0,118.0,2312573672,santos_81415,muh santoso,87,False
https://x.com/JVLEHA/status/2079800619280605645?s=20,2079800619280605645,2079941718330458181,Beda orang ga sih kak? 😭,['JVLEHA'],Wed Jul 22 14:48:43 +0000 2026,0,0,0,0,19.0,1821581921899687936,hellomonday149,Maja,2561,True
https://x.com/regar_op0sisi/status/2079208098141794557?s=20,2079208098141794557,2079524482163872120,Emg tua bangka kolot guoblogg,"['regar_op0sisi', 'prabowo']",Tue Jul 21 11:10:46 +0000 2026,0,0,0,0,9.0,2043942367028183040,Dibanmulu_taik,dibanmulu.taik,6,False
https://x.com/kompascom/status/2079052174693441955?s=20,2079052174693441955,2079509898380153183,Positive vibes only buat MBG! Kalian keren banget jangan dengerin omongan orang 🌟,['kompascom'],Tue Jul 21 10:12:49 +0000 2026,0,0,0,0,16.0,761630867752099840,HolblTheresia,Theresia Holbl,1,False
https://x.com/kompascom/status/2079198548089041058?s=20,2079198548089041058,2079363026529268116,coba tanyakan anak2 dan orang tuanya.. mana yg mereka pilih.. gedung sekolah yg layak apa makan 1x sehari?? janganlah tutup mata dengan keadaan ini https://t.co/s9pth9rzTm,['kompascom'],Tue Jul 21 00:29:12 +0000 2026,10,3,2,0,407.0,1145988139342655488,iman_hzl19,Iman Hzl,20,False
https://x.com/tempodotco/status/2079899270199595250?s=20,2079899270199595250,2080128567804142039,"dianya ga punya tapi teman,kerabat,sodaranya?
trus oenyelidikan pengadaan barang tolol² itu gimana?",['tempodotco'],Thu Jul 23 03:11:12 +0000 2026,0,0,0,0,30.0,1043335599254458368,DeusMachina8,Thomas Jasper,33,False
https://x.com/ardisatriawan/status/2079031883900633488?s=20,2079031883900633488,2079604999576072462,logika blongnya tuh blong banget gustiiii😭🤣,['ardisatriawan'],Tue Jul 21 16:30:43 +0000 2026,0,0,0,0,6.0,1429342516340350976,eugenol18,🦋,142,False
https://x.com/ardisatriawan/status/2080621729022693665?s=20,2080621729022693665,2080622628478628315,"ya allaah yg melintasinya pun juga berani bgt ya, kyk ga layak bgt itu jembatan buat di sebrangi keliatan beresiko bgt itu",['ardisatriawan'],Fri Jul 24 11:54:25 +0000 2026,0,0,0,0,24.0,899578706,widoublev,Widya Ruby,9527,True
https://x.com/regar_op0sisi/status/2079741597135372765?s=20,2079741597135372765,2080256710980325709,Semoga makin banyak Dapur MBG di seluruh pelosok ya. Lapangan kerja makin terbuka lebar buat warga. Mantap! 🚀,['regar_op0sisi'],Thu Jul 23 11:40:23 +0000 2026,0,0,0,0,47.0,709182601198604288,Talk2Gamer,TalkToGamer,4,False
https://x.com/txtdrimedia/status/2079154852257513702?s=20,2079154852257513702,2079176288590594293,Tidak boleh ada kemiskinan tapi rakyat dipajakin terus sampe miskin,['txtdrimedia'],Mon Jul 20 12:07:11 +0000 2026,1,0,0,0,561.0,1499669978433290242,yoursmileis_s,HAHAHIHI,33,True
https://x.com/JVLEHA/status/2079800619280605645?s=20,2079800619280605645,2079943849187962995,Kalau ini saya juga mauuuu,['JVLEHA'],Wed Jul 22 14:57:11 +0000 2026,0,0,0,0,10.0,1722529075854733312,falmiras97,Lah Firyal,747,True
https://x.com/regar_op0sisi/status/2079208098141794557?s=20,2079208098141794557,2079332761559826439,Saya pikir presiden ini  akan jatuh dg sendirinya tanpa didorong untuk jatuh,"['regar_op0sisi', 'prabowo']",Mon Jul 20 22:28:57 +0000 2026,0,0,0,0,34.0,1812367677895446528,AgusEPurwanto,Arek Yasmin,1,False
https://x.com/LambeSahamjja/status/2080933139564949662?s=20,2080933139564949662,2081246103861686450,"mohon maaf nih pak bakom yg terhormat, saya dulu ke sekolah ga pernah sarapan. Bukan karena ga ada sarapan tapi habis sarapan selalu pingin puup.",['LambeSahamjja'],Sun Jul 26 05:11:53 +0000 2026,3,0,1,0,494.0,1805042740587319296,PutriSavit2741,Dian Savita Putri,0,False
https://x.com/kompascom/status/2079052174693441955?s=20,2079052174693441955,2079817538255331759,Setiap penggunaan anggaran negara harus dapat dipertanggungjawabkan,['kompascom'],Wed Jul 22 06:35:16 +0000 2026,0,0,0,0,3.0,1871083323726184448,adriaannglihh,Adrian Galih,5,False
https://x.com/tempodotco/status/2079899270199595250?s=20,2079899270199595250,2079913561573495219,Yg punya da kabur kluar negeri alesan klasik sakit priksa jantoeng 🤣🤣🤣,['tempodotco'],Wed Jul 22 12:56:50 +0000 2026,0,0,0,0,505.0,249313064,ahsokadude,Walk In,5,False
https://x.com/kompascom/status/2079198548089041058?s=20,2079198548089041058,2079334767401849058,"Yang dikritik adalah program tanpa perencanaan dan kajian memadai, tidak ada laporan yang dapat diverifikasi, tidak ada kriteria dan indikator keberhasilan program dan tidak ada audit atas pelaksanaan anggaran.
Keberhasilan hanya dilaporkan secara lisan

Akuntabilitas yg dikritik",['kompascom'],Mon Jul 20 22:36:55 +0000 2026,8,1,0,0,940.0,363380931,syueb2011,Syueb Abuhanifah,929,True
https://x.com/JVLEHA/status/2079800619280605645?s=20,2079800619280605645,2079917454629982646,Beda Nanik😭,['JVLEHA'],Wed Jul 22 13:12:18 +0000 2026,0,0,0,0,23.0,2257444100,itsrealarin,a-rin.a,1497,False
https://x.com/ardisatriawan/status/2079031883900633488?s=20,2079031883900633488,2079067807803965502,Jadi MBG itu untuk siapa?,['ardisatriawan'],Mon Jul 20 04:56:07 +0000 2026,0,0,0,0,90.0,1110597678952386560,SC_IDN,Social commentary,1732,True
https://x.com/kompascom/status/2079052174693441955?s=20,2079052174693441955,2079510676876234914,"Gak habis pikir sama yang ngetik hate comment buat MBG, padahal mereka niatnya mulia 🤨",['kompascom'],Tue Jul 21 10:15:55 +0000 2026,0,0,0,0,2.0,1391598291759009793,SofiaAg45076482,SofiaAg,4,False
https://x.com/ardisatriawan/status/2080621729022693665?s=20,2080621729022693665,2080636061177511947,"Kata salah satu politisi begitu.
Klo kata BAKOM mereka sbagian besar ke sekolah dalam kondisi perut lapar jadi perlu di kasi MBG biar kenyang.",['ardisatriawan'],Fri Jul 24 12:47:47 +0000 2026,0,0,0,0,16.0,1794334152571191296,imanuel_fl,Imanuel Lawalata 🌴,1691,True
https://x.com/Naandaa27/status/2077672020863533184?s=20,2077672020863533184,2078020453738930263,"Ini bulan di Indonesia
Paham ya https://t.co/a5Z7Ji9L7z",['Naandaa27'],Fri Jul 17 07:34:18 +0000 2026,0,0,0,0,39.0,72010193,kangmirdja,"Love Indonesia, hate Drugs!",8268,True
https://x.com/regar_op0sisi/status/2079208098141794557?s=20,2079208098141794557,2079425327416381884,Ndableg 😤,"['regar_op0sisi', 'prabowo']",Tue Jul 21 04:36:46 +0000 2026,1,0,0,0,19.0,2062906698273378304,GRINDPEACE8910,GRINDPE🅰CE,78,True
https://x.com/LambeSahamjja/status/2080933139564949662?s=20,2080933139564949662,2081153829853352258,Sudah kami jawab Mas dan Mbak @LambeSahamjja silakan cek utuh tayangannya. Terima kasih https://t.co/D5p4rsEEmC,['LambeSahamjja'],Sat Jul 25 23:05:13 +0000 2026,1,0,5,0,1565.0,222348442,hariqosatria,hariqo satria,4337,True
https://x.com/regar_op0sisi/status/2079741597135372765?s=20,2079741597135372765,2080446506243657957,"Yang kau pakai itu duit rakyat,,, mark up itu ga korupsi",['regar_op0sisi'],Fri Jul 24 00:14:34 +0000 2026,0,0,0,0,10.0,766854642,Pejenk_Arimbawa,Pejenk Arimbawa,384,False
https://x.com/txtdrimedia/status/2079154852257513702?s=20,2079154852257513702,2079210382506570117,"Sebelum embege ada, or, selama embege libur, anak2 skul pd kelaparan ga? Saat embege ga ada, yg protes murid, ortu murid, apa para sppg? Jd jelas sapa yg diuntungkan/dirugikan kan? Selama embege jalan, gmn kondisi keuangan negara? Makin baik?",['txtdrimedia'],Mon Jul 20 14:22:39 +0000 2026,1,0,1,0,794.0,1633412682606067712,madeikaha,who knows,16,False
https://x.com/BarisanOpOsisi/status/2076122669045719102?s=20,2076122669045719102,2076223393507201158,"Malah lega, teror makanan nasi sirna, ibu ibu lega",['BarisanOpOsisi'],Sun Jul 12 08:33:26 +0000 2026,4,0,1,0,1272.0,1745702346162917376,mat_teleng,Ghoul,304,False
https://x.com/kompascom/status/2079198548089041058?s=20,2079198548089041058,2079321438637711479,"Anakku hari-hari MBG gak pernah dimakan,gak layak,saya tahu karena pernah 1 minggu itu MBG dibawa pulang,dan yaaa..menu makan harga 7000 apa yang mau diharapkan.
Bergizi apa wo?!!!..bergizi apa??!!..bergizi ndasmu,mana pake duit pajak kami..itu bukan gratis,gratis ndasmu!!",['kompascom'],Mon Jul 20 21:43:57 +0000 2026,6,0,0,0,228.0,1693491426267684864,elfa44474,elfnoer_Brave,24,False
https://x.com/kompascom/status/2079052174693441955?s=20,2079052174693441955,2079817543506604112,Evaluasi terhadap tata kelola program perlu dilakukan secara berkala,['kompascom'],Wed Jul 22 06:35:18 +0000 2026,0,0,0,0,3.0,1869999031516311553,Aidaahzaa,aida hamizah,1,False
https://x.com/tempodotco/status/2079899270199595250?s=20,2079899270199595250,2079913249391382768,"halah ntr juga punya anjgg, dengan lu ngomong bgtu aja sbnrnya jdi kliatan busukkk nya ni program",['tempodotco'],Wed Jul 22 12:55:36 +0000 2026,1,1,0,0,468.0,1899819847393099776,Qiii2584082,qyueue~,6,False
https://x.com/BarisanOpOsisi/status/2076122669045719102?s=20,2076122669045719102,2076232833795072035,Alhamdulillah,['mat_teleng'],Sun Jul 12 09:10:56 +0000 2026,1,0,0,0,1132.0,1228468489511292928,BarisanOpOsisi,Novie Anwar,26212,False
https://x.com/JVLEHA/status/2079800619280605645?s=20,2079800619280605645,2079987019288359140,beda nanik anj,['JVLEHA'],Wed Jul 22 17:48:44 +0000 2026,0,0,0,0,9.0,161190342,kecoatrbang,val,2164,True
https://x.com/kompascom/status/2079198548089041058?s=20,2079198548089041058,2079322985195057520,Anda Presiden penjahat HAM. Mana ada orang baik suruh percaya perintah orang jahat? Kau tdk dengar dan melihat berapa byk siswa habis makan MBG terkapar akibat. Akibat keracunan.Mukin siswa yg makan MBG itu anak² yg orang Tuanya setengah gila.,['kompascom'],Mon Jul 20 21:50:06 +0000 2026,5,0,0,0,281.0,2070268185027522560,gotqam,𝐊𝐚𝐩𝐢𝐭𝐚𝐧,1,False
https://x.com/regar_op0sisi/status/2079741597135372765?s=20,2079741597135372765,2079920895393747306,"Nggak yakin dengan pengakuann tidak ada korupsi, lha harga jual asli nya jauh dibawah harga pengadaan.",['regar_op0sisi'],Wed Jul 22 13:25:59 +0000 2026,0,0,0,0,83.0,243998004,Ar_910,Haru Yuki,170,False
https://x.com/kompascom/status/2079052174693441955?s=20,2079052174693441955,2079818301224710569,Daripada debat mulu mending liat manfaatnya udh kerasa blm,['kompascom'],Wed Jul 22 06:38:18 +0000 2026,0,0,0,0,3.0,2037022192538705920,galisakrni,Galisa Kirani,0,False
https://x.com/ardisatriawan/status/2080621729022693665?s=20,2080621729022693665,2080623089747103813,Jadi semangat manjat jembatan krn di sekolah dapat MBG?,['ardisatriawan'],Fri Jul 24 11:56:15 +0000 2026,0,0,0,0,70.0,133746476,bmartawardaya,Berly Martawardaya,5352,True
https://x.com/kompascom/status/2079198548089041058?s=20,2079198548089041058,2079405074061877566,"Sangat jls, PS tak paham prsoalan. MBG, cuma diliat scra sangat sdrhana. Tumpul daya analisa-nya. Tdk bisa mlihat rangkaian prstiwa buruk yg trjdi, yg trhbung 1 sama lainnya, dlm kaitan MBG. sebodoh itukah, PS?! pd hal, anak SMP pun sdh bisa liat, btpa mrugikan, efek yg trjdi!! https://t.co/z15gTGxaYB",['kompascom'],Tue Jul 21 03:16:17 +0000 2026,4,2,1,0,132.0,1845514131509739520,zonalangit70,Zavatar7,53,False
https://x.com/ardisatriawan/status/2079031883900633488?s=20,2079031883900633488,2079326791026806808,gapapa ambruk yg penting ttp makan mbg🥰,['ardisatriawan'],Mon Jul 20 22:05:13 +0000 2026,0,0,0,0,16.0,1220338636215865345,pensilbiruuu,fuckri,508,False
https://x.com/regar_op0sisi/status/2079208098141794557?s=20,2079208098141794557,2079339476841844952,"betul bang, bancakan buat para penyelenggaraan nya..., presiden kita BODOH...","['regar_op0sisi', 'prabowo']",Mon Jul 20 22:55:38 +0000 2026,0,0,0,0,1.0,1954090402686124032,dullahhafi14400,dullah hafid,138,False
https://x.com/LambeSahamjja/status/2080933139564949662?s=20,2080933139564949662,2080957444524810575,"Beginilah klo data angka kemiskinan dimari tdk sesuai dg kenyataan !
Menurut BPS &lt;9%
Menurut World Bank &gt;60%
Benahi data dahulu ,perbaiki Niat,baru ambil keputusan
Jangan sampai MBG,KDMP dinisbatkan sebagai Proyek Menggarami Laut ! Hanya ngudak elektabilitas 2029 🤪",['LambeSahamjja'],Sat Jul 25 10:04:51 +0000 2026,2,0,1,0,1530.0,1776462839009714176,didihusadiwong,didiku,34,False
https://x.com/txtdrimedia/status/2079154852257513702?s=20,2079154852257513702,2079173967852798208,"Lagu lu tidak boleh ada orang Indonesia yang lapar, tapi ngasih makan 1x sehari. Suatu pola pikir yang sangat amat tolollll",['txtdrimedia'],Mon Jul 20 11:57:57 +0000 2026,1,0,0,0,88.0,2790117936,RetroViewX,Retro View,730,False
https://x.com/JVLEHA/status/2079800619280605645?s=20,2079800619280605645,2080151651906912292,Epic sih,['JVLEHA'],Thu Jul 23 04:42:55 +0000 2026,0,0,0,0,15.0,3392574477,ruevxy,Andae,31,False
https://x.com/BarisanOpOsisi/status/2076122669045719102?s=20,2076122669045719102,2076158764345074104,Ngak adalah kan ada mak yang masak dirumah.😒,['BarisanOpOsisi'],Sun Jul 12 04:16:37 +0000 2026,3,0,1,0,1287.0,1761909969925099520,BJakara171CGK,Utun,1891,False
https://x.com/regar_op0sisi/status/2079208098141794557?s=20,2079208098141794557,2079223804996587972,babak bener tapi yg di suru gak benar,"['regar_op0sisi', 'prabowo']",Mon Jul 20 15:15:59 +0000 2026,0,0,0,0,72.0,1120786727856037888,MaichelTanamal,mau damai,35,False
https://x.com/kompascom/status/2079198548089041058?s=20,2079198548089041058,2079292694304800856,Anda diserang bukan karena memberi makan anak2 sekolahan tapi karena anda tidak becus mengurus dan mengatur tata kelola negara dan pemerintahan.,['kompascom'],Mon Jul 20 19:49:44 +0000 2026,4,0,1,0,273.0,1957976532892413952,hampatha40822,Abdullah,3,False
https://x.com/ardisatriawan/status/2079031883900633488?s=20,2079031883900633488,2079033011157565627,"alhamdulillah MBG masih jalan, jadi anak2 masih bisa makan :""",['ardisatriawan'],Mon Jul 20 02:37:51 +0000 2026,0,0,0,0,116.0,2581670432,ykbh_,Bimo,5086,True
https://x.com/ardisatriawan/status/2080621729022693665?s=20,2080621729022693665,2080804722089537664,Emang berat pertaruhan nyawa jadi WNI,['ardisatriawan'],Fri Jul 24 23:57:59 +0000 2026,1,0,0,0,14.0,1267940786991099905,bangherwin,herwin,14015,True
https://x.com/kompascom/status/2079052174693441955?s=20,2079052174693441955,2079511676882489772,"Emang bener kata orang, makin tinggi pohon makin kencang anginnya, semangat MBG! 🌳",['kompascom'],Tue Jul 21 10:19:53 +0000 2026,0,0,0,0,4.0,748233536319127552,WALEED198018,waleed salim masmom,3,False
https://x.com/toe_giman/status/2077699532020957341?s=20,2077699532020957341,2077716445774151794,"Bapak yg mewakili mbg yg ketawa ketawa waktu  bapak bapak selaku orang tua murid protes, koq mentolo pingin ngapleng wae
Iki kepala sekolah diknas Yo meneng wae, koq ngawur poll ngene mbg Iki sak karepe Dewe kan dapur mbg nggak kopdes jg sama bangun aneh aneh tempatnya 🙏",['toe_giman'],Thu Jul 16 11:26:17 +0000 2026,452,10,1,0,11536.0,2056540291470065664,omiqbal237929,1qsyachrir,1411,True
https://x.com/Naandaa27/status/2077672020863533184?s=20,2077672020863533184,2078262919209312638,Wkwkwkwkwkwkkwk..... Itu ayam ud dibeli dari sebelum liburan. Jadi daripada rugi ttp dimasak aja kali. 🤣 SPPG emang banyak yang korup!!!,['Naandaa27'],Fri Jul 17 23:37:46 +0000 2026,0,0,0,0,13.0,1226557808046272512,G1N66,G1N,24,False
https://x.com/JVLEHA/status/2079800619280605645?s=20,2079800619280605645,2079935091510235300,Beda bu nanik nih,['JVLEHA'],Wed Jul 22 14:22:23 +0000 2026,0,0,0,0,10.0,1184749788,yzan_rn,Lady_Fox,718,True
https://x.com/BarisanOpOsisi/status/2076122669045719102?s=20,2076122669045719102,2076232777553654095,Yes,['BJakara171CGK'],Sun Jul 12 09:10:43 +0000 2026,0,1,0,0,1163.0,1228468489511292928,BarisanOpOsisi,Novie Anwar,26212,False
https://x.com/regar_op0sisi/status/2079208098141794557?s=20,2079208098141794557,2079409741659574548,Keras keepala.....angel...angel angell,"['regar_op0sisi', 'prabowo']",Tue Jul 21 03:34:50 +0000 2026,0,0,0,0,13.0,1829374999905669120,Satriosatrio72,Satrio satrio,2,False
https://x.com/LambeSahamjja/status/2080933139564949662?s=20,2080933139564949662,2081230427453624586,"Bosen dengernya. Memang alot bgt ngomongin MBG biarpun kebobrokannya nyata2 tlihat. Bokam bakom itu isinya org2 gak simpatik, apalagi kl ditanya. GAK PERNAH ADA ISYU ANAK2 KELAPARAN. Urusan suci... terus korupsinya? Keracunannya?  Suci itu?",['LambeSahamjja'],Sun Jul 26 04:09:35 +0000 2026,1,0,1,0,745.0,1724615270327803904,TasyaAmara41424,Rakyatjelata,9,False
https://x.com/txtdrimedia/status/2079154852257513702?s=20,2079154852257513702,2079456898961813799,"Mayah mayah mulu, pak. Kritik itu bentuk penyampaian pendapat, makanya coba dengerin dulu. Lebih baik perbaiki otak kosong daripada perut kosong, bapak. Rakyat miskin kalau tidak berpendidikan akan tetap miskin. Rakyat kaya kalau tidak berpendidikan akan jatuh miskin.",['txtdrimedia'],Tue Jul 21 06:42:13 +0000 2026,0,0,0,0,332.0,1877997903622623232,sailormoonjunii,𐔌՞ ܸ.ˬ.ܸ՞𐦯,10,False
https://x.com/ardisatriawan/status/2080621729022693665?s=20,2080621729022693665,2080623918172487703,"iya juga, kok gak kepikiran ya",['ardisatriawan'],Fri Jul 24 11:59:32 +0000 2026,0,0,0,0,15.0,898115712044089344,quintta1217,𝕭𝖚𝖐𝖆𝖓 𝕻𝖊𝖓𝖎𝖐𝖒𝖆𝖙 𝕶𝖔𝖕𝖎🇮🇩 ⚜️,13583,False
https://x.com/ardisatriawan/status/2079031883900633488?s=20,2079031883900633488,2079032740092203025,Perlu studi untuk melakukan uji korelasi terhadap 2 hal tersebut,['ardisatriawan'],Mon Jul 20 02:36:46 +0000 2026,0,0,0,0,78.0,1889859870368866304,Elyvienz,𓅄,1075,True
https://x.com/kompascom/status/2079198548089041058?s=20,2079198548089041058,2079396034443448570,"Memberi makannya itu itikad baik, tapi proses dan sistemnya yg tdk sebanding dgn dana yg digelontorkan. Dananya lebih terserap ke vendor2 MBG dibanding ke penerima MBG.Niat yg baik tdk dibarengi dgn sistem yg baik.",['kompascom'],Tue Jul 21 02:40:22 +0000 2026,5,0,1,0,193.0,1867109275979616256,Masbejo60845622,Mas bejo,0,False
https://x.com/kompascom/status/2079052174693441955?s=20,2079052174693441955,2079795407832703053,"bahas pake data
sopan
dosen fisipol di kampus

makasih pak udah menyuarakan keresahan bapak juga sebagai rakyat dan juga terima kasih atas integritas bapak dalam menjalan amanah bapak sebagai MBG Watch

makanan di akalin bener ini, makanan nya aja banyak kasus, loser winner ini",['kompascom'],Wed Jul 22 05:07:20 +0000 2026,0,0,0,0,24.0,1392747241312456709,sexcsae,kesar ikan jambul,1273,True
https://x.com/BarisanOpOsisi/status/2076122669045719102?s=20,2076122669045719102,2076161413039661242,Tinggal hitung aja brp uang neg yg dihemat.,['BarisanOpOsisi'],Sun Jul 12 04:27:08 +0000 2026,3,0,1,0,2543.0,1349440885,aa_argun,Arahgunung,972,False
https://x.com/regar_op0sisi/status/2079208098141794557?s=20,2079208098141794557,2079393705841365154,gagal paham mana mungkin paham,"['regar_op0sisi', 'prabowo']",Tue Jul 21 02:31:07 +0000 2026,0,0,0,0,11.0,1831515643453362176,adn_99x,adn_99,22,False
https://x.com/ardisatriawan/status/2080621729022693665?s=20,2080621729022693665,2080623026618736656,Itu anggaran dialihin kesini apa susahnya sih???,['ardisatriawan'],Fri Jul 24 11:56:00 +0000 2026,0,0,0,0,19.0,1097129951013199873,kenytimes,KENY,3554,True
https://x.com/toe_giman/status/2077699532020957341?s=20,2077699532020957341,2077719492281741605,Ujug-ujug minta diutamakan,['omiqbal237929'],Thu Jul 16 11:38:23 +0000 2026,39,2,0,0,10960.0,1336576386987790336,toe_giman,T0361M4N,24117,True
https://x.com/JVLEHA/status/2079800619280605645?s=20,2079800619280605645,2079916649592000730,WKWK jujur ini lucu,['JVLEHA'],Wed Jul 22 13:09:06 +0000 2026,0,0,0,0,21.0,1234215749318664192,custardraisin,🍰🍰🍰,79,False
https://x.com/txtdrimedia/status/2079154852257513702?s=20,2079154852257513702,2079421628346442035,"Masalahnya dia ngasih makan rakyat miskin 8ribu rupiah, dan ngasih makan orang kaya 7ribu rupiah ditambah lagi fasilitas lain²nya buat sikaya itu. 
Mungkin itu sih yg protes warga. Dia ngerti gak ya",['txtdrimedia'],Tue Jul 21 04:22:04 +0000 2026,0,0,0,0,708.0,1739178593404805120,AndaMilano,the coruptor,1,False
https://x.com/kompascom/status/2079198548089041058?s=20,2079198548089041058,2079310390861938869,"Anaknya kenyang kaga
Nambah cerdas kaga. 
Orangtua nya nambah kere.",['kompascom'],Mon Jul 20 21:00:03 +0000 2026,3,0,0,0,85.0,1655681564146294784,Optimus_krims,Optimus_krim,14,False
https://x.com/Naandaa27/status/2077672020863533184?s=20,2077672020863533184,2077715713863872658,Kasih ke presiden &amp; wapres biar mereka yang makan!😂🤣,['Naandaa27'],Thu Jul 16 11:23:22 +0000 2026,1,0,0,0,195.0,1332686697339908101,Elcoman94194948,Elcomandante,36,False
https://x.com/ardisatriawan/status/2079031883900633488?s=20,2079031883900633488,2079034210061517111,Biar kepala bisa menahan genteng harus kenyang makan mbg,['ardisatriawan'],Mon Jul 20 02:42:36 +0000 2026,0,0,0,0,158.0,1552667228725620736,keynawell,𝓴𝓮𝔂,2120,True
https://x.com/regar_op0sisi/status/2079208098141794557?s=20,2079208098141794557,2079581669871530418,Gatau emg egois banget ini aki aki gemoy keturunan India,"['regar_op0sisi', 'prabowo']",Tue Jul 21 14:58:01 +0000 2026,0,0,0,0,14.0,1159703751365578752,HargiPratama,Agi Pratama,2616,True
https://x.com/ardisatriawan/status/2080621729022693665?s=20,2080621729022693665,2080623026337661413,Tiap hari harus lolos quest ini buat dapetin reward mbg😋,['ardisatriawan'],Fri Jul 24 11:56:00 +0000 2026,0,0,0,0,16.0,1389660343719194624,PriambadaRayhan,Boss Allegri,14,False
https://x.com/toe_giman/status/2077699532020957341?s=20,2077699532020957341,2077758694385996238,"Akal sudah terbalik bangun dapur MBG korbankan sekolah padahal MBG nya untuk siswa sekolah , gak sekolah terus MBG mau di kasih ke siapa ?",['toe_giman'],Thu Jul 16 14:14:10 +0000 2026,230,7,3,0,10404.0,721590341669748736,OmJ_J3Nggott,𝐎𝐦𝐉_𝙹eռɢɢօtȶ,52636,True
https://x.com/BarisanOpOsisi/status/2076122669045719102?s=20,2076122669045719102,2076232735350505683,Lebih byk hematnya.,['aa_argun'],Sun Jul 12 09:10:33 +0000 2026,3,0,1,0,2186.0,1228468489511292928,BarisanOpOsisi,Novie Anwar,26212,False
https://x.com/txtdrimedia/status/2079154852257513702?s=20,2079154852257513702,2079465158230085676,https://t.co/74V7nwE9Zt,['txtdrimedia'],Tue Jul 21 07:15:02 +0000 2026,0,0,0,0,127.0,581462713,Twan_mu,TWAN MU001,9,False
https://x.com/Naandaa27/status/2077672020863533184?s=20,2077672020863533184,2078387420203295160,"Baru dimulai sudah kasus lagi. 
Emang disimpan berapa lama sampai ada belatung gitu.",['Naandaa27'],Sat Jul 18 07:52:30 +0000 2026,0,0,0,0,11.0,117420297,Nadishavia,babu_kucing,7680,True
https://x.com/kompascom/status/2079198548089041058?s=20,2079198548089041058,2079398950541689019,"mbg itu memberi makan koruptor karena jadi proyek.. 

definisi memberi makan anak anak itu adalah dengan memberi kerja ke orang tuanya dengan gaji dan tunjangan yang layak agar bisa selalu memenuhi kebutuhan primer keluarganya... 

otak kok kebalik balik konslet gitu🤣🤣🤣",['kompascom'],Tue Jul 21 02:51:57 +0000 2026,2,0,0,0,70.0,601955469,SantoriniVirusi,Root,56,False
https://x.com/ardisatriawan/status/2079031883900633488?s=20,2079031883900633488,2079033688080478484,masi gangerti dapur mbg lebih bagus drpd sekolahan,['ardisatriawan'],Mon Jul 20 02:40:32 +0000 2026,0,0,0,0,36.0,777003700069867520,akirakags,Kira（╹◡╹）,5402,True
https://x.com/LambeSahamjja/status/2080933139564949662?s=20,2080933139564949662,2080974076810854608,"41% anak tidak sarapan ke sekolah.
Data darimana sih itu sampe muncul 41%?
Trus ya, apakah 41% anak yg gak sarapan itu karna kurang mampu? Kan gak juga. Bisa jadi karna emang gak mau sarapan, atau kebiasaan gak sarapan.",['LambeSahamjja'],Sat Jul 25 11:10:57 +0000 2026,21,5,2,0,3853.0,1704081915081568256,Adinaaaauhuy,Adinaaaaa,4,False
https://x.com/regar_op0sisi/status/2079208098141794557?s=20,2079208098141794557,2079560035320119646,Presiden 'PLENGER',"['regar_op0sisi', 'prabowo']",Tue Jul 21 13:32:03 +0000 2026,0,0,0,0,17.0,1537655206938234880,AntonySusan7,Antony Susan,8,False
https://x.com/kompascom/status/2079052174693441955?s=20,2079052174693441955,2079190574075380062,"Ya jelaslah, Anak S2 jga tahu dan tempe..ya gak",['kompascom'],Mon Jul 20 13:03:57 +0000 2026,0,0,0,0,190.0,793710148271247360,ZainalNgalam,@pencarirejekianak sitiJenar,42,False
https://x.com/JVLEHA/status/2079800619280605645?s=20,2079800619280605645,2079898275315175650,tipis mark up nya kak,['JVLEHA'],Wed Jul 22 11:56:06 +0000 2026,0,0,0,0,30.0,56325575,pupilandirish,eyes,742,False
https://x.com/BarisanOpOsisi/status/2076122669045719102?s=20,2076122669045719102,2076184547109290402,Ga ada,['BarisanOpOsisi'],Sun Jul 12 05:59:04 +0000 2026,2,0,1,0,1139.0,1635057012567576578,Schlossthe6,Schloss,244,False
https://x.com/ardisatriawan/status/2080621729022693665?s=20,2080621729022693665,2081115874820280669,"Paling enggak, kalau selamat sampai sekolah dapat makan 😅",['ardisatriawan'],Sat Jul 25 20:34:24 +0000 2026,0,0,0,0,1.0,378635732,GGPrakosa,Pejuang_Ph.D 🇮🇩🇺🇸,1487,True
https://x.com/toe_giman/status/2077699532020957341?s=20,2077699532020957341,2077760267468116468,"Program tanpa pemantauan dan aturan yg jelas ya gini, suka' yayasan 🥴",['OmJ_J3Nggott'],Thu Jul 16 14:20:25 +0000 2026,38,4,1,0,9282.0,1336576386987790336,toe_giman,T0361M4N,24117,True
https://x.com/Naandaa27/status/2077672020863533184?s=20,2077672020863533184,2078283789315563997,"waduh belum ada seminggu loh yaa mbg comeback, tapi udah ada aja berita kekgini, tadi lewat berita tentang keracunan(lagi) anak tk sampe ibu hamil yaAllah, sebobrok ini mbg tapi kenapa kekeh bgt sih untuk terus lanjutin?",['Naandaa27'],Sat Jul 18 01:00:42 +0000 2026,0,0,0,0,44.0,1273084709623304192,dijareee,dijar kohler,379,False
https://x.com/kompascom/status/2079198548089041058?s=20,2079198548089041058,2079405939569111217,https://t.co/fEdaEixTbQ,['kompascom'],Tue Jul 21 03:19:44 +0000 2026,2,0,0,0,32.0,1845514131509739520,zonalangit70,Zavatar7,53,False
https://x.com/ardisatriawan/status/2079031883900633488?s=20,2079031883900633488,2079041470615650758,Solusinya tetep lanjutkan MBG,['ardisatriawan'],Mon Jul 20 03:11:27 +0000 2026,0,0,0,0,42.0,1371120491688124421,Raizeeel_,Angga,30352,True
https://x.com/LambeSahamjja/status/2080933139564949662?s=20,2080933139564949662,2080958231975997548,"Mungkin Wo2 ini waktu kecil ga pernah dengar kisah Nabi Sulaiman yg ingin memberi makan semua makhluk di bumi selama setahun, yg kemudian bahkan sehari pun ga sanggup. krn baru memberi seekor ikan aja sudah habis makanan yg disediakan. Jadi dia ga dpt hikmah dari kisah itu. 😅",['LambeSahamjja'],Sat Jul 25 10:07:59 +0000 2026,11,0,1,0,1204.0,2896404950,apram_aja,rococo,80,False
https://x.com/regar_op0sisi/status/2079741597135372765?s=20,2079741597135372765,2079799223076458679,"‘Terlanjur’ kok sering, doyan ato niat kah?😂",['regar_op0sisi'],Wed Jul 22 05:22:30 +0000 2026,0,0,0,0,133.0,300598082,northwest_295,buyungajoh,27,False
https://x.com/kompascom/status/2079052174693441955?s=20,2079052174693441955,2079817539476197532,Apa yang dilakukan Polri bentuk dukungan program pemerintah,['kompascom'],Wed Jul 22 06:35:17 +0000 2026,0,0,0,0,4.0,2008786014824001546,Ditanoplianti,Dita Nopilianti,0,False
https://x.com/txtdrimedia/status/2079154852257513702?s=20,2079154852257513702,2079194814994911450,"Diksi rakyat Indonesia kelaparan itu yang bisikin siapa sih
Kalo beliyaw begitu2 terus ya bener kita kelaparan rupiah lemah ga diurus telur mahal ayam mahal
Pidato ga bikin kenyang pak!!",['txtdrimedia'],Mon Jul 20 13:20:48 +0000 2026,0,0,1,0,1908.0,34590643,lostmicko,Prapanca,207,True
https://x.com/BarisanOpOsisi/status/2076122669045719102?s=20,2076122669045719102,2076233028905615710,Alhamdulillah,['Schlossthe6'],Sun Jul 12 09:11:43 +0000 2026,2,0,0,0,1003.0,1228468489511292928,BarisanOpOsisi,Novie Anwar,26212,False
https://x.com/regar_op0sisi/status/2079208098141794557?s=20,2079208098141794557,2079389836885348413,"Diketawain Prof dari Korea Selatan itu program, tanpa kajian tanpa persiapan matang ... Tujuannya satu Dikorupsi 👍","['regar_op0sisi', 'prabowo']",Tue Jul 21 02:15:44 +0000 2026,0,0,0,0,17.0,62268535,MasZaen,Zaen,102,False
https://x.com/JVLEHA/status/2079800619280605645?s=20,2079800619280605645,2080104506583621877,Beda nanik ya heii,['JVLEHA'],Thu Jul 23 01:35:35 +0000 2026,0,0,0,0,13.0,253141462,goodniteToo,goodnite,374,False
https://x.com/toe_giman/status/2077699532020957341?s=20,2077699532020957341,2077742865955139834,hhhhhh pantes rank 1 pendidikan terendah asia apa dunia,['toe_giman'],Thu Jul 16 13:11:16 +0000 2026,30,0,1,0,4123.0,1404751063324889088,Dobel_Step,ᑭEGEᒪ ᗰᒪᗩᖇᗩT,23475,True
https://x.com/ardisatriawan/status/2080621729022693665?s=20,2080621729022693665,2080624787739783527,Gayo Lues yang kemaren anak asisten setdanya flexxing itu kan,['ardisatriawan'],Fri Jul 24 12:03:00 +0000 2026,1,0,0,0,44.0,1967272370646953984,PatbeDuwatukeUI,TJ 4B dan D21,2769,True
https://x.com/kompascom/status/2079198548089041058?s=20,2079198548089041058,2079407017807274283,"Ini playing victim yg nyata, sejak awal rakyat mengingatkan MBG itu rawan korupsi, minim perencanaan, minim pengawasan, tpi kau anggap rakyat antek asing, dan yg di takutkan itu ternyata kejadian, skrg korupsi itu terjadi di bwh hidung presiden, pemberantasan korupsi anda drama",['kompascom'],Tue Jul 21 03:24:01 +0000 2026,3,0,0,0,67.0,1495752229701455872,NgajuNathan,Nathan_ajj,34,False
https://x.com/LambeSahamjja/status/2080933139564949662?s=20,2080933139564949662,2081220582067335427,"Harusnya mandi. Yamal dimandiin messi, program unicef yang bener2 nurunin skill messi ke yamal",['LambeSahamjja'],Sun Jul 26 03:30:28 +0000 2026,0,0,0,0,912.0,2034578989923405824,JThemul68053,Jek,1,False
https://x.com/Naandaa27/status/2077672020863533184?s=20,2077672020863533184,2077707808758497406,"Belatung itu gizi nya tinggi.

Makanya suka dijadikan pangan ternak",['Naandaa27'],Thu Jul 16 10:51:58 +0000 2026,0,0,0,0,118.0,1815590593059606529,Kusonime3,Boikot Korsel,3,False
https://x.com/BarisanOpOsisi/status/2076122669045719102?s=20,2076122669045719102,2076231728004513872,Justru kekhawatiran keracunan tidak ada,['BarisanOpOsisi'],Sun Jul 12 09:06:33 +0000 2026,3,0,1,0,1227.0,1135182840511885313,Ryu53944310,Netizen konoha,15109,False
https://x.com/kompascom/status/2079052174693441955?s=20,2079052174693441955,2079818332929143213,Intinya jangan sampe anggarannya dipake sembarangan,['kompascom'],Wed Jul 22 06:38:26 +0000 2026,0,0,0,0,3.0,2005500224136216576,hlmnnizliandry,Hilman Nizliandry,0,False
https://x.com/PartaiSocmed/status/2079853104879837373?s=20,2079853104879837373,2079900956767219750,Ciee valid berrti ini https://t.co/T9LpYA0nW7,['PartaiSocmed'],Wed Jul 22 12:06:45 +0000 2026,5,0,0,0,1645.0,1243259852534636544,mochrosyidridlo,Mr Ridho,38,False
https://x.com/regar_op0sisi/status/2079208098141794557?s=20,2079208098141794557,2079514065635074371,gendeng wong gendeng dijak rembukan😁😁😁,"['regar_op0sisi', 'prabowo']",Tue Jul 21 10:29:23 +0000 2026,0,0,0,0,5.0,1811457987292405760,BocahPekaJaman,BocahPekaJaman,2,False
https://x.com/toe_giman/status/2077699532020957341?s=20,2077699532020957341,2077743134222827528,"Udh rendah, hitungan ra iso, kapan 10+6 dadine sweet seveteen",['Dobel_Step'],Thu Jul 16 13:12:20 +0000 2026,17,0,1,0,3493.0,1336576386987790336,toe_giman,T0361M4N,24117,True
https://x.com/JVLEHA/status/2079800619280605645?s=20,2079800619280605645,2080191611187937462,@oatmealyoghurt,['JVLEHA'],Thu Jul 23 07:21:42 +0000 2026,0,0,0,0,17.0,1126890703,sucisuc_,Suci Rachmadewi Putri,234,False
https://x.com/ardisatriawan/status/2080621729022693665?s=20,2080621729022693665,2080882970983043097,Itu wahana outbond ya?,['ardisatriawan'],Sat Jul 25 05:08:55 +0000 2026,0,0,0,0,2.0,1906185725865005056,stilljester,Jester,12,False
https://x.com/txtdrimedia/status/2079154852257513702?s=20,2079154852257513702,2079404450591240513,"Brarti di benak om ndut korupsi BGN  kemarin itu bukan sebuah kebocoran kekayaan negara, cuma sebuah collateral damage dr sebuah program mulia, cuma sebuah kekhilafan yg wajar dilakukan, sesuai dgn kata om tito",['txtdrimedia'],Tue Jul 21 03:13:49 +0000 2026,0,0,0,0,104.0,1140095241174650880,ekologic4,hard logic,101,False
https://x.com/ardisatriawan/status/2079031883900633488?s=20,2079031883900633488,2079039267771412835,"Kasihan anak-anaknya... tiap hari dapat makan bergizi, tapi harus belajar di gedung yang atapnya bisa ambruk kapan aja. Prioritasnya emang selalu bikin geleng kepala ya 🥲

 Semoga cepet diperbaiki itu gedung kasian bgt mereka harus bljr di rumah tetangga, itu aja dri yg kita",['ardisatriawan'],Mon Jul 20 03:02:42 +0000 2026,1,0,1,0,201.0,899578706,widoublev,Widya Ruby,9526,True
https://x.com/kompascom/status/2079198548089041058?s=20,2079198548089041058,2079314954851955185,"""Proses"" penyaluran makanannya sesuai ekspetasi tidak? Jangan melihat angka keberhasilan saja.

Para ""Informan"" anda saja sengaja manipulasi data berupa angka, gambar, dan video di internet dengan menyewa buzzer maupun konten kreator untuk ""menutupi"" angka kegagalan.",['kompascom'],Mon Jul 20 21:18:11 +0000 2026,3,0,0,0,392.0,1939017644168093702,frmnx28,It's Miro Time!,15,False
https://x.com/Naandaa27/status/2077672020863533184?s=20,2077672020863533184,2078091190080356522,LEMPAR AJA ITU SAMPAH KE SPPG YG NGANTERIN ! GURUNYA APA GA BISA SIH MARAH IN NGATA NGATAIN SPPG YG NGANTAR DAN BILANG STOP GA USAH KIRIM SAMPAH LAGI,['Naandaa27'],Fri Jul 17 12:15:23 +0000 2026,0,0,0,0,21.0,1917460171602944000,chiko_adam7969,PEJUANG KEBENARAN,56,False
https://x.com/tempodotco/status/2079899270199595250?s=20,2079899270199595250,2079936405753811442,🤭 kok adeknya yg gantiin.... Kocak abis negeri ini,['tempodotco'],Wed Jul 22 14:27:37 +0000 2026,0,1,0,0,147.0,1635444252493897728,AnditaZella,BapaknyaZella,965,False
https://x.com/kompascom/status/2079052174693441955?s=20,2079052174693441955,2079323724336304554,"@media_askar ini sosok yg cocok jadi WAPRES INDONESIA 
@psi_id sesembahan kalian sekeluarga sangat memalukan sekali https://t.co/fLlnTmJFMl",['kompascom'],Mon Jul 20 21:53:02 +0000 2026,0,0,0,0,105.0,1955953448714989568,elly338519,Eva Elly,55,False
https://x.com/BarisanOpOsisi/status/2076122669045719102?s=20,2076122669045719102,2076232467942658329,Alhamdulilah,['Ryu53944310'],Sun Jul 12 09:09:29 +0000 2026,1,0,0,0,1073.0,1228468489511292928,BarisanOpOsisi,Novie Anwar,26212,False
https://x.com/LambeSahamjja/status/2080933139564949662?s=20,2080933139564949662,2081007687865876655,"Jawabannya bener-bener out of the box, saking out of the box-nya sampe keluar dari nalar sehat. Bawa-bawa Spanyol biar narasi MBG tetep dianggap 'suci'",['LambeSahamjja'],Sat Jul 25 13:24:30 +0000 2026,0,1,0,0,323.0,543227936,mintandmorrow,detspace,1576,False
https://x.com/toe_giman/status/2077699532020957341?s=20,2077699532020957341,2078009709500735699,🤣🤣🤣🤣,['toe_giman'],Fri Jul 17 06:51:36 +0000 2026,15,1,1,0,2034.0,257090687,HumorJonTampan,HUMOR JON TAMPAN,53061,True
https://x.com/regar_op0sisi/status/2079208098141794557?s=20,2079208098141794557,2080156940362285155,ll,"['regar_op0sisi', 'Ronie51200373', 'prabowo']",Thu Jul 23 05:03:56 +0000 2026,0,0,0,0,7.0,1609037314558418946,satryawerman,Satrya Werman,102,False
https://x.com/JVLEHA/status/2079800619280605645?s=20,2079800619280605645,2079938048100651037,Beda nanik,['JVLEHA'],Wed Jul 22 14:34:08 +0000 2026,0,0,0,0,14.0,1241224718,rerawon,rifki,2967,True
https://x.com/kompascom/status/2079198548089041058?s=20,2079198548089041058,2079410582571331601,"Klo lo kasih makan pakai duit sendiri mah BEBAS terserah lo, malah bagus kalo lo bisa kasih seluruh indonesia.. tapi kalo lo pakai pajak rakyat berhak lah rakyat kritis duitnya dipakai buat apa, lo cuma jongos rakyat jangan sok pemilik negara",['kompascom'],Tue Jul 21 03:38:11 +0000 2026,1,0,0,0,225.0,1854897663290097664,nextfufuhaha,xxx_fahamama,0,False
https://x.com/regar_op0sisi/status/2079741597135372765?s=20,2079741597135372765,2080261620245377147,"Memang gak ada korupsi bu..
Yg ada merampok dan membegal rakyat, bengiiiiiiissss",['regar_op0sisi'],Thu Jul 23 11:59:54 +0000 2026,0,0,0,0,100.0,1028087220,Indrayani_isam,Indrayani Idris S,7,False
https://x.com/Naandaa27/status/2077672020863533184?s=20,2077672020863533184,2078321577784221781,"sialan, makanan bgtu dikasih ke manusia 😭😭😭 ga becus bgt SPPG nya, trs program kaya gini mau dipertahanin? barusan aku baca jg ada kasus keracunan MBG lagi, duh gustiii",['Naandaa27'],Sat Jul 18 03:30:52 +0000 2026,0,0,0,0,19.0,1866024497297620992,cowi_unch,NaRa 🐈‍⬛,12,False
https://x.com/Naandaa27/status/2079066649509142970?s=20,2079066649509142970,2079194766059913585,"Lagi dan lagi, kepala daerah ditangkap KPK 

https://t.co/OaFI73ju43",[],Mon Jul 20 13:20:36 +0000 2026,5,0,0,0,5656.0,1259753320152887296,Naandaa27,Nda ! 🧳,14248,True
https://x.com/menuembegejelek/status/2032285800097071555?s=20,2032285800097071555,2032486099701178792,"Buat yang penasaran ""porsi besar"" itu datangnya dari kubangan lumpur (SPPG) mana:)) https://t.co/DomYzHKCQE",[],Fri Mar 13 15:57:02 +0000 2026,68,4,4,8,6967.0,2005984164118777856,menuembegejelek,MBG Jelek,56895,True
https://x.com/menuembegejelek/status/2032285800097071555?s=20,2032285800097071555,2032286381389857222,"sejauh ini, akun lu masih sehat wal afiat lo min. apakah karena menyampaikan kebenaran yang haq yaa jadi masih diselamatkan? 
kereen kereeen.. 👏","['menuembegejelek', 'toodumbtodai']",Fri Mar 13 02:43:26 +0000 2026,216,0,1,0,14165.0,380702567,gesamudera,mas ge,5435,False
https://x.com/menuembegejelek/status/2032285800097071555?s=20,2032285800097071555,2032288247813120206,"Negara macam apa yang merasa terancam hanya dengan penyampaian kami? Lemah 🙂

Dukung terus ya, Kak. Tapi toh kalo tiba-tiba kami 'dimatiin' pemerintah, yawes, besok tinggal bikin lagi (kalo mood) hehe","['gesamudera', 'toodumbtodai']",Fri Mar 13 02:50:51 +0000 2026,419,9,1,0,13545.0,2005984164118777856,menuembegejelek,MBG Jelek,56895,True
https://x.com/menuembegejelek/status/2032285800097071555?s=20,2032285800097071555,2032287586887319769,Ini skill issue apa nyari keuntungan?,"['menuembegejelek', 'toodumbtodai']",Fri Mar 13 02:48:13 +0000 2026,50,0,1,0,11887.0,1333672891523612672,andipamk,Andipamk,1037,True
https://x.com/menuembegejelek/status/2032285800097071555?s=20,2032285800097071555,2032288609706131818,Jika dilihat dari proses perekrutan yang awur-awuran; bisa jadi keduanya:),"['andipamk', 'toodumbtodai']",Fri Mar 13 02:52:17 +0000 2026,102,1,0,0,10479.0,2005984164118777856,menuembegejelek,MBG Jelek,56895,True
https://x.com/menuembegejelek/status/2032285800097071555?s=20,2032285800097071555,2032287916685496552,"Sate puyuh, ongol ongol, jeruk, sabu.","['menuembegejelek', 'toodumbtodai']",Fri Mar 13 02:49:32 +0000 2026,239,19,7,1,9123.0,1909191611072000000,actanoverb,Giovanni,92,False
https://x.com/menuembegejelek/status/2032285800097071555?s=20,2032285800097071555,2032296320329973931,sppg kalo males masak mending beli makanan 10rban di benhil jelas &amp; enak 😤,"['menuembegejelek', 'toodumbtodai']",Fri Mar 13 03:22:55 +0000 2026,32,1,1,0,2357.0,3316118584,skygazin,🦋,155,False
https://x.com/menuembegejelek/status/2032285800097071555?s=20,2032285800097071555,2032314489014751459,embege hari ini di sbuah skolah di jkt https://t.co/YyGhe5EWVE,"['menuembegejelek', 'toodumbtodai']",Fri Mar 13 04:35:07 +0000 2026,29,1,2,0,3504.0,1352156667526299649,aingmawunggk,yeseul,62,False
https://x.com/menuembegejelek/status/2032285800097071555?s=20,2032285800097071555,2032301223144276028,"pdhl kalo buat yang kiri, anak2 bakal suka banget menu begitu ketimbang yang kanan. kita org dewasa aja ngeliat yang kanan ga tempting bgt…","['menuembegejelek', 'toodumbtodai']",Fri Mar 13 03:42:24 +0000 2026,29,0,0,0,1849.0,1374100869440966656,ohinihilall_,hilal aja,1356,False
https://x.com/menuembegejelek/status/2032285800097071555?s=20,2032285800097071555,2032299160419135966,"Kak teruslah berisik
Biar program mbge ga jelas bin ngawur ini dihentikan 😭","['menuembegejelek', 'toodumbtodai']",Fri Mar 13 03:34:12 +0000 2026,28,0,0,0,1319.0,818310036531183616,Maknyajia,Maknya Jia,6827,False
https://x.com/kompascom/status/2079198548089041058?s=20,2079198548089041058,2079475306201747740,"Soal MBG,KDMP&amp;SEKOLAH RKYT, itu PRAKTIK KKN &amp; TRIK LICIK ANDA UTK LUMBUNG SUARA 2029.MAKANYA ANDA SLL ENTENG HAMBUR²KAN UANG RKYT.SADARLAH Wo, ANDA HNY BABU RKYT 5 THN.#RevolusiRakyat   #BubarkanBGN #StopMBG @prabowo @KSPgoid @KemensetnegRI @setkabgoid
 @KemensetnegRI @setkabgoid https://t.co/MhdQIBSVmp",['kompascom'],Tue Jul 21 07:55:22 +0000 2026,1,1,1,1,59.0,1639702091928338432,DaudJTP,DAUDJTP,90,False
https://x.com/menuembegejelek/status/2032285800097071555?s=20,2032285800097071555,2032301489767805155,kayanya yg bikin mbg mainnya kurang jauh deh... main ke benhil tuh banyak yg jual nasi paket 10rb ky yg disebelah kiri..😥,"['menuembegejelek', 'toodumbtodai']",Fri Mar 13 03:43:28 +0000 2026,21,1,0,0,1890.0,68635356,deenahp,DeHp,158,False
https://x.com/kompascom/status/2079198548089041058?s=20,2079198548089041058,2079499076421468529,Anda cuma punya kebijakan @prabowo wajar jk d kritik sebab itu bukan duit anda pribadi!!! Anda itu d kontrol oleh yg punya duit!!! Indonesia bisa d kelola itu sumber dana nya dr 85%pajak yg d pungut dr rakyat!!!!,['kompascom'],Tue Jul 21 09:29:49 +0000 2026,0,0,0,0,29.0,845821235657289728,Medina_adha,𝕄𝕖𝕕𝕚𝕟𝕒 ℕ𝕦𝕣 𝔸𝕕𝕙𝕒 🇮🇩🇵🇸,871,False
https://x.com/kompascom/status/2079198548089041058?s=20,2079198548089041058,2079473850694471952,"Kesannya, beliau itu  tdk paham terkait perencanaan kebijakan,  tatakelola &amp; implementasi di lapangan  yg dimata masyarakat dinilai banyak kelemahan &amp; kekurangannya",['kompascom'],Tue Jul 21 07:49:35 +0000 2026,1,0,1,0,101.0,2008436817708843008,ErzV86,vivid erz,0,False
https://x.com/menuembegejelek/status/2032285800097071555?s=20,2032285800097071555,2032331378952679749,"Yang kiri jualan berharap untung, klo pun blm rejeki untung, balik modal aja lah. Masih ada resiko rugi juga. Makanya disiapkan sebaik mungkin. 

Yg kanan berharap untung juga, tp krn udah pasti untung, jd mikirnya harus untung sebanyak2nya karena tau ga bakal rugi.","['menuembegejelek', 'toodumbtodai']",Fri Mar 13 05:42:14 +0000 2026,18,2,0,0,1426.0,1709340317231779840,Pejam_mata,Akhmal Umur,771,True
https://x.com/menuembegejelek/status/2032285800097071555?s=20,2032285800097071555,2032303860019335385,"Lumayan, untuk 4 hari https://t.co/YmH8WyWP3x","['menuembegejelek', 'toodumbtodai']",Fri Mar 13 03:52:53 +0000 2026,16,0,5,0,4226.0,792153093987192833,hayeeesssss,cobalt,11,False
https://x.com/kompascom/status/2079198548089041058?s=20,2079198548089041058,2079396650767049216,"Begini ya pak, kami bukan menyerang hanya daja mengkritik soalnya program ini udah terlalu banyak masalah 
https://t.co/TrGjx1ZkQ8",['kompascom'],Tue Jul 21 02:42:49 +0000 2026,1,0,0,0,185.0,870124160910901249,renanurfiana4,renanurfiana,4431,True
https://x.com/ardisatriawan/status/2079031883900633488?s=20,2079031883900633488,2079046005316870329,haruslah bang. nnti klo kurang makan gabisa lari pas bangunan ambruk,['ardisatriawan'],Mon Jul 20 03:29:29 +0000 2026,1,0,0,0,24.0,1536615986459451392,afternoondtea,nuni,7183,True
https://x.com/kompascom/status/2079198548089041058?s=20,2079198548089041058,2079448737664168277,"Diserang karena buka lebar peluang korupsi, anggaran ga efisien, salah sasaran, mubazir, tuan Hokage.... 
Udah gitu yang ngawasin pada damai cingcay kasus hilang...
Ntar kalo negara boncos kita juga yang diperes ..",['kompascom'],Tue Jul 21 06:09:48 +0000 2026,1,0,0,0,85.0,81290710,firstnamegonna,roadto19000,164,False
https://x.com/menuembegejelek/status/2032285800097071555?s=20,2032285800097071555,2032296943217700936,"""Yang satu bikinnya pake hati, satunya lagi bikin sakit hati""","['menuembegejelek', 'toodumbtodai']",Fri Mar 13 03:25:24 +0000 2026,10,0,0,0,851.0,810125271877623808,krikinanh,"Paansi | 1312, Total Reform",100,False
https://x.com/kompascom/status/2079198548089041058?s=20,2079198548089041058,2079400546788925594,"Flying victim bukan krna ngasih makan pak tpi krna banyak anggran di sedot ke MBG sehingga program lain terdampak sialnya MBG di kelola ugal-ugalan dan di korupsi gila-gila an 
Introspeksi pak plisss",['kompascom'],Tue Jul 21 02:58:18 +0000 2026,1,0,0,0,32.0,186764928,herman1702,Oplosan,322,False
https://x.com/regar_op0sisi/status/2079208098141794557?s=20,2079208098141794557,2079346277872206209,Dia berfikir uang mbg dr kantong nya,"['regar_op0sisi', 'prabowo']",Mon Jul 20 23:22:39 +0000 2026,1,0,0,0,33.0,488815341,GoetzNasty,Charles Goetz,1353,True
https://x.com/kompascom/status/2079198548089041058?s=20,2079198548089041058,2079407754608062477,"Anda merasa diserang karna Anda anti kritik, Pak @prabowo. Kritik, seberapapun pedasnya, bukanlah merupakan serangan bagi orang yang tidak tipis kupingnya.",['kompascom'],Tue Jul 21 03:26:56 +0000 2026,1,0,0,0,67.0,2838118698,eddy_rakhman,Eddy Rakhman,32,False
https://x.com/ardisatriawan/status/2079031883900633488?s=20,2079031883900633488,2079046792960962683,Jaka sembung bawa golok,['ardisatriawan'],Mon Jul 20 03:32:36 +0000 2026,2,0,0,0,64.0,1278305887942144000,Txtdariiugm,TxtdariUGM,64448,True
https://x.com/menuembegejelek/status/2032285800097071555?s=20,2032285800097071555,2032301055049175513,"kak mbg aku seminggu, wdyt? 🫠🫠 https://t.co/osdw8aA9G5","['menuembegejelek', 'toodumbtodai']",Fri Mar 13 03:41:44 +0000 2026,6,0,7,0,5239.0,1572048305840062465,hantoro4u,Hantoro || follback yow,175,False
https://x.com/regar_op0sisi/status/2079208098141794557?s=20,2079208098141794557,2079525847309201843,Dia tau gak sih kalo MBG itu gak 100% gratis 🗿dia kira uang keluar dari idung apa yaa.? Itu uang pajak rakyat Indonesia,"['regar_op0sisi', 'prabowo']",Tue Jul 21 11:16:12 +0000 2026,0,0,0,0,15.0,234285758,ramadhelon,Rama Dhelon,89,False
https://x.com/menuembegejelek/status/2032285800097071555?s=20,2032285800097071555,2032327762284069194,"Apel STANDARD Nasional Vs STANDARD BGN 🤣
Guru anak aku bikin story ""tetap bersyukur"".
Bener2 WNI kesayangan Pak Presiden. https://t.co/erBrKC7c9w","['menuembegejelek', 'toodumbtodai']",Fri Mar 13 05:27:52 +0000 2026,6,0,1,0,1123.0,1964095361452306432,Rumaisya879870,Rumaisya,24,False
https://x.com/kompascom/status/2079198548089041058?s=20,2079198548089041058,2079338620792840370,"Rakyat :
Kesimpulan 1 : pembantunya2 yes man, hanya beri masukan yg bos mau
Kesimpulan 2 : bos hanya mau berita bagus, kritik = menyerangnya
Kesimpulan 3 : Indonesia beneran gelap",['kompascom'],Mon Jul 20 22:52:14 +0000 2026,1,0,0,0,90.0,154002393,liriksoe,Soe,1028,False
https://x.com/regar_op0sisi/status/2079208098141794557?s=20,2079208098141794557,2079341567387828368,Malah nyediain ladang baru buat dikorupsi,"['regar_op0sisi', 'prabowo']",Mon Jul 20 23:03:56 +0000 2026,0,0,0,0,34.0,2375253270,Helmykkurnia,Helmy Kurniawan,1246,False
https://x.com/ardisatriawan/status/2079031883900633488?s=20,2079031883900633488,2079149901007724936,ga ada korelasinya 😭,['ardisatriawan'],Mon Jul 20 10:22:19 +0000 2026,2,0,0,0,8.0,2001612528603009029,RossaLiDe,R with/without R,427,True
https://x.com/kompascom/status/2079198548089041058?s=20,2079198548089041058,2079206727535472722,"Sebenarnya di kritik bukan di serang, ya tapi kalo emang ada yang nyerang mungkin dari kubu yang berseberangan dg ente aja, kalo kita ngritik itu biar ada evaluasi dri kebijakan ente, toh juga nyatanya bener kan ada korupsi di dalam programnya...",['kompascom'],Mon Jul 20 14:08:08 +0000 2026,1,0,0,0,126.0,1297874611577556992,dianoztra,𝕷𝖆𝖜𝖑𝖎𝖊𝖙𝖍,16,False
https://x.com/menuembegejelek/status/2032285800097071555?s=20,2032285800097071555,2032293087796687185,"Kok bisa ya, udh jadi presiden.. tapi bodoh.. atau emang berita ini ga sampe di mata kepala beliau?","['menuembegejelek', 'toodumbtodai']",Fri Mar 13 03:10:04 +0000 2026,3,0,5,0,2954.0,52147566,Jan_set,jan,221,True
https://x.com/kompascom/status/2079198548089041058?s=20,2079198548089041058,2079388095250935991,"Cara ngeles tingkat dewa, tapi sekedar debat sama Jokowi di pilpres kemarin keok memalukan. Apalagi waktu  debat dgn Ganjar &amp; Anies, sungguh Wowo capres yang memalukan. 

Tapi urusan ngeles cari alasan dr kegagalan Wowo nomor satu.",['kompascom'],Tue Jul 21 02:08:49 +0000 2026,2,0,1,0,112.0,705035914364387328,dwisugiartobdg,dsgt_ menikmati_kopi,73,False
https://x.com/ardisatriawan/status/2079031883900633488?s=20,2079031883900633488,2079417352119259310,"Dalam pidatonya tahun lalu aja masih bisa menyalahkan anak-anak yang nggak suka cuci tangan lah ini lah itu lah 

https://t.co/9079QJfXkZ",['ardisatriawan'],Tue Jul 21 04:05:05 +0000 2026,1,0,0,0,19.0,870124160910901249,renanurfiana4,renanurfiana,4431,True
https://x.com/menuembegejelek/status/2032285800097071555?s=20,2032285800097071555,2032299247941681355,"Kayak gini msh mau percaya sm pemerintah bakal bikin rakyat sejahtera, anak2 makin pinter, sehat?","['menuembegejelek', 'pamsastro', 'toodumbtodai']",Fri Mar 13 03:34:33 +0000 2026,2,0,1,0,1363.0,1791450047269437440,arielseraphino,readaphino,2849,True
https://x.com/regar_op0sisi/status/2079208098141794557?s=20,2079208098141794557,2079568406060441913,Lelah sudah melihat  sandiwara  nya,"['regar_op0sisi', 'prabowo']",Tue Jul 21 14:05:19 +0000 2026,0,0,0,0,12.0,148341493,tatamusthafa,Tata Musthafa,39,False
https://x.com/PartaiSocmed/status/2079853104879837373?s=20,2079853104879837373,2079929582111920484,"Ini tuh program baru di Indonesia, blm ada org yg pernah mencobanya, psti bnyk kekrgannya. Dan dari kekrgan dan keslhan sblmnya, psti pemerintah akan memperbaikinya, dan skrg sedang diperbaiki. Liat aja kedpnnya sprti apa, mdh2an akan lbh baik. Jgn pd nyinyir doank bisanya.",['PartaiSocmed'],Wed Jul 22 14:00:30 +0000 2026,5,1,3,0,2419.0,1916901519112474627,GunawanBimo1701,Gunawan Bimo,25,False
https://x.com/kompascom/status/2079052174693441955?s=20,2079052174693441955,2079571657136689636,banyak buzer komentar,['kompascom'],Tue Jul 21 14:18:14 +0000 2026,0,0,0,0,5.0,132807062,wong_soragan,Tamtomo Budi Irianto,436,False
https://x.com/ardisatriawan/status/2079031883900633488?s=20,2079031883900633488,2079047845672563078,"Gila makanya, mending sekolah tahan lama dan engga bakal keracunan",['ardisatriawan'],Mon Jul 20 03:36:47 +0000 2026,0,0,0,0,10.0,1586967195774439424,Lothlorienwood,Diravel,4,False
https://x.com/kompascom/status/2077241661911130210?s=20,2077241661911130210,2077294040505331900,"Oke siap.., Murid murid, wali murid guru guru akan baik baik ajak ko.. tutup selamanya jg ga apa apa ko…
Mudharat nya Banyak (koriupsi anggaran, suap titik dapur, nyolong quality &amp; Quantity menu) 
Manfaat nya belum tentu wong cuma mkn 1 x bgitu 
Mana ada dampak signifikan ?",['kompascom'],Wed Jul 15 07:27:48 +0000 2026,2238,183,6,1,51503.0,1685166495729651715,DenasIdn1,"Denas,",234,False
https://x.com/menuembegejelek/status/2032285800097071555?s=20,2032285800097071555,2032328307065442381,"kak ini mbg adik ku buat 2 hari, yg di dalam kotak itu dada ayam 1, Paha ayam 1, Tahu gede 1, dan tempe gede itu 1. menurut kalian gimana? https://t.co/7xTGI9hbm8","['menuembegejelek', 'toodumbtodai']",Fri Mar 13 05:30:01 +0000 2026,2,0,6,1,2929.0,1704774310471274496,memeydisinii,Choco🍫,8,False
https://x.com/regar_op0sisi/status/2079208098141794557?s=20,2079208098141794557,2079348765887287374,presiden paling tolol dalam sejarah Indonesia,"['regar_op0sisi', 'prabowo']",Mon Jul 20 23:32:32 +0000 2026,0,0,0,0,31.0,1221350778704580609,hajimastedokoni,HAJI MASTE,135,False
https://x.com/kompascom/status/2079052174693441955?s=20,2079052174693441955,2079216093693182391,menyala pak dosen,['kompascom'],Mon Jul 20 14:45:21 +0000 2026,0,0,0,0,163.0,2067958747574808576,cahbagusan,Bersyukurlah,1651,True
https://x.com/kompascom/status/2077241661911130210?s=20,2077241661911130210,2077289103289438478,"Alhamdulillah...kalo emang sampe mogok dan tutup
# sampah sisa makanan jadi gk ada
# Harga sembako jadi stabil di pasaran
# Uang Negara tidak terbuang sia-sia
# Tidak ada kerjaan Tambahan untuk guru² di sekolah 
Kalo bisa segera realisasikan untuk gembok dapurnya yah...",['kompascom'],Wed Jul 15 07:08:11 +0000 2026,670,49,1,0,25319.0,2892002521,ayamkingkong,black chicken,22,False
https://x.com/regar_op0sisi/status/2079208098141794557?s=20,2079208098141794557,2079350682323386694,MULUT LO PERLU DI YAPING WOK....DUIT ILANG DEPAN RAI-MU TRILYUNAN AKIBAT MBG-LO MALAH BAHAS YG LAIN TAEK LAH!!!!,"['regar_op0sisi', 'prabowo']",Mon Jul 20 23:40:09 +0000 2026,0,0,0,0,29.0,185436786,mahendrop,mahend,77,False
https://x.com/ardisatriawan/status/2079031883900633488?s=20,2079031883900633488,2079039061537570960,"apapun masalahnya, mbg solusinya https://t.co/USPrf7VS2a",['ardisatriawan'],Mon Jul 20 03:01:53 +0000 2026,0,0,0,0,22.0,2045147826959548416,Tentang_RasaID,tentang rasa,1327,True
https://x.com/menuembegejelek/status/2032285800097071555?s=20,2032285800097071555,2032303101957505307,"betul sebelah kiri adalah bekel pagi yg selalu gua beli di jalan loh, 10rb masi layak makan bgt",['menuembegejelek'],Fri Mar 13 03:49:52 +0000 2026,2,0,0,0,362.0,815137267,Mind_ofzen,-,600,False
https://x.com/kompascom/status/2077241661911130210?s=20,2077241661911130210,2077315521997951005,Lah. Kok cuma ngancem? Buruan tutup gih. Hemat APBN malah. Bisa dipake utk ngasih makan anak usia golden period dan ibu hamil utk cegah stunting beneran. Anak yg beneran kelaparan juga bisa dikasih dgn duit yg dihemat.,['kompascom'],Wed Jul 15 08:53:09 +0000 2026,646,49,1,0,25251.0,1954354960323497984,ImminentAdi,IntelEmut🇮🇩🏴‍☠️🇺🇦🇵🇸,152,False
https://x.com/regar_op0sisi/status/2079208098141794557?s=20,2079208098141794557,2079453901091479920,Kalau di LN presiden seperti dia udah Dilengserkan !!!,"['regar_op0sisi', 'prabowo']",Tue Jul 21 06:30:19 +0000 2026,0,0,0,0,18.0,1670047549502410752,Kahingking,Kahingking,30,False
https://x.com/kompascom/status/2079198548089041058?s=20,2079198548089041058,2079490854960734342,"Bukan begitu Wo, kebijakan ngawur kamu itu yg meberikan fasilitas dan kemudahan untuk kroni kronimu melakukan korupsi.",['kompascom'],Tue Jul 21 08:57:09 +0000 2026,1,0,0,0,11.0,1614766321090318336,sidarn0,Depros.,15,False
https://x.com/ardisatriawan/status/2079031883900633488?s=20,2079031883900633488,2079037793658114335,"Iya dong, yang penting anak anak bisa makan. Kita fokus ke SDM aja. Kalo buat perbaikan bangunan rusak dananya ga ada, anggarannya baru dipake bangun KDMP.",['ardisatriawan'],Mon Jul 20 02:56:51 +0000 2026,0,0,0,0,40.0,1714578605962035200,sonobangsono,Bang Sono,3782,True
https://x.com/kompascom/status/2079052174693441955?s=20,2079052174693441955,2079519295026151548,"Please, protect this man at all costs. The biggest fear of the government is more and more people being exposed to the truth.",['kompascom'],Tue Jul 21 10:50:10 +0000 2026,0,0,0,0,12.0,1715298468179419136,VladisVya,🇵🇸 Vya 🦉,160,False
https://x.com/PartaiSocmed/status/2079853104879837373?s=20,2079853104879837373,2080072057052950992,Diawali dg buru2 melaksanakan MBG tanpa persiapan.. .langsuung dilaksanakan di seluruh Indonesia..ya begini jadinya ..berantakan.. yg penting APBN cair  .Pak @prabowo hrs bertanghubg jawab @PurbayaYudhi  @puanmaharani_ri,['PartaiSocmed'],Wed Jul 22 23:26:38 +0000 2026,3,0,0,0,568.0,34194525,mmymurni,perempuan,673,False
https://x.com/regar_op0sisi/status/2079208098141794557?s=20,2079208098141794557,2079374805833601441,Bapak BAGAWAN anak BEGUNDAL,"['regar_op0sisi', 'prabowo']",Tue Jul 21 01:16:01 +0000 2026,0,0,0,0,16.0,1749774672676466688,SPENTAMAINYU02,SpentaMainyu2 🇮🇩🇮🇩🇮🇩,459,False
https://x.com/ardisatriawan/status/2079031883900633488?s=20,2079031883900633488,2079063319311519775,https://t.co/dkkpZ1EW2F,['ardisatriawan'],Mon Jul 20 04:38:17 +0000 2026,0,0,0,0,9.0,2075767570301587456,ichoosetandus,kata sandi,423,True
https://x.com/kompascom/status/2077241661911130210?s=20,2077241661911130210,2077301214291820744,https://t.co/O0XmatsoEx,['kompascom'],Wed Jul 15 07:56:18 +0000 2026,614,8,0,0,18522.0,286662630,20Opercent,ri𝕏kit,327,False
https://x.com/PartaiSocmed/status/2079853104879837373?s=20,2079853104879837373,2079856154986053844,"Merinding bacanya. 

Niat ngejaga moratorium aja sampai diteror ke rumah, ini udah bukan soal aturan lagi tapi nyawa. 

Kalau praktik ""jual beli titik"" sampai segila ini, kira-kira ada backing gede dibelakangnya nggak ya yang bikin mereka seberani itu?",['PartaiSocmed'],Wed Jul 22 09:08:43 +0000 2026,2,0,1,0,7186.0,158621733,a_b_u_y,Abuy •,1815,True
https://x.com/regar_op0sisi/status/2079208098141794557?s=20,2079208098141794557,2079347841752064028,Denial terus si bapanya,"['regar_op0sisi', 'prabowo']",Mon Jul 20 23:28:52 +0000 2026,0,0,0,0,28.0,1864550361027215360,halimview,halimpu,192,False
https://x.com/menuembegejelek/status/2032285800097071555?s=20,2032285800097071555,2032328337113420136,"Tangan ES PEPE GE cocoknya buat apa yang bagus ya?

Itu yang difoto ga dibuat sama tangannya, itu BELI!","['menuembegejelek', 'toodumbtodai']",Fri Mar 13 05:30:09 +0000 2026,1,0,0,0,41.0,2028816333287407616,coffeexcelsa,A cup of,1902,True
https://x.com/ardisatriawan/status/2079031883900633488?s=20,2079031883900633488,2079053363271123104,"memang ini program MBG harus di kaji ulang dengan benar benar, bisa kita lihat bagaimana kondisi yang masih banyak yang memerlukan perhatian dan bantuan yg lain",['ardisatriawan'],Mon Jul 20 03:58:43 +0000 2026,0,0,0,0,14.0,2064624358182752256,piala_talk,Voxteraa,1397,True
https://x.com/txtdrimedia/status/2079189585167532416?s=20,2079189585167532416,2079208493249425557,"Bisa2nya ngomong begini, seorang presiden. Di luar perkiraan katanya 🤣 dari mana aja cuy

Hadehh, jadi semua kampanye dari awal itu, asal ngomong ajaa https://t.co/blHP0VEmYr",['txtdrimedia'],Mon Jul 20 14:15:09 +0000 2026,561,45,0,0,13914.0,1443248486497935360,Carrotwoo17,Nuno,183,False
https://x.com/PartaiSocmed/status/2079853104879837373?s=20,2079853104879837373,2079947381265821728,yakan negara punya tni polisi anjir klo emng  pribadinya di serang  itu ranah hukum  psti klo ada komunikasi jg negara beri perlindungan pakek aparat terkait buat kawal mbg ini bersih. mau alasan apalagi,['PartaiSocmed'],Wed Jul 22 15:11:13 +0000 2026,2,0,0,0,3219.0,2052643820127555584,Rendi4674,rendi ristiyono,0,False
https://x.com/kompascom/status/2079052174693441955?s=20,2079052174693441955,2079672275771830464,Rakyat cuma kebagian di suruh bayar pajak aja.,['kompascom'],Tue Jul 21 20:58:03 +0000 2026,0,0,0,0,6.0,1242538595686080512,Thetruthlink01,J.Burnintone,96,False
https://x.com/kompascom/status/2077241661911130210?s=20,2077241661911130210,2077407548513329606,"gapapa banget mah, nih liat nih tulisan anak kecil https://t.co/u4kte8LXbH",['kompascom'],Wed Jul 15 14:58:50 +0000 2026,243,33,2,2,8332.0,1174729339,wonmymark_,Def,361,False
https://x.com/txtdrimedia/status/2079189585167532416?s=20,2079189585167532416,2079259298711191705,"Ga menduga gimana, perasaan udah dari dulu, bukan yg baru muncul kemaren sore.
Bahkan masuk dalam janji kampanye dia kan yg 19jt lapangan kerja itu.
Capek banget gue nyumpahin nih orang tiap hari. https://t.co/s6YNAxFk5z",['txtdrimedia'],Mon Jul 20 17:37:02 +0000 2026,531,50,0,0,10653.0,1124218975,GltmIndah,Merica Batak,577,True
https://x.com/regar_op0sisi/status/2079741597135372765?s=20,2079741597135372765,2079931305102541310,Kekontolan rejim @prabowo dan antek antek anjingnya udah stadium kota ini 🤮,['regar_op0sisi'],Wed Jul 22 14:07:21 +0000 2026,1,0,0,0,182.0,1536362508646117376,jimi_hendro,Jimi.404.Hndro,49,False
https://x.com/ardisatriawan/status/2079031883900633488?s=20,2079031883900633488,2079202007156752664,"Sabar...kan masih atapnya yang ambruk
Sabar..kan masih bisa ngungsi ke sekolah lain
Sabar....kan lagi dicari anggarannya
Sabar...mbohlah",['ardisatriawan'],Mon Jul 20 13:49:22 +0000 2026,0,0,0,0,11.0,2041696201020444672,dedentist1966,dedentist,2580,True
https://x.com/LambeSahamjja/status/2080933139564949662?s=20,2080933139564949662,2080980030554034343,"1. Knp ga liat jepang, waktu negaranya hancur, guru di prioritakan krena guru yg akan mencerdaskn kehidupan bangsa, lalu sekolahan dan fasilitasny dibangun.
2. Jauh sebelum ad MBG murid2 baik2 saja, stelah ad MBG bnyak kasus keracunan
3. Sistem dan pngurusnya yg kacau",['LambeSahamjja'],Sat Jul 25 11:34:36 +0000 2026,0,0,1,0,1506.0,1976279590466355200,melonpea01,thank'gayri,895,False
https://x.com/PartaiSocmed/status/2079853104879837373?s=20,2079853104879837373,2080150704266838509,"MBG bagus kalo semuanya profesional dan diawasi ketat tapi nyatanya banyak bgt kecolongan, ga semua jelek tapi yg media tampilkan pasti bagian bermasalahnya misal terkait higenis makanan, gizi yg dibutuhkan, dll 

mundurnya ketua yg lama semua sudah menduga² sih kalo ga mungkin",['PartaiSocmed'],Thu Jul 23 04:39:09 +0000 2026,1,0,0,0,1349.0,2001612528603009029,RossaLiDe,R with/without R,427,True
https://x.com/txtdrimedia/status/2079189585167532416?s=20,2079189585167532416,2079197480017883218,"Lah yg kampanye mau nyediain 19 juta lapangan kerja kan kubu bapak ini. Koq sekarang bilang gini? Pas kampanye itu beliau dalam keadaan sadar, kan? Atau yg sekarang ini yg nggak sadar?",['txtdrimedia'],Mon Jul 20 13:31:23 +0000 2026,283,1,1,1,6102.0,2591775756,NgajarDiDesa,BuGuruDesa,3249,True
https://x.com/menuembegejelek/status/2032285800097071555?s=20,2032285800097071555,2032333433050124745,Kasih tau dimana dan kapan dong itu yang di foto. Jangan asal. Benci boleh tapi kalo black campaign sppg jangan ya. Tolong yaa,"['menuembegejelek', 'toodumbtodai']",Fri Mar 13 05:50:24 +0000 2026,1,0,0,0,287.0,1935374897024483334,Batmannaga,Naga,1,False
https://x.com/regar_op0sisi/status/2079741597135372765?s=20,2079741597135372765,2080150178171129869,"Emang syarat jadi pejabat sekarang , khususnya yg berhubungan sama MBG dan KDMP itu harus benar2 Bodoh dan Jahat ya?",['regar_op0sisi'],Thu Jul 23 04:37:04 +0000 2026,0,0,0,0,32.0,1906551311895793664,din89733,DeWa aja,20,False
https://x.com/kompascom/status/2079198548089041058?s=20,2079198548089041058,2079438298117017826,Ga nyangka segitu bodohnya... Bahkan ga bisa memahami dimana substansi masalahnya... Atau emang sifat aslinya playing victim &amp; memelintir persoalan??..,['kompascom'],Tue Jul 21 05:28:19 +0000 2026,1,0,0,0,34.0,1500834482244681731,INAJINAJINAJ,Hei antek antek asing!!,15,False
https://x.com/ardisatriawan/status/2079031883900633488?s=20,2079031883900633488,2079078891738824975,"Atapnya mau ditambal pake mbg yang ga dimakan,gt aja gatau
Sisa sis mbg tuh nanti dikumpulin diolah didaur ulang biar jadi atap",['ardisatriawan'],Mon Jul 20 05:40:09 +0000 2026,0,0,0,0,13.0,2056873832301162496,ayy_isv,Ayin,3055,True
https://x.com/PartaiSocmed/status/2079853104879837373?s=20,2079853104879837373,2080081244755505339,Bukan anak2 pelajar yg kelaparan tpi pemilik dapur yg stres 😁😁,['PartaiSocmed'],Thu Jul 23 00:03:09 +0000 2026,1,0,0,0,158.0,1589652604954775553,Ronald_Cove,Onald Man,16,False
https://x.com/kompascom/status/2077241661911130210?s=20,2077241661911130210,2077354593705705984,https://t.co/y6wjGVDAo0,['kompascom'],Wed Jul 15 11:28:25 +0000 2026,28,5,0,0,3125.0,59363362,Outstandjing,:),65959,True
https://x.com/kompascom/status/2079052174693441955?s=20,2079052174693441955,2079754708089270435,"Kalau memang ada temuan seperti itu, sebaiknya dibuka secara transparan kepada publik beserta data dan dasar hukumnya.

Yang paling penting bukan siapa pengelolanya, tetapi apakah program berjalan efektif, akuntabel, bebas konflik kepentingan, dan benar-benar memberi manfaat bagi",['kompascom'],Wed Jul 22 02:25:37 +0000 2026,0,0,0,0,11.0,1794060249722417152,RohtaAnjulian,Rohta Anjulian 🇮🇩 🇵🇸 🌞,6134,True
https://x.com/menuembegejelek/status/2032285800097071555?s=20,2032285800097071555,2032304166635454940,Maaf itu pinggir buah apa yah yg di plasti clip,"['menuembegejelek', 'toodumbtodai']",Fri Mar 13 03:54:06 +0000 2026,0,0,0,0,324.0,1887826073192415232,Kurnia2707Sandi,S,51,False
https://x.com/LambeSahamjja/status/2081381717244555418?s=20,2081381717244555418,2081561878720032813,"Harusnya bilang, oh udah ada mbg kok masih ada yang mencuri ya? Berati ini ada yang salah sama prgoramnya",['LambeSahamjja'],Mon Jul 27 02:06:40 +0000 2026,0,0,0,0,180.0,1794149210964848640,tahubakco,BukanBahlil,5,False
https://x.com/regar_op0sisi/status/2079741597135372765?s=20,2079741597135372765,2079841685677232154,Mereka pandai memanfaatkan celah2 peraturan. Sungguh kepandaian yang tidak digunakan di tempat semestinya.,['regar_op0sisi'],Wed Jul 22 08:11:14 +0000 2026,0,0,0,0,44.0,2385567470,supergambles,super gambles,47,False
https://x.com/kompascom/status/2079198548089041058?s=20,2079198548089041058,2079359653990052216,"Liat presiden indonesia satu ini, setiap hari gk perna lepas dari micropon triak² ngelantur..",['kompascom'],Tue Jul 21 00:15:48 +0000 2026,1,0,0,0,50.0,1880040728623214592,jaga_jarak123,SEGOLLE.,40,False
https://x.com/LambeSahamjja/status/2080933139564949662?s=20,2080933139564949662,2081068546034114976,"Buat apa bisa makan ""bergizi"", tapi gak dibikin pinter sumber daya manusianya, gak dibikin layak gedung sekolahnya, gak dibikin baik akses menuju sekolahnya. Apa semua selesai dengan diawali perut kenyang sesaat?",['LambeSahamjja'],Sat Jul 25 17:26:20 +0000 2026,1,0,0,0,752.0,462994028,ahliCINTA,Kawula Muda // IG: @ahlicinta // Stand With 🇵🇸,76140,True
https://x.com/PartaiSocmed/status/2079853104879837373?s=20,2079853104879837373,2079917748931690578,Jangan senang dulu dgn kepala BGN yg baru.. jangan2 malah dibuka lagi jual beli titik SPPG.. apa ngga bikin amsyong... lepas dari mulut buaya malah masuk ke mulut harimau..,['PartaiSocmed'],Wed Jul 22 13:13:29 +0000 2026,1,0,0,0,1583.0,299655411,IreneLim177,ReneO177,55,False
https://x.com/ardisatriawan/status/2079031883900633488?s=20,2079031883900633488,2079207460016099821,Karena MBG selalu di depan sekolah belakangan yg penting dana MBG bisa msuk rekening,['ardisatriawan'],Mon Jul 20 14:11:02 +0000 2026,0,0,0,0,4.0,2068725632968835073,irenkyeepy,irenkyeep,1107,True
https://x.com/kompascom/status/2079052174693441955?s=20,2079052174693441955,2079754737759768914,"Dalam program yang menggunakan anggaran negara, transparansi adalah hal yang tidak bisa ditawar.

Kalau ada dugaan yang perlu diklarifikasi, sebaiknya dijawab dengan data dan audit yang terbuka. Dengan begitu, kepercayaan publik juga bisa tetap terjaga.",['kompascom'],Wed Jul 22 02:25:44 +0000 2026,0,0,0,0,6.0,1794060249722417152,RohtaAnjulian,Rohta Anjulian 🇮🇩 🇵🇸 🌞,6134,True
https://x.com/txtdrimedia/status/2079189585167532416?s=20,2079189585167532416,2079223595705020727,"Di luar perkiraan gimana dah, itu masalah2 yang dari kepemimpinan2 sebelumnya udah ada, udah mengakar di masyarakat makanya harus dituntaskan prioritas. Kok ini malah di luar perkiraan. Bapak sblmnya udah terjun di pemerintahan lho, masa gak tau",['txtdrimedia'],Mon Jul 20 15:15:09 +0000 2026,273,11,0,0,6882.0,1526789154352541696,thirstforblonde,elleabell,19,False
https://x.com/menuembegejelek/status/2032285800097071555?s=20,2032285800097071555,2032337578742202396,Nasi serba 10rb di sangatta masih sangat proper dan enak,"['menuembegejelek', 'toodumbtodai']",Fri Mar 13 06:06:52 +0000 2026,1,0,1,0,296.0,1091282925872590848,sesuapsalmon,sukamakan,159,False
https://x.com/LambeSahamjja/status/2081381717244555418?s=20,2081381717244555418,2081546968841810146,MBG itu cm mengcover 1 dari 9 porsi kebutuhan keluarga dalam sehari. Yg harus dpikirin itu 8 porsi lain dapat dari mana setelah kenaikan harga sembako akibat MBG 😀,['LambeSahamjja'],Mon Jul 27 01:07:25 +0000 2026,1,0,0,0,359.0,1034062544,frgfaar,GOFAR,420,False
https://x.com/regar_op0sisi/status/2079741597135372765?s=20,2079741597135372765,2080064105277428195,Pernyataan wakil ketua bpkp ini melanggar logika audit kan?,['regar_op0sisi'],Wed Jul 22 22:55:03 +0000 2026,0,0,0,0,62.0,1449311170955866113,watchonline1975,Watch Online,61,False
https://x.com/kompascom/status/2079198548089041058?s=20,2079198548089041058,2079467575109697743,"Sbagai presiden sharusnya dia bisa bijak mlihat PLAKSANAAN kbijakannya DILAPANGAN.

DIA BISA MLIHAT BGAIMANA OKNUM2 YG BERMAIN DLM TATA KELOLA KEBIJAKAN PEMRINTAHAN.

SAYANGNYA SPT YG DIKATAKAN (NDASMU NDABLEG) JG BRLAKU BAGI MEREKA YG SKARANG MENGEMBAN AMANAH SBAGAI PJABAT https://t.co/xfKZIRaCn9",['kompascom'],Tue Jul 21 07:24:39 +0000 2026,0,0,0,0,77.0,1593930002701352960,palemraja20,Dani indrawan,1,False
https://x.com/kompascom/status/2079052174693441955?s=20,2079052174693441955,2079057683097768353,Ngurusin begal aja masih gagal. Heran gw mah,['kompascom'],Mon Jul 20 04:15:53 +0000 2026,1,0,0,0,299.0,153432675,DipoNiarto,DipoVerse,2802,False
https://x.com/LambeSahamjja/status/2080933139564949662?s=20,2080933139564949662,2081203536944419182,"Dl ane berangkat sekolah jrg sarapan di sekolahpun jarang jajan bukan krn ga ada makanan tp males makan, baru pulang sekolah dilampiaskan makane...",['LambeSahamjja'],Sun Jul 26 02:22:44 +0000 2026,0,0,0,0,9.0,473417028,muhammadsyakur2,Tsakurnikov,584,False
https://x.com/ardisatriawan/status/2079031883900633488?s=20,2079031883900633488,2079040335075045477,Mbok ya diperbaiki dulu itu sekolah2 diplosok yg pada g layak huni ketimbang dipake buat beli kipas,['ardisatriawan'],Mon Jul 20 03:06:57 +0000 2026,0,0,0,0,36.0,2023208228558082048,fitra_luth9801,Innocent,4935,True
https://x.com/kompascom/status/2077241661911130210?s=20,2077241661911130210,2077406635224625557,"Gih sana pada mogok.
Biar cicilan Enmek kalian diambil leasing.",['kompascom'],Wed Jul 15 14:55:12 +0000 2026,13,1,0,0,527.0,41284868,rizkidwika,Riz,39822,True
https://x.com/LambeSahamjja/status/2081381717244555418?s=20,2081381717244555418,2081609117698015278,lu pikir orang orang yg nyuri smpe ngebunuh itu bkn karna nyri makan atau pgn hidup lebih lama lgi?dongok nih statmentny,['LambeSahamjja'],Mon Jul 27 05:14:22 +0000 2026,0,0,0,0,80.0,1698032166872190976,FernandyHe7465,monyetberakal,1,False
https://x.com/BarisanOpOsisi/status/2076122669045719102?s=20,2076122669045719102,2076243586698342768,"Yang NYATA itu Sejak DULU Rakyat KEKURANGAN GIZI… dan Kenyataannya sampai SEKARANG MASIH BODOH2..!

Jd kalau mau Pintar, Cukupkan Gizinya.
Negara lain sdh buktikan",['BarisanOpOsisi'],Sun Jul 12 09:53:40 +0000 2026,2,0,2,0,141.0,394675941,BattoAjax,Batto,2194,False
https://x.com/PartaiSocmed/status/2079853104879837373?s=20,2079853104879837373,2079936651611328699,"MBG program siapa dul?
Dr awal d kritik tp masak bodoh....",['PartaiSocmed'],Wed Jul 22 14:28:35 +0000 2026,2,0,0,0,204.0,1279643101917634562,99arsyadsholeh,salman,132,False
https://x.com/kompascom/status/2079198548089041058?s=20,2079198548089041058,2079578761260089418,saya diserang karena mau beri makan anak2 indonesia itu kalimat pendek yg impactnya sangat panjang karena setiap kali diulang akan selalu jadi reminder tentang siapa yg berpihak ke rakyat dan siapa yg tidak dalam politik indonesia hari ini 🙏,['kompascom'],Tue Jul 21 14:46:28 +0000 2026,0,0,0,0,18.0,1634638278,NaysonPiers,Nayson Piers Nantox,0,False
https://x.com/txtdrimedia/status/2079189585167532416?s=20,2079189585167532416,2079465769751163089,kayaknya dia baru dikasih akses berita lagi sama si itu makanya baru tau,['txtdrimedia'],Tue Jul 21 07:17:28 +0000 2026,1,0,0,0,216.0,1647369447525711872,keluhkesacrypto,Keluh Kesah Pemain Cryptocurrency 2.0,16856,True
https://x.com/kompascom/status/2079052174693441955?s=20,2079052174693441955,2079322183932031380,Gak mungkin mas 😔🙏🏽,['kompascom'],Mon Jul 20 21:46:55 +0000 2026,0,0,0,0,70.0,1241224718,rerawon,rifki,2967,True
https://x.com/LambeSahamjja/status/2080933139564949662?s=20,2080933139564949662,2081204205747138920,Trus anak2 kalo di kasih MBG bakal tercipta Lamine Yamal versi indonesia kah?,['LambeSahamjja'],Sun Jul 26 02:25:24 +0000 2026,1,0,0,0,1387.0,2061239048770039808,khuluqajjakhulu,khuluq,1,False
https://x.com/regar_op0sisi/status/2079741597135372765?s=20,2079741597135372765,2080298362327192047,"Akal2an aja,,tau ga membutuhkan kenapa du beli",['regar_op0sisi'],Thu Jul 23 14:25:54 +0000 2026,0,0,0,0,3.0,3189574338,bandansyah,Borneo_Menggugat,181,False
https://x.com/BarisanOpOsisi/status/2076122669045719102?s=20,2076122669045719102,2076813313871430020,Biar gak bodoh ya pendidikan yg dibenahi.,['BattoAjax'],Mon Jul 13 23:37:34 +0000 2026,0,0,0,0,38.0,1228468489511292928,BarisanOpOsisi,Novie Anwar,26212,False
https://x.com/kompascom/status/2077241661911130210?s=20,2077241661911130210,2077370472296301023,"Entah siapa yang salah
Ku tak tahu
🎶",['kompascom'],Wed Jul 15 12:31:30 +0000 2026,3,0,0,0,301.0,380761087,Rio_Ramabaskara,Rio Rama Baskara,36465,True
https://x.com/LambeSahamjja/status/2081381717244555418?s=20,2081381717244555418,2081440295393345552,"bilangin ke yang punya akun, kalo perlu tag akunnya atau kirim wa nya.
kalo pemerintah bisa sejahtera in rakyat, gak akan ada rakyat miskin dan kelaparan NGENTOT.",['LambeSahamjja'],Sun Jul 26 18:03:32 +0000 2026,0,0,0,0,1139.0,1383561126,2187321A,Joe,83,False
https://x.com/PartaiSocmed/status/2079853104879837373?s=20,2079853104879837373,2079865505717084395,"Utk bikin SPPG kan habis milyaran, ya jelas aja pada marah kalau SPPG nya tahu2 dibatalin",['PartaiSocmed'],Wed Jul 22 09:45:53 +0000 2026,2,0,0,0,1168.0,1823223074663329792,Harrys824,Nasgithel,26,False
https://x.com/kompascom/status/2079198548089041058?s=20,2079198548089041058,2079531043695296918,saya diserang karena mau beri makan anak2 indonesia itu kalimat pendek yg impactnya sangat panjang karena setiap kali diulang akan selalu jadi reminder tentang siapa yg berpihak ke rakyat dan siapa yg tidak dalam politik indonesia hari ini 🙏,['kompascom'],Tue Jul 21 11:36:51 +0000 2026,0,0,0,0,58.0,325479366,Rebellious37,Birkan Kambur,0,False
https://x.com/txtdrimedia/status/2079189585167532416?s=20,2079189585167532416,2079195934257557568,Sudah tau lapangan sedikit tapi masih aja membolehkan pejabat rangkap jabatan. TNI dan Polri bisa menduduki jabatan sipil. Kui konsepmu piye? Emg bener kalo lidah gak bertulang pak,['txtdrimedia'],Mon Jul 20 13:25:14 +0000 2026,83,0,0,0,2386.0,1318532366,temujin2406,T E M U J I N 🗿,161,False
https://x.com/menuembegejelek/status/2032285800097071555?s=20,2032285800097071555,2032354029053866223,Beda memang kalo buat sedekah dan cari uang,"['menuembegejelek', 'toodumbtodai']",Fri Mar 13 07:12:14 +0000 2026,1,0,0,0,110.0,1082244364502331392,ichooseyoubeb,Dwi Kurniawan,239,False
https://x.com/LambeSahamjja/status/2081381717244555418?s=20,2081381717244555418,2081528452566684064,"anak dapat makan gratis dari mbg 1x, tapi keluarganya perlu maian minim 2x sehari, kalau gara2 mbg harga pangan naik &amp; ortu ga punya kerjaan bagaimna? apa ga lbh baik anggarannya dinpakai buat pabrik atau minimal subsidi pabrik agar bisa lbh kompetitif dgn export",['LambeSahamjja'],Sun Jul 26 23:53:50 +0000 2026,1,0,0,0,877.0,1036821815476203520,gagalpaham14,gagal paham,8,False
https://x.com/LambeSahamjja/status/2080933139564949662?s=20,2080933139564949662,2080977362678940036,"Ilmu ekonomi bukan sekedar kopi secangkir berapa, dijual berapa, untung ditabung.  

Konsep dasar ilmu ekonomi ada 3: 
pertama kelangkaan. Kedua: prioritas. Ketiga: biaya peluang. 

Uang terbatas, keinginan tidak terbatas. 
Selalu ada hal yang lebih penting di antara yang",['LambeSahamjja'],Sat Jul 25 11:24:00 +0000 2026,2,0,1,0,960.0,538140274,totosgharto,Totok Sugiharto,1383,True
https://x.com/kompascom/status/2079198548089041058?s=20,2079198548089041058,2079530969552539915,pak prabowo diserang karena mbg dan dalam sejarah kepemimpinan indonesia ini akan selalu diingat sebagai momen ketika seorang presiden dengan jujur bilang bahwa dia diserang bukan karena jahat tapi karena mau berbuat baik untuk anak bangsa 🙏,['kompascom'],Tue Jul 21 11:36:33 +0000 2026,0,0,0,0,30.0,1179669396,BoubacarMahama1,Boubacar Mahaman,0,False
https://x.com/PartaiSocmed/status/2079853104879837373?s=20,2079853104879837373,2080174742620053728,"Program paling Buruk. 
Ibarat yg membutuhkan 3% penduduk, dianggarkan untuk 80% penduduk, itupun masih bocor buat operasional setengah anggaran. 
Hasilnya yg ditarget 3% itu tidak merasa tercukupi. 
Bagus apanya ini program?? Kacau semuanya.",['PartaiSocmed'],Thu Jul 23 06:14:41 +0000 2026,0,1,0,0,1464.0,2036306270618324992,AriWicaksa45679,ArsenAlvaro,2,False
https://x.com/kompascom/status/2077241661911130210?s=20,2077241661911130210,2077317669104279901,"MBG-KDMP:
~abaikan UUDRI'45 &amp; PBJ
~lahan korup
~tak produktif
~ekonomi keuangan rakyat lemah
~daya beli rakyat lemah
~pertumbuhan ekonomi lemah
~investor kabur
~mata uang rupiah lemah
~dollar naik
~pajak &amp; harga barang naik
~ribut aja
~bikin susah &amp; khianati rakyat 

Bubarin aja!",['kompascom'],Wed Jul 15 09:01:41 +0000 2026,49,9,0,0,4416.0,3140360197,jakubpjg,Jogo 🌈💦🌾🌱,261,False
https://x.com/txtdrimedia/status/2079189585167532416?s=20,2079189585167532416,2079374372658454905,Tujuan jadi presiden bukan untuk mengabdi tapi untuk mengeruk sebanyak2nya hasil kekayaan negara untuk dirinya sendiri... mau harap apa jika dari awal niatnya rusak😭 https://t.co/CFOU0N53w5,['txtdrimedia'],Tue Jul 21 01:14:18 +0000 2026,31,7,0,0,1831.0,1731153368691904512,SabrinaAyu75052,Sabrina Ayunani,71,False
https://x.com/LambeSahamjja/status/2081381717244555418?s=20,2081381717244555418,2081580403702579466,"Bapaknya ternyata emang specialist maling ayam bang, trus pernah di laporkan ga di gubris",['LambeSahamjja'],Mon Jul 27 03:20:16 +0000 2026,0,0,0,0,114.0,990889421858721794,wayan_iswara,Astawa,136,False
https://x.com/menuembegejelek/status/2032285800097071555?s=20,2032285800097071555,2032305564395635068,Yg putih2 kyk barang harom 😭,"['menuembegejelek', 'toodumbtodai']",Fri Mar 13 03:59:39 +0000 2026,0,0,0,0,154.0,927718825100943360,junette00,Rubi,176,False
https://x.com/BarisanOpOsisi/status/2076122669045719102?s=20,2076122669045719102,2076535176679809400,"sebelum mbg ada, apa siswa selalu kelaparan dan ga bisa hidup?",['BarisanOpOsisi'],Mon Jul 13 05:12:20 +0000 2026,2,0,1,0,85.0,1883163257290342401,Actiel001,Actiel Universe,1,False
https://x.com/ardisatriawan/status/2079031883900633488?s=20,2079031883900633488,2079033945409409191,"Kopdes bisa dibangun sampai plosok² desa,tapi sekolah gabisa ya hebat emng pemerintah ini",['ardisatriawan'],Mon Jul 20 02:41:33 +0000 2026,0,0,0,0,30.0,2042201629487689728,canserxdy1,Canser,1564,True
https://x.com/PartaiSocmed/status/2079853104879837373?s=20,2079853104879837373,2079899923898863825,"Lah misalkan sekarang  mas dar yg jadi ketua BGN, apakah dia tidak diteror juga??",['PartaiSocmed'],Wed Jul 22 12:02:39 +0000 2026,0,0,2,0,6132.0,1631168245049995264,oknum_kades,Oknum Kades. 🧢,52,False
https://x.com/txtdrimedia/status/2079189585167532416?s=20,2079189585167532416,2079216826777743502,"daripada dia kebanyakan pidato kroscek data lah atau apapun itu, mendingan langsung turun kelapangan terus reset sendiri semua itu butuh bukti bukan sekedar janji dan omong k05ong.",['txtdrimedia'],Mon Jul 20 14:48:16 +0000 2026,41,0,0,0,2077.0,4817767844,kfcrispi,R,2264,True
https://x.com/LambeSahamjja/status/2080933139564949662?s=20,2080933139564949662,2081185497574220018,"Anak2 perut kenyang tapi gadikasih fasilitas belajar dan ilmu yg berstandar layaknya di Spanyol, gunanya apa?",['LambeSahamjja'],Sun Jul 26 01:11:03 +0000 2026,0,0,0,0,1412.0,1991055694964142082,Starlatellia,Mel,10,False
https://x.com/menuembegejelek/status/2032285800097071555?s=20,2032285800097071555,2032341457600962586,jahat,"['menuembegejelek', 'toodumbtodai']",Fri Mar 13 06:22:17 +0000 2026,0,0,0,0,23.0,1101148602896834561,nanidominika,nanidominika,0,False
https://x.com/regar_op0sisi/status/2079741597135372765?s=20,2079741597135372765,2080141888775237644,"Pejabat sialan senak enaknya mereka menggunakan uang rakyat ...
Selagi mereka yg mofelan gini bercokol tak kan pernah maju bangsa ini",['regar_op0sisi'],Thu Jul 23 04:04:08 +0000 2026,0,0,0,0,23.0,1930438308850720768,budi_utomo78545,Mas Boed,16,False
https://x.com/kompascom/status/2077241661911130210?s=20,2077241661911130210,2077312315394060593,"Hahaha udah tua, bangkotan, ngambekan, 
Kalian kira kita (Rakyat Indonesia) mati kelaparan kalo kalian ancam gembok dapur? 
Kalian kan yg kelaparan kalo MBG tutup, bilang aja kalian ga bisa ""nikmati"" gizi korupsi 
Program ga jelas, pelaksananya juga stress semua",['kompascom'],Wed Jul 15 08:40:25 +0000 2026,53,4,0,0,4485.0,1869721461868638208,oxvajunior,Aci,2,False
https://x.com/BarisanOpOsisi/status/2076122669045719102?s=20,2076122669045719102,2076795238618898861,Tentu tidak,['Actiel001'],Mon Jul 13 22:25:44 +0000 2026,0,0,0,0,69.0,1228468489511292928,BarisanOpOsisi,Novie Anwar,26212,False
https://x.com/PartaiSocmed/status/2079853104879837373?s=20,2079853104879837373,2079905657659256967,"Jadi sebetulnya MBG ini buat siapa? Para siswa atau para pemilik dapur? 😅

Kayaknya Pak Prabowo tidak menyadari bahwa cita2 mulianya untuk memberi makan anak se Indonesia sudah melahirkan monster2 baru dalam bentuk pencari rente dari SPPG.

Atau sebenarnya sadar?",['PartaiSocmed'],Wed Jul 22 12:25:26 +0000 2026,0,0,1,0,4134.0,1749079377814724608,main_lontre,main_lontre,10,False
https://x.com/ardisatriawan/status/2079031883900633488?s=20,2079031883900633488,2079364502030778495,karena apa gunanya gedung sekolah berdiri kokoh kalau anak anak tidak mendapatkan MBG🙂‍↔️,['ardisatriawan'],Tue Jul 21 00:35:04 +0000 2026,0,0,0,0,2.0,1553774243808411649,ondutylei,leilei,1040,True
https://x.com/menuembegejelek/status/2032285800097071555?s=20,2032285800097071555,2032337841481769400,"Kadang heran kan mbg untuk perbaikan gizi anak-anak, tapi malah di kasih jajan-jajan yang banyak gula gitu itu gimana dah? Itu penilaian gizinya gimanaa","['menuembegejelek', 'toodumbtodai']",Fri Mar 13 06:07:55 +0000 2026,0,0,0,0,214.0,1974247672547790848,cherryxin_,ael,1,False
https://x.com/txtdrimedia/status/2079189585167532416?s=20,2079189585167532416,2079240711250252229,"Solusinya kasih makan anak anak dengan bonus korupsi &amp; pemborosan APBN + bikin koperasi diatas gunung.

Cerdas ✅️ https://t.co/qacbhIxi3u",['txtdrimedia'],Mon Jul 20 16:23:10 +0000 2026,19,0,0,0,2595.0,1300670331334475778,immernochdu,humanoid,1510,True
https://x.com/kompascom/status/2077241661911130210?s=20,2077241661911130210,2077349568791138587,"Ada MBG atau nggak ada MBG, masalah geopolitik, dollar, bensin naik, dan sebagainya emang pasti ada.
Bedanya, nggak ada MBG, fokus pemerintahan bisa lebih awal mengatasi masalah itu semua dan modalnya ada.
Ada MBG? Ya modalnya abis ke MBG.
Sampe bingung buzzer mau nutup gimana.",['kompascom'],Wed Jul 15 11:08:27 +0000 2026,50,3,0,0,3272.0,1678102649676103680,V8794Valor,md,8,False
https://x.com/kompascom/status/2079198548089041058?s=20,2079198548089041058,2079559590103146634,saya diserang karena mau beri makan anak2 indonesia itu kalimat pendek yg impactnya sangat panjang karena setiap kali diulang akan selalu jadi reminder tentang siapa yg berpihak ke rakyat dan siapa yg tidak dalam politik indonesia hari ini 🙏,['kompascom'],Tue Jul 21 13:30:17 +0000 2026,0,0,0,0,17.0,397624989,mwp496,Mike Poppell,1,False
https://x.com/LambeSahamjja/status/2081381717244555418?s=20,2081381717244555418,2081606412783034514,"Ya kalo berdampak mah gak kejadian kali, wong mbgnya juga masih jalaaan",['LambeSahamjja'],Mon Jul 27 05:03:37 +0000 2026,0,0,0,0,12.0,1422075541683728385,DedeSukmaa,Diusahakan Bisa,13,False
https://x.com/BarisanOpOsisi/status/2076122669045719102?s=20,2076122669045719102,2076133777852510373,"alhamdulillah gag ada lagi anak2 yang keracunan

makar Allah itu lebih dahsyat dari makarnya para investor mbg, pejabat korup, politisi parpol yang berbisnis mbg",['BarisanOpOsisi'],Sun Jul 12 02:37:19 +0000 2026,1,0,1,0,2750.0,1280540215694766082,_sixbalax_,Six Balax,2109,True
https://x.com/PartaiSocmed/status/2079853104879837373?s=20,2079853104879837373,2079870617428586763,"Pantes, pasti kenceng tekanannya ke dia. Pilihannya approve sekarang, disikat nanti. 
Si dadan juga kaya gitu kayanya, mau gak mau dia riding the wave, dari pada di sikat doang, keluarga gak dapet apa apa.",['PartaiSocmed'],Wed Jul 22 10:06:11 +0000 2026,0,0,1,0,3994.0,1390592133103456258,kerjadarirumahq,Kerja Dari Rumah,124,False
https://x.com/regar_op0sisi/status/2079741597135372765?s=20,2079741597135372765,2080132932027711585,"Tidak menghilangkan unsur pidana korupsinya, mau dipakai apapun krn sudah jelas harga belinya sudah di mark up dan dibayar lunas",['regar_op0sisi'],Thu Jul 23 03:28:32 +0000 2026,0,0,0,0,26.0,1959745724851363840,masagus_vbr,masagus,20,False
https://x.com/ardisatriawan/status/2079031883900633488?s=20,2079031883900633488,2079138150056874394,"Kasihan sekali, tapi mau gimana lagi. Peme rintah tutup mata kalau soal pendidikan.",['ardisatriawan'],Mon Jul 20 09:35:38 +0000 2026,0,0,0,0,7.0,2043943295085322240,BangferyID,F E R Y,3450,True
https://x.com/kompascom/status/2077241661911130210?s=20,2077241661911130210,2077312410051109098,"MBG libur beberapa Minggu, anak anak sekolah baik baik saja.. bahkan harga sembako di pasar turun, membantu menekan inflasi..

Jangankan mogok, MBG  tutup saja, masyarakat senang..",['kompascom'],Wed Jul 15 08:40:47 +0000 2026,42,1,1,0,667.0,555870705,BambangSetyadix,BS Shield,136,False
https://x.com/BarisanOpOsisi/status/2076122669045719102?s=20,2076122669045719102,2076149701704114491,Alhamdulillah,['_sixbalax_'],Sun Jul 12 03:40:36 +0000 2026,2,0,0,0,2066.0,1228468489511292928,BarisanOpOsisi,Novie Anwar,26212,False
https://x.com/txtdrimedia/status/2079189585167532416?s=20,2079189585167532416,2079201313544651224,"kok bisa-bisanya hal penting kayak kemiskinan, ketimpangan, sama gaji guru yang kecil dibilang di luar perkiraan wkwk. tapi anehnya, padahal dari awal udah bikin aturan yang bikin rakyat makin susah nyari kerja, gara-gara tni polri dibolehin masuk ke posisi sipil dan pejabat",['txtdrimedia'],Mon Jul 20 13:46:37 +0000 2026,17,1,0,0,1166.0,2078097982856331264,bermonolvg,edems,108,True
https://x.com/Naandaa27/status/2079066649509142970?s=20,2079066649509142970,2079301814374297732,https://t.co/pGJiDk3WbS,[],Mon Jul 20 20:25:58 +0000 2026,6,2,0,0,3754.0,1259753320152887296,Naandaa27,Nda ! 🧳,14248,True
https://x.com/txtdrimedia/status/2079154852257513702?s=20,2079154852257513702,2079351857370345569,"Logikanya, dikasih makan sehari sekali. Yang 2x lg gimana? Kalo orangtuanya g ada kerjaan. Masih ditunggu 19juta lapangan kerja dan tambahan gaji 2 juta untuk guru pak",['txtdrimedia'],Mon Jul 20 23:44:49 +0000 2026,0,0,0,0,352.0,53020526,danniraka,Danni Aryant,824,False
https://x.com/PartaiSocmed/status/2079853104879837373?s=20,2079853104879837373,2080100385776419166,"Mbg emang utk memberi makan para pjbt &amp; kroninya
Sdngkan rakyat hnya kbgian ampasnya yg dimanfaatkan sbg alibi atau kedok mrk yg berkuasa utk merampok apbn",['PartaiSocmed'],Thu Jul 23 01:19:13 +0000 2026,0,0,0,0,442.0,1735961807561633792,kamehadian,kame,33,False
https://x.com/Naandaa27/status/2077672020863533184?s=20,2077672020863533184,2078154990556991936,Hasbiyalloh wani'mal wakiil ...laknatulloh kalian hey para pejabat bangsat,['Naandaa27'],Fri Jul 17 16:28:54 +0000 2026,0,0,0,0,4.0,1603621048779694080,mansurzain8,mansur zain,162,False
https://x.com/regar_op0sisi/status/2079741597135372765?s=20,2079741597135372765,2079919313457430560,HARUSNYA DIUSUT DAN DIPIDANAKAN KARENA MENGALOKASIKAN DANA APBN SECARA GEGABAH.,['regar_op0sisi'],Wed Jul 22 13:19:42 +0000 2026,0,0,1,0,106.0,1731675982849781760,Stanislaus41607,Gdafu,70,False
https://x.com/BarisanOpOsisi/status/2076122669045719102?s=20,2076122669045719102,2076182509306724453,"Apakah ada siswa yang ngeluuh ??

😅🤣😅","['BarisanOpOsisi', 'wadrighuci']",Sun Jul 12 05:50:58 +0000 2026,1,0,1,0,1146.0,1944690042980675584,JHPrabowo_on_X,New_Jehape_X 🔻🍉🏴‍☠️,997,True
https://x.com/txtdrimedia/status/2079189585167532416?s=20,2079189585167532416,2079193051399119157,"Ya karena dari awal cuma pengen jadi presiden, bukan karena kompeten. Setelah jadi ya bingung sendiri. Kebijakan berdasarkan insting dan prediksi

https://t.co/Fa0R4QX3ZF",['txtdrimedia'],Mon Jul 20 13:13:47 +0000 2026,20,0,0,0,2444.0,1079734702414516225,sibambaang,Bambang,8548,True
https://x.com/txtdrimedia/status/2079154852257513702?s=20,2079154852257513702,2079185592156611010,"Lol lol lol jadi inget ini

Btw, mahasiswa mana yg ngasih dia text Latar Belakang pake narasi SDGs 🤣🤣🤣 https://t.co/s6NyWqYV3O",['txtdrimedia'],Mon Jul 20 12:44:09 +0000 2026,0,0,0,0,231.0,1271777444,Aye_eyeAI,NOT,567,False
https://x.com/kompascom/status/2077241661911130210?s=20,2077241661911130210,2077307950792585435,Alhamdulillah tinggal dilaksanakan saja semoga ga aktif kembali seperti biasa selamanya karena ga ada manfaatnya sama sekali di masyarakat cuma segelintir doang nikmatin mending ga usah,['kompascom'],Wed Jul 15 08:23:04 +0000 2026,33,2,0,0,2716.0,2725420850,Ban95inyo,ꓭɐuᵷ sᴉuʎo,100,False
https://x.com/kompascom/status/2079198548089041058?s=20,2079198548089041058,2079470626738487580,"Gek modelmu ki pie tho pak pak, ya kalau yg kasih makan itu langsung jenengan ndak mungkin tho aneh aneh, jenengan jangan cuma nunggu laporan baiknya aja tho hadewww, jenengan suruh orng belikan makan kasih uang 20rb ternyata sama orang suruhan di belikan harga 8rb,jall pie",['kompascom'],Tue Jul 21 07:36:46 +0000 2026,0,0,1,0,192.0,1973168397769908230,CHORP196516,@CHORP,2,False
https://x.com/Naandaa27/status/2079066649509142970?s=20,2079066649509142970,2079352098538532929,https://t.co/XEENHy4DxH,[],Mon Jul 20 23:45:47 +0000 2026,7,0,0,0,2863.0,1259753320152887296,Naandaa27,Nda ! 🧳,14248,True
https://x.com/Naandaa27/status/2077672020863533184?s=20,2077672020863533184,2078035482391494968,Nanti pas viral lagi bukannya SPPG nya introspeksi diri malah yang videoin di somasi sampe diteror,['Naandaa27'],Fri Jul 17 08:34:01 +0000 2026,0,0,0,0,27.0,1400149247123628032,TukangReport12,TukangReport,30,False
https://x.com/regar_op0sisi/status/2079741597135372765?s=20,2079741597135372765,2080359735191077106,"Kasus chromebook aja lolos lho, masa iya pengadaan d BGN sama Kopdes g lolos?",['regar_op0sisi'],Thu Jul 23 18:29:46 +0000 2026,0,0,0,0,21.0,1904795737759899649,AidiOrea24713,Aidi Orea,20,False
https://x.com/ardisatriawan/status/2079031883900633488?s=20,2079031883900633488,2079032120761356464,"Sebernya efektif atau tidak tergantung mereka, dikasih masukan nanti jadi susah",['ardisatriawan'],Mon Jul 20 02:34:18 +0000 2026,0,0,0,0,61.0,2068732167719616512,IDNInsight,IDNInsight,3961,True
https://x.com/menuembegejelek/status/2032285800097071555?s=20,2032285800097071555,2032316043549647109,"Sejauh ini aku ngerasa sppg ga sama rata, ada yang serius dan ngerekrut orang yang bener² tim bisa masak dan banyak juga yang nguwawor ngerekrut orang dalam asal kerja 😏","['menuembegejelek', 'toodumbtodai']",Fri Mar 13 04:41:18 +0000 2026,0,0,0,0,475.0,1978883960014016512,mofufumong,mbanana,2,False
https://x.com/LambeSahamjja/status/2081381717244555418?s=20,2081381717244555418,2081674997580566986,"Sekeluarga isi 4 orang (bapak, ibu, 2 anak)

Yg dapet MBG cuma anak yg sekolah, itu pun hanya makan siang.

Terus ibu bapak nya makan apa? Pagi malem makan apa? Kalo mau ngomongin perut tuh kompleks bangett, gak usah lah apa-apa solusinya MBG. Toh jadi berakk ujungnya",['LambeSahamjja'],Mon Jul 27 09:36:09 +0000 2026,0,0,0,0,40.0,1593131108115226624,afairytales_,today was,0,False
https://x.com/txtdrimedia/status/2079154852257513702?s=20,2079154852257513702,2079197724109627568,seandainya jari yang nunjuk2 itu kayak tongkat peri... semua terkabulkan tinggal tring tring tring,['txtdrimedia'],Mon Jul 20 13:32:21 +0000 2026,0,0,0,0,1424.0,45135986,septwrld,septwrld,1284,False
https://x.com/txtdrimedia/status/2079189585167532416?s=20,2079189585167532416,2079232125912719569,"Tua jompo dikasih panggung, besok juga akan demensia lagi. Merendahkan lagi. Mungkin cebok saja dia lupa. https://t.co/X6WTDM3SEU",['txtdrimedia'],Mon Jul 20 15:49:03 +0000 2026,17,1,0,0,1385.0,1731202258015318016,BroNDRONG,ᵣₑｚᵢₘｂₐｂᵢｂᵤₜₐｗₜｆ,14,False
https://x.com/kompascom/status/2079198548089041058?s=20,2079198548089041058,2079413274425368967,"Mhn ijin Bpk Presiden: keluhan semua ibu-ibu, saat ini harga semua sembako melambung tinggi seperti Ramadhan &amp; hari raya yg selalu naik. Padahal kalau MBG terus berlanjut, ini berarti harga sembako naik terus… Mhn diatasi bisa tidak?",['kompascom'],Tue Jul 21 03:48:52 +0000 2026,0,0,0,0,270.0,1505488108644868096,sunatsmart,Kaji Bani,34,False
https://x.com/BarisanOpOsisi/status/2076122669045719102?s=20,2076122669045719102,2076232996865388880,Tentu tidak😅,"['JHPrabowo_on_X', 'wadrighuci']",Sun Jul 12 09:11:35 +0000 2026,1,0,1,0,1005.0,1228468489511292928,BarisanOpOsisi,Novie Anwar,26212,False
https://x.com/Naandaa27/status/2077672020863533184?s=20,2077672020863533184,2077922269289168917,MBG banyak masalah kok masih di pertahankan.,['Naandaa27'],Fri Jul 17 01:04:09 +0000 2026,0,0,0,0,12.0,1435615368,Rachmat1966,Raden Rachmat Bawono,1075,False
https://x.com/regar_op0sisi/status/2079741597135372765?s=20,2079741597135372765,2080173592634081368,"omongan GEROMBOLAN IBLIS kok di percaya

Udah jelas HARGA MOTOR LISTRIK  itu MarkUp

gimana bisa inin MAK LAMPIR ngomong nggak ada KORUPSINYA..??

https://t.co/Y73uyVSNjx",['regar_op0sisi'],Thu Jul 23 06:10:06 +0000 2026,1,0,0,0,126.0,2408810690,TheUncleDee,#TuanⓂuda™,931,False
https://x.com/ardisatriawan/status/2079031883900633488?s=20,2079031883900633488,2079051662375956848,gue lagi puasa pen teriak kon (sebagian kata hilang) ke muka prabowo😇,['ardisatriawan'],Mon Jul 20 03:51:57 +0000 2026,0,0,0,0,13.0,1979169944010133506,xplorerna,Na🍀,1566,True
https://x.com/PartaiSocmed/status/2079853104879837373?s=20,2079853104879837373,2081195007462224132,"REJIM OKNUM!
PESTA PORA KELOMPOK2 BERSERAGAM!
UANG PAJAK RAKYAT DIPAKAI UGAL2AN!
HUKUM HANYA FORMALITAS SAJA DAN DPERJUAL BELIKAN!

ASLI LONDO IRENG!!

NEGARA DI PIMPIN OLEH OKNUM
DIKELOLA OLEH OKNUM
DILAKSANAKAN OLEH OKNUM-OKNUM

DARI OKNUM
OLEH OKNUM
UNTUK OKNUM",['PartaiSocmed'],Sun Jul 26 01:48:51 +0000 2026,0,0,0,0,34.0,3256604046,sardi_sartono,GulaKelapa🇮🇩,144,False
https://x.com/txtdrimedia/status/2079154852257513702?s=20,2079154852257513702,2079233972002029617,"masalahnyaa iyaa okelahh rakyat ga lapar misal nih, tp negara bocor kocaaggg, banyak yg korup dari proyek lu ituuu woooo nyebelin bgt ni manusia satu",['txtdrimedia'],Mon Jul 20 15:56:23 +0000 2026,0,0,0,0,1436.0,1772025481485058048,zharrrrr03,zhar,679,True
https://x.com/kompascom/status/2079198548089041058?s=20,2079198548089041058,2079587931384385926,saya diserang karena mau kasih makan anak indonesia itu adalah kalimat paling heartbreaking sekaligus paling empowering karena nunjukin bahwa pak prabowo tau persis apa yg dia perjuangkan meski ada harga yg harus dibayar 🥹,['kompascom'],Tue Jul 21 15:22:54 +0000 2026,0,0,0,0,21.0,1180819236,tbomb1922,Tyson Williamson,0,False
https://x.com/kompascom/status/2077241661911130210?s=20,2077241661911130210,2077292288242516132,"Gembok saklawase,akeh sik arep syukuran",['kompascom'],Wed Jul 15 07:20:50 +0000 2026,33,0,1,0,1588.0,3154397568,waskipo,pay i dy,35,False
https://x.com/menuembegejelek/status/2032285800097071555?s=20,2032285800097071555,2032307535404024205,"Disini ada dapur MBG yang suka bagi bagi makanan ke warga sekresek merah yang gede min apalagi karyawan nya juga sama kaya gitu, menurut mimin ini hitungannya gimana ya ?","['menuembegejelek', 'toodumbtodai']",Fri Mar 13 04:07:29 +0000 2026,0,0,0,0,581.0,2025481851822112771,narukissuke,lovenanase,0,False
https://x.com/Naandaa27/status/2077672020863533184?s=20,2077672020863533184,2077991181703901554,Semoga bukan anak anak yang disuruh minta maaf.,['Naandaa27'],Fri Jul 17 05:37:59 +0000 2026,0,0,0,0,17.0,1237012707481550848,Lima8Satu,Parodi Commentary - Fan - Joke Limalapa,40124,True
https://x.com/txtdrimedia/status/2079189585167532416?s=20,2079189585167532416,2079418518991462719,"Presiden Indonesia❎️
Aib Indonesia✅️

Jadi presiden modal joget joget. Gatau kondisi rakyatnya sendiri, mana pakenya sistem duga menduga bukan pakai data. Pantesan solusinya MBG dan Kopdes. Lengkap, skill issue, knowledge issue, capability issue, integrity issue sekaligus.",['txtdrimedia'],Tue Jul 21 04:09:43 +0000 2026,13,2,0,0,869.0,69494682,alicescherich,YU LONG AND WEI LAN,406,False
https://x.com/LambeSahamjja/status/2081381717244555418?s=20,2081381717244555418,2081383586335461856,"Kalau semua masalah selesai dengan MBG, besok pengangguran tinggal dikasih nasi kotak: Selamat, Anda resmi punya masa depan😂",['LambeSahamjja'],Sun Jul 26 14:18:11 +0000 2026,1,0,0,0,650.0,498363181,blesbol,Blesbol ⚽,1118,True
https://x.com/ardisatriawan/status/2079031883900633488?s=20,2079031883900633488,2079044591601541441,"Apa jargonnya guys , ada maslah yg lebih urgent, YAITU maslah perutt",['ardisatriawan'],Mon Jul 20 03:23:52 +0000 2026,0,0,0,0,8.0,1688057902526001152,Profesionalcuap,Profesional Cuap,687,True
https://x.com/txtdrimedia/status/2079154852257513702?s=20,2079154852257513702,2079446979340599636,"Yeuu banyak jirr banyakkk lu mbg di sekolah yang kelaparan dijalan banyakkk, mbg bukan solusi cik",['txtdrimedia'],Tue Jul 21 06:02:48 +0000 2026,0,0,0,0,126.0,1871527735421759488,vkpuwpu,🐰,0,False
https://x.com/LambeSahamjja/status/2080933139564949662?s=20,2080933139564949662,2081025192491380780,"kalau logikanya memang gizi anak penting, tantangannya tinggal gimana pemerintah memastikan program lain seperti perbaikan sekolah, kesejahteraan guru, dan fasilitas pendidikan juga tetap jalan bersamaan",['LambeSahamjja'],Sat Jul 25 14:34:04 +0000 2026,0,0,0,0,2726.0,1406980113636335617,Rafigg1122,duitdanhidup,1157,True
https://x.com/PartaiSocmed/status/2079853104879837373?s=20,2079853104879837373,2080156083444986032,"Yakingw klo ibu Nanik ini bener2 mau bersih2 tapi ada yg terusik hingga hrs nyari jalan pintas....

mosok klean ga paham kelakuan pola main oknum berseragam...",['PartaiSocmed'],Thu Jul 23 05:00:32 +0000 2026,0,0,0,0,191.0,1827380532851904512,Quruam_miyagob,~Oli Bekas~,129,False
https://x.com/Naandaa27/status/2077672020863533184?s=20,2077672020863533184,2077717272043696518,Baru jalan 3 hari udah bermasalah lagi..bearti sama sekali ga di evaluasi..SOP nya masih sama...bangke emang,['Naandaa27'],Thu Jul 16 11:29:34 +0000 2026,0,0,0,0,191.0,1673522902690586624,yanyan937355,Yanyan,1118,False
https://x.com/kompascom/status/2079198548089041058?s=20,2079198548089041058,2079585574734999585,diserang karena kasih makan anak indonesia itu adalah statement yg paling efektif untuk bikin rakyat sadar bahwa ada pihak2 yg motivasinya bukan untuk indonesia yg lebih baik tapi untuk pak prabowo yg gagal dan dua hal itu sangat berbeda,['kompascom'],Tue Jul 21 15:13:32 +0000 2026,0,0,0,0,20.0,2013729990995779586,HapsariYan53654,Yani Hapsari,0,False
https://x.com/menuembegejelek/status/2032285800097071555?s=20,2032285800097071555,2032360145485984191,"Itu apa jir, plastisin?","['menuembegejelek', 'toodumbtodai']",Fri Mar 13 07:36:32 +0000 2026,0,0,0,0,29.0,1904514062505164800,glamiese,"Elyne, ♥︎",20,False
https://x.com/Naandaa27/status/2079066649509142970?s=20,2079066649509142970,2079360950382272898,https://t.co/6MLgHPAS03,[],Tue Jul 21 00:20:57 +0000 2026,0,0,0,0,2483.0,1259753320152887296,Naandaa27,Nda ! 🧳,14248,True
https://x.com/BarisanOpOsisi/status/2076122669045719102?s=20,2076122669045719102,2076450881869054092,Adakah orang desa mengeluh saat MBG diliburkan karena tidak bisa makan telor dan daging ayam...? @yandr_susanto @kemendespdt kedepan statement yang sedikit cerdaslah...! @prabowo,['BarisanOpOsisi'],Sun Jul 12 23:37:23 +0000 2026,1,0,1,0,71.0,1546130429031632898,WebyWiguna18,Leo'nardo 🇮🇩🇵🇸,119,False
https://x.com/LambeSahamjja/status/2081381717244555418?s=20,2081381717244555418,2081574768755749220,"Sebenernya yg pro mbg ini ingin mendukung masa depan anak bangsa atau apa? Anak setelah lulus sekolah tidak memerlukan mbg, tpi kejelasan dalam jenjang kari masa depan mereka, masalah makan dan menyekolahkan anak itu urusan ortu, seharusnya mempermudah jln masa depan dan",['LambeSahamjja'],Mon Jul 27 02:57:53 +0000 2026,0,0,0,0,88.0,1718060847870947328,sampahplastic1,VICKRI,7,True
https://x.com/toe_giman/status/2077699532020957341?s=20,2077699532020957341,2078010088758137039,"Bujug, sungguh teganya teganya teganya",['HumorJonTampan'],Fri Jul 17 06:53:07 +0000 2026,0,0,0,0,1013.0,1336576386987790336,toe_giman,T0361M4N,24117,True
https://x.com/tempodotco/status/2079899270199595250?s=20,2079899270199595250,2080151682927960451,berarti yg sebelumnya punya dong?????,['tempodotco'],Thu Jul 23 04:43:03 +0000 2026,0,0,0,0,29.0,1307592086816829442,isanasisan,xsan,82,False
https://x.com/txtdrimedia/status/2079154852257513702?s=20,2079154852257513702,2079175267378249780,Mbg di korupsi juga.. Jangan beri makan yg udah kenyang.,['txtdrimedia'],Mon Jul 20 12:03:07 +0000 2026,0,0,0,0,1200.0,2069462868941234176,risqaqudj,risqa,1,False
https://x.com/menuembegejelek/status/2032285800097071555?s=20,2032285800097071555,2032300147775000892,menu mbg balita keponakan ku https://t.co/DgYKeYPE37,"['menuembegejelek', 'toodumbtodai']",Fri Mar 13 03:38:08 +0000 2026,0,0,0,0,104.0,1599400789214363649,thisprincessnay,uwviny,31,False
https://x.com/BarisanOpOsisi/status/2076122669045719102?s=20,2076122669045719102,2076794727530480046,Menteri tulalit,"['WebyWiguna18', 'kemendespdt', 'prabowo']",Mon Jul 13 22:23:42 +0000 2026,0,0,0,0,58.0,1228468489511292928,BarisanOpOsisi,Novie Anwar,26212,False
https://x.com/Naandaa27/status/2077672020863533184?s=20,2077672020863533184,2078087415940698614,Maaf mau tanya boleh tahu Pekalongan nya dimana ya...itu lokasi ya,['Naandaa27'],Fri Jul 17 12:00:23 +0000 2026,0,0,0,0,30.0,1204081902140788736,iqbalbaqo,Iqbalbaqo,972,False
https://x.com/menuembegejelek/status/2032285800097071555?s=20,2032285800097071555,2032384007070212224,Ada akunnya cok @penjdgirlboss,"['menuembegejelek', 'toodumbtodai']",Fri Mar 13 09:11:21 +0000 2026,0,0,1,0,12.0,2003428458379247618,puteainhere,puti,49,False
https://x.com/kompascom/status/2079198548089041058?s=20,2079198548089041058,2079542992646631461,diserang karena kasih makan anak indonesia itu adalah statement yg paling efektif untuk bikin rakyat sadar bahwa ada pihak2 yg motivasinya bukan untuk indonesia yg lebih baik tapi untuk pak prabowo yg gagal dan dua hal itu sangat berbeda,['kompascom'],Tue Jul 21 12:24:20 +0000 2026,0,0,0,0,32.0,2191664463,3ber_almutairi,3beeR,0,False
https://x.com/PartaiSocmed/status/2079853104879837373?s=20,2079853104879837373,2079890372411732467,Inilah yang terjadi kalo  program ugal ugalan kalo tidak diriset terlebih dahulu,['PartaiSocmed'],Wed Jul 22 11:24:41 +0000 2026,0,0,1,0,1495.0,4084529452,purabu,プラブ🇵🇸🇮🇩,46,False
https://x.com/ardisatriawan/status/2079031883900633488?s=20,2079031883900633488,2079260206845120644,Makan MBG ditengah2 atap roboh.. presiden nya sakitttt!!,['ardisatriawan'],Mon Jul 20 17:40:38 +0000 2026,0,0,0,0,3.0,65875022,twrs93,Cillos🐈,693,True
https://x.com/txtdrimedia/status/2079154852257513702?s=20,2079154852257513702,2079238178322755839,"Presiden yg sebelum2 ini jadwal pidatonya se sering beliau ga sih?
Kayanya tiap hari pidato.",['txtdrimedia'],Mon Jul 20 16:13:06 +0000 2026,0,0,0,0,532.0,882247294162092032,krocomumettt,*Wajib Diisi,1,False
https://x.com/kompascom/status/2077241661911130210?s=20,2077241661911130210,2077317259639599106,alhamdulilah https://t.co/2jg5tXkRUe,['kompascom'],Wed Jul 15 09:00:04 +0000 2026,28,1,0,1,3876.0,2032221811849773056,black_k00k33,ꦏꦺꦴꦏꦺ,399,False
https://x.com/LambeSahamjja/status/2081381717244555418?s=20,2081381717244555418,2081492403278774412,"wkwkkw si kontol, orang berduit dari hasil ngeruk alam lagi ngomelin kelas menengah dan bawah yg sedang meronta meronta ekonominya karena liat negara hamburin duit ga guna?",['LambeSahamjja'],Sun Jul 26 21:30:35 +0000 2026,6,0,0,0,481.0,4634850618,inikucingya,Bukan Orang Tapi Kucing,324,False
https://x.com/tempodotco/status/2079899270199595250?s=20,2079899270199595250,2080088418869207326,Dia kira semua rakyat indo bego kayak junjungannya apa? Dari dia masuk geng oligarki aja udah ketebak sifat dan tabiatnya pasti sama kayak yg lain 😌,['tempodotco'],Thu Jul 23 00:31:39 +0000 2026,1,0,0,0,441.0,1662281761240518657,hazel_yasse,yassabel,16,False
https://x.com/BarisanOpOsisi/status/2076122669045719102?s=20,2076122669045719102,2076173926003319141,Setuju,['BarisanOpOsisi'],Sun Jul 12 05:16:52 +0000 2026,1,0,1,0,1022.0,1609925940599214086,anNOOOR90,an NOOR,76,False
https://x.com/toe_giman/status/2077699532020957341?s=20,2077699532020957341,2077882218966618192,"Jika memang terjadi perubahan fungsi bangunan sekolah, sebaiknya dijelaskan secara terbuka alasan, dasar kebijakan, dan solusi bagi kegiatan belajar mengajar agar tidak menimbulkan keresahan.",['toe_giman'],Thu Jul 16 22:25:00 +0000 2026,16,1,1,0,4483.0,1794060249722417152,RohtaAnjulian,Rohta Anjulian 🇮🇩 🇵🇸 🌞,6134,True
https://x.com/txtdrimedia/status/2079189585167532416?s=20,2079189585167532416,2079346550120357930,"Lah jancok, nih permasalahan kan udah disinggung pas debat ajgggg. Bisa2nya lu ga nyangka tpi bisa dpet wangsit bkin kdmp. MARAH BGT GW",['txtdrimedia'],Mon Jul 20 23:23:44 +0000 2026,15,0,0,0,393.0,1404598422045290499,loosepowdery,solo living,3,False
https://x.com/menuembegejelek/status/2032285800097071555?s=20,2032285800097071555,2032355787956515257,"Soanya yg kanan mindsetnya ""kerja bener sama gk bener gajinya sama"". Karena income yg mereka dapet itu udah fix gk mungkin berkurang. Coba yang kiri kerjanya kayak yg kanan, pasti nggak ada yg mau pesen lagi itu usaha katering, jadi sepi.","['menuembegejelek', 'toodumbtodai']",Fri Mar 13 07:19:13 +0000 2026,0,0,0,0,411.0,2030906039722479616,CantenkID,CantenkID,175,False
https://x.com/JVLEHA/status/2079800619280605645?s=20,2079800619280605645,2079910535831998553,Udah probabtion belum y ?,['JVLEHA'],Wed Jul 22 12:44:49 +0000 2026,0,0,1,0,41.0,1237784440006311936,autumnskypeia,Yanuar Riski,428,False
https://x.com/txtdrimedia/status/2079154852257513702?s=20,2079154852257513702,2079186595312525576,Tidak ada orang lapar sebelum  ada mbg. Coba mana data statistik nya.,['txtdrimedia'],Mon Jul 20 12:48:08 +0000 2026,1,0,0,0,471.0,1535988698398924801,FujiantoEddy,Eddy fujianto,2,False
https://x.com/regar_op0sisi/status/2079741597135372765?s=20,2079741597135372765,2080120091547771042,Menggunakan uang rakyat tanpa memperhitungkan effesiensinya,['regar_op0sisi'],Thu Jul 23 02:37:31 +0000 2026,0,0,1,0,60.0,1835971325149802496,AbdSalam272065,Putra Bangsawan,121,False
https://x.com/ardisatriawan/status/2079031883900633488?s=20,2079031883900633488,2079034561078653267,"klo anak sehat, kuat, atap ambruk tinggal di tahan pake tangan 💪",['ardisatriawan'],Mon Jul 20 02:44:00 +0000 2026,0,0,0,0,18.0,2060215253389221888,belumrebahan,Adit Idut,1316,True
https://x.com/Naandaa27/status/2077672020863533184?s=20,2077672020863533184,2078089790592037044,"Wajar gak sih, soalnya libur berapa minggu, bahannya baru dipake lagi. Mohon dimaklumi salah siapa kalian libur 🙏🏻😌",['Naandaa27'],Fri Jul 17 12:09:49 +0000 2026,0,0,0,0,17.0,1480641668344737795,coderboba,meng,50,False
https://x.com/LambeSahamjja/status/2081381717244555418?s=20,2081381717244555418,2081448448512131424,"yg kenal mah gebukin aja ajg ditempat, yg begini harusnya digebukin ampe modar. jgn baru tersangka maling ayam digebukin, tolol jg si warga",['LambeSahamjja'],Sun Jul 26 18:35:56 +0000 2026,1,0,0,0,822.0,1665372217910386688,ciyasukakamu,cila khas betawi,4,False
https://x.com/tempodotco/status/2079899270199595250?s=20,2079899270199595250,2080064399545598170,"Ora ndue 3 nduene 100 dan dkelola orang lain, tinggal dpt setoran saja",['tempodotco'],Wed Jul 22 22:56:13 +0000 2026,0,0,0,0,26.0,1350861338,PenDjooLL,Kaki_Peang,639,False
https://x.com/kompascom/status/2079198548089041058?s=20,2079198548089041058,2079410679707213975,"Klo memberi makan bergizinya sih bagus, tp spt apa eksekusi dilapangan pak. Cman ngedabrus seolah didzalimi dlm pemberian makan pdhal rakyat perhatian sama bapak. apalagi didpan etalasi bapak sendiri yg tdk amanah, penggunaan biaya yg ugal2an apa bapak ga merasa itu. NDOBOL https://t.co/zUyXQyBzNM",['kompascom'],Tue Jul 21 03:38:34 +0000 2026,1,1,0,0,144.0,712554618023186432,fajriramli137,Fajri Ramli,184,False
https://x.com/PartaiSocmed/status/2079853104879837373?s=20,2079853104879837373,2080128125103448147,Kan jadi pd bingung sendiri  akhir nya pejabat nya... Yg sdh jual beli titik.. Apalagi kalo sampai nanti dikelola di kantin sekolah.. Hayo.. Siap2 drama lg,['PartaiSocmed'],Thu Jul 23 03:09:26 +0000 2026,0,0,0,0,1384.0,3900400572,Perfectore_Step,M_F_R,224,False
https://x.com/BarisanOpOsisi/status/2076122669045719102?s=20,2076122669045719102,2076233071607923088,Yes,['anNOOOR90'],Sun Jul 12 09:11:53 +0000 2026,0,0,0,0,897.0,1228468489511292928,BarisanOpOsisi,Novie Anwar,26212,False
https://x.com/kompascom/status/2077241661911130210?s=20,2077241661911130210,2077465477966954506,Mitra Maling Berkedok Gizi  mksd loe jing https://t.co/6PcXjKZ8vE,['kompascom'],Wed Jul 15 18:49:02 +0000 2026,14,4,0,0,701.0,1963222091039391744,volterposisi,volter oposisi,176,False
https://x.com/Naandaa27/status/2079066649509142970?s=20,2079066649509142970,2079414764950970615,https://t.co/m1Uuecv5bt,[],Tue Jul 21 03:54:48 +0000 2026,0,0,0,0,1465.0,1259753320152887296,Naandaa27,Nda ! 🧳,14248,True
https://x.com/LambeSahamjja/status/2080933139564949662?s=20,2080933139564949662,2081214273255358557,"BAKOM : 41% 
QODARI : 54%
Anak brangkat ke sekolah tidak sarapan.

(2 orang ini aja datanya udah beda.)

Pernah ditanya, kenapa tdk sarapan?
Sekolah masuk jam 7. Berangkat dari rumah bisa jam 6. Tidak semua orang tua punya cukup waktu utk nyiapkan sarapan anak.",['LambeSahamjja'],Sun Jul 26 03:05:24 +0000 2026,3,0,1,0,137.0,1325585170146062336,SaifuddinSay,WarKesot 🔻,1748,False
https://x.com/toe_giman/status/2077699532020957341?s=20,2077699532020957341,2077902811501846661,"Yah jamanow sulit, ujug-ujug minta dapur",['RohtaAnjulian'],Thu Jul 16 23:46:50 +0000 2026,1,0,1,0,3382.0,1336576386987790336,toe_giman,T0361M4N,24117,True
https://x.com/JVLEHA/status/2079800619280605645?s=20,2079800619280605645,2080178840798912849,HHAHAHAHAH KAK.,['JVLEHA'],Thu Jul 23 06:30:58 +0000 2026,0,0,0,0,26.0,134380852,VictoriaLonita,🦋,1875,False
https://x.com/menuembegejelek/status/2032285800097071555?s=20,2032285800097071555,2032379675931263365,Kata om Wowo ini penghinaan pada negara,"['menuembegejelek', 'toodumbtodai']",Fri Mar 13 08:54:09 +0000 2026,0,0,0,0,7.0,2001322948507181057,evan_papa18,papa evan.tgn,298,False
https://x.com/txtdrimedia/status/2079154852257513702?s=20,2079154852257513702,2079469786199924783,coba evaluasi mbg ga semua dapet harusnya yg miskin ekstrem saja nah baru itu tepat sasaran anggaran nya jadi kecil,['txtdrimedia'],Tue Jul 21 07:33:26 +0000 2026,0,0,0,0,82.0,2033391114066317312,savirares61932,savirares,34,False
https://x.com/ardisatriawan/status/2079031883900633488?s=20,2079031883900633488,2079032995739295845,masalah bencana alampun solusinya tetap apa? MBG,['ardisatriawan'],Mon Jul 20 02:37:47 +0000 2026,0,0,0,0,16.0,1800332693235961856,Whoisthismanbru,Oky,511,True
https://x.com/txtdrimedia/status/2079189585167532416?s=20,2079189585167532416,2079216781865210078,"Kalo cuma ngomong doang kita pahami kita pahami tapi gaada solusi sma aja nol😒. 

Muak banget sma janji"" ga jelas kayak gini. Padahal udah presiden loh yg ngomong masih aja ingkar https://t.co/VnYd9rqebB",['txtdrimedia'],Mon Jul 20 14:48:05 +0000 2026,11,1,0,0,1044.0,2064005905998663680,Lily01kath,Lily,149,False
https://x.com/tempodotco/status/2079899270199595250?s=20,2079899270199595250,2080184660089598282,"Masa sih

https://t.co/SKt9f2yDHb",['tempodotco'],Thu Jul 23 06:54:05 +0000 2026,0,0,0,0,390.0,122359991,dzikryalghazaly,Dzikry Al Ghazaly,2210,True
https://x.com/toe_giman/status/2077699532020957341?s=20,2077699532020957341,2077895441170174102,"Ini sekolah SMK negeri di Batam, wali muridnya kesal krn anaknya ga diterima di sekolah tsb krn diluar kapasitas sekolah yg mungkin sudah menerima murid yg cukup banyak. Setau aku sekolahnya memang berisi ribuan murid makanya dibuat tempat MBG sekaligus 😅",['toe_giman'],Thu Jul 16 23:17:33 +0000 2026,16,0,1,0,4323.0,1377937012041244672,mommyche93,momchee,335,False
https://x.com/kompascom/status/2079198548089041058?s=20,2079198548089041058,2079382240778404113,"Tidak ada yang menyerang karena memberi makan, orang menyerang karena begitu amburadul dan masifnya korupsi di MBG dan KDMP. Trilyunan uang negara dikuras habis sama tikus2 rakus",['kompascom'],Tue Jul 21 01:45:33 +0000 2026,1,0,1,0,141.0,1006413184339591168,korneltarigans,tarigansk,5,False
https://x.com/JVLEHA/status/2079800619280605645?s=20,2079800619280605645,2079926991520944276,Beda orang😭😭,['JVLEHA'],Wed Jul 22 13:50:12 +0000 2026,0,0,0,0,20.0,84826093,notacenter_,geb,493,False
https://x.com/kompascom/status/2077241661911130210?s=20,2077241661911130210,2077306190225399928,"Wah mantap nih.
Dukung mogok massal nasional dapur MBG selama mungkin 💪💪💪",['kompascom'],Wed Jul 15 08:16:04 +0000 2026,17,1,0,0,953.0,76898124,mikrobakeren,Nama Gak Boleh Kosong,817,False
https://x.com/PartaiSocmed/status/2079853104879837373?s=20,2079853104879837373,2079932289887117554,"Separah apapun, konon program ini bagus. Ya tapi, banyak sayangnya.....
Gengsi ya bilang program ini gagal.",['PartaiSocmed'],Wed Jul 22 14:11:15 +0000 2026,0,0,0,0,330.0,191812537,Wishnoex,WePe,56,False
https://x.com/LambeSahamjja/status/2080933139564949662?s=20,2080933139564949662,2081002090277851262,"Goblok cuuuk..klo bikin program itu yg genah..sblum kasih makan,itu anak2 disurvey Dulu Ada allergi makanan Gak Dulu..sukanya kebanyakan makanan apa..baru dikasi sesuai menunya..ini asal jalan Aja..program Tujuannya bagus,eksekusi nya amburadul,,yg seneng ya Bandar sppg",['LambeSahamjja'],Sat Jul 25 13:02:16 +0000 2026,0,0,0,0,485.0,1391008623870894084,sigit_lukas,lukas sigit,33,False
https://x.com/Naandaa27/status/2079066649509142970?s=20,2079066649509142970,2079503863548400056,https://t.co/yYY9BjBA52,[],Tue Jul 21 09:48:51 +0000 2026,2,0,0,0,729.0,1259753320152887296,Naandaa27,Nda ! 🧳,14248,True
https://x.com/BarisanOpOsisi/status/2076122669045719102?s=20,2076122669045719102,2076274434978254992,"Ga ada. Ortunya pada sanggup ngasih makan 
Malah kalo mbg naik bahan² makanan juga naik. Ortunya ikut stress",['BarisanOpOsisi'],Sun Jul 12 11:56:15 +0000 2026,1,0,1,0,64.0,1057886733717528576,cottonceye,mall,3024,True
https://x.com/ardisatriawan/status/2080621729022693665?s=20,2080621729022693665,2080671911592521769,Yang katanya sudah bangun banyak jembatan itu di mana ya?,['ardisatriawan'],Fri Jul 24 15:10:15 +0000 2026,0,0,0,0,27.0,3898582632,tahugedjrot,Gedjrot,12008,True
https://x.com/regar_op0sisi/status/2079741597135372765?s=20,2079741597135372765,2079885823168963034,Ratusan juta rakyatnya LOLOT semua kya w...Jd pejabatnya bisa ngomong seenak jidat gtu...Bhuhahahahahaha🤣,['regar_op0sisi'],Wed Jul 22 11:06:37 +0000 2026,0,0,1,0,76.0,1737718177608728576,DCandra28538,Engage,7,False
https://x.com/toe_giman/status/2077699532020957341?s=20,2077699532020957341,2077903650127798329,Waduh,['mommyche93'],Thu Jul 16 23:50:10 +0000 2026,0,0,0,0,3071.0,1336576386987790336,toe_giman,T0361M4N,24117,True
https://x.com/kompascom/status/2079198548089041058?s=20,2079198548089041058,2079436611209900504,"Makan gratis juga gak layak di makan lah
Makan gratis hanya buang buang angaran aja
Mending pake bikin sekolahan yng layak jalan buat anak2 di Plosok desa bagus lah",['kompascom'],Tue Jul 21 05:21:36 +0000 2026,1,0,0,0,148.0,2009319525385428992,Totodewa1933,Toto1919,2,False
https://x.com/Naandaa27/status/2077672020863533184?s=20,2077672020863533184,2077798624013213774,"kirim ke rumah buzzer MBG kek @BANGSAygSUJUD 
biar diuntal Ama ompreng2nya 🤣🤣🤣",['Naandaa27'],Thu Jul 16 16:52:50 +0000 2026,0,0,0,0,27.0,1949857602856427520,sariden_nesia,🇮🇩sariden🇮🇩,27,False
https://x.com/ardisatriawan/status/2079031883900633488?s=20,2079031883900633488,2079032089748668653,"Kalau perut kenyang, anak2 pasti lebih nyaman terima pelajarannya 🥰",['ardisatriawan'],Mon Jul 20 02:34:11 +0000 2026,0,0,0,0,30.0,157963345,adhyprasetia,wira,2402,True
https://x.com/ARSIPAJA/status/1893601702273806465?s=20,1893601702273806465,1893641468822048937,Efisiensi ndasmu! https://t.co/RA25DKW38f,['ARSIPAJA'],Sun Feb 23 12:38:02 +0000 2025,685,50,1,0,42076.0,1727602815084949504,Ibenk250,Ibenk,291,False
https://x.com/tempodotco/status/2079899270199595250?s=20,2079899270199595250,2079952474342039907,kamulah yang bertanggung jawab atas semua dapur mbg di indonesia,['tempodotco'],Wed Jul 22 15:31:28 +0000 2026,0,0,0,0,112.0,1921747340689625088,bagasmancing,Why don't you go fishing?,715,True
https://x.com/JVLEHA/status/2079800619280605645?s=20,2079800619280605645,2079974069232185518,Beda ni anjer,['JVLEHA'],Wed Jul 22 16:57:16 +0000 2026,0,0,0,0,26.0,1522785205899214848,kalembgtt,🫵,14591,True
https://x.com/kompascom/status/2077241661911130210?s=20,2077241661911130210,2077308205471027390,"ya bodo amat

mati geh loss orang banyak ini

https://t.co/6Nh9Mt5Acm",['kompascom'],Wed Jul 15 08:24:05 +0000 2026,12,3,2,0,3677.0,2408810690,TheUncleDee,#TuanⓂuda™,931,False
https://x.com/Naandaa27/status/2079066649509142970?s=20,2079066649509142970,2079564838557397174,https://t.co/MX3OycegmQ,[],Tue Jul 21 13:51:08 +0000 2026,0,0,0,0,466.0,1259753320152887296,Naandaa27,Nda ! 🧳,14248,True
https://x.com/regar_op0sisi/status/2079741597135372765?s=20,2079741597135372765,2080149742382924100,"Trilyunan amanah, keringat, darah, dan air mata rakyat.... dihamburkan....",['regar_op0sisi'],Thu Jul 23 04:35:20 +0000 2026,0,0,1,0,16.0,1750866781106003968,Woodlands1919,Woodlands,84,False
https://x.com/LambeSahamjja/status/2081381717244555418?s=20,2081381717244555418,2081599442613145993,"kaya doang otaknya kosong
udah tau akar masalahnya kemiskinan struktural 
tapi solusi yg dikasih cuman MBG😭

bodoh bangetttt",['LambeSahamjja'],Mon Jul 27 04:35:56 +0000 2026,0,0,0,0,33.0,1037213568171757570,afterlifedie,maulanaaa,2361,True
https://x.com/PartaiSocmed/status/2079853104879837373?s=20,2079853104879837373,2079955232591884594,"Ditunjuk presiden lgsg masih aja takut diancam,yg neror kedudukannya diatas presiden kali ya..😀",['PartaiSocmed'],Wed Jul 22 15:42:25 +0000 2026,1,0,0,0,217.0,2769256759,mashuripiliang,uwang ocu,1111,False
https://x.com/ardisatriawan/status/2080621729022693665?s=20,2080621729022693665,2080635783946674657,https://t.co/GcAf2lKyCI,['ardisatriawan'],Fri Jul 24 12:46:41 +0000 2026,0,0,0,0,32.0,1220198906845224961,Warticfox,Arctic fox 🦊🍉,4018,True
https://x.com/menuembegejelek/status/2032285800097071555?s=20,2032285800097071555,2032494826944635190,"ini versi jepun, bisa diliat mana yang serius buat rakyat mana yang serius buat bisnis https://t.co/UzJFMJMyJU","['menuembegejelek', 'toodumbtodai']",Fri Mar 13 16:31:43 +0000 2026,0,0,0,0,22.0,2029680534771879937,kuncor0_,Kuncoro,431,False
https://x.com/BarisanOpOsisi/status/2076122669045719102?s=20,2076122669045719102,2076795294218654020,Yes,['cottonceye'],Mon Jul 13 22:25:57 +0000 2026,0,0,0,0,29.0,1228468489511292928,BarisanOpOsisi,Novie Anwar,26212,False
https://x.com/txtdrimedia/status/2079189585167532416?s=20,2079189585167532416,2079197202187194606,Masalah Segede ini gak menduga dan baru tau tuh kacau sih menurut gw 😭,['txtdrimedia'],Mon Jul 20 13:30:17 +0000 2026,8,2,0,0,806.0,2065358735644704768,Anethra_Paris,𝐏𝐀𝐑𝐈𝐒,99,False
https://x.com/txtdrimedia/status/2079154852257513702?s=20,2079154852257513702,2079521908857712784,"Poin yg bs d ambil, kemiskinan di indonesia masih tinggi (penerima MBG) disaat yg lain mereka mengklaim kemiskinan turun. Data bs dipke tergantung keperluan.",['txtdrimedia'],Tue Jul 21 11:00:33 +0000 2026,0,0,0,0,63.0,153024487,Lahahitam,Riswan laha,580,False
https://x.com/kompascom/status/2077241661911130210?s=20,2077241661911130210,2077332116061524326,"B A G U S . . . . . . ‼️‼️

Mogok terus, sampai 1000 tahun
SELURUH RAKYAT AKAN MENDUKUNG KALIAN

https://t.co/NFtxGHt9Yu https://t.co/rsFy5AfX5g",['kompascom'],Wed Jul 15 09:59:06 +0000 2026,15,1,0,0,1455.0,232887930,s_mulyatie,Ibu Pertiwi Menangis,2135,False
https://x.com/toe_giman/status/2077699532020957341?s=20,2077699532020957341,2077768478631838001,Ngawur nih kalo beneran sih,['toe_giman'],Thu Jul 16 14:53:03 +0000 2026,7,0,1,0,1743.0,1267940786991099905,bangherwin,herwin,14015,True
https://x.com/ardisatriawan/status/2079031883900633488?s=20,2079031883900633488,2079041113529430368,"Kasihan kali ya, ""karena itu kita bangun kopdes di dekatnya""",['ardisatriawan'],Mon Jul 20 03:10:02 +0000 2026,0,0,0,0,12.0,2041914050997596163,lov2242,love Moreee,1762,True
https://x.com/kompascom/status/2079198548089041058?s=20,2079198548089041058,2079455349191639288,kok berat sangkaamu PAK DI serang KABARNYA ADA PEJABAT MAU ketemu AJA SULIT https://t.co/shkD72wnhu,['kompascom'],Tue Jul 21 06:36:04 +0000 2026,1,0,1,0,108.0,1730784920120008704,Djezitkw,Djenitkwhk,21,False
https://x.com/Naandaa27/status/2077672020863533184?s=20,2077672020863533184,2077736530635067480,"Itu stok sebelum libur nak !....dsimpan di freezer...
Masalahnya kan ada black out beberapa hari...kan ada yg ngembat batu baranya....
Nyambung kan ?",['Naandaa27'],Thu Jul 16 12:46:06 +0000 2026,0,0,0,0,80.0,1788384780817768448,genio922963,genio,37,False
https://x.com/ARSIPAJA/status/1893601702273806465?s=20,1893601702273806465,1893602378789609713,Dan MBG nya seperti ini dong https://t.co/xrvbp7K8p7,['ARSIPAJA'],Sun Feb 23 10:02:43 +0000 2025,514,59,52,28,64514.0,1133046433,chocochipsfloat,lachocolatte🍫,708,False
https://x.com/LambeSahamjja/status/2080933139564949662?s=20,2080933139564949662,2081161086431298026,"Prioritas mensejahterakan masyarakat itu kan sudah termasuk komponen MAKAN di dalamnya, kenapa berpikir sederhana tapi komprehensif saja pemerintah tidak mampu?",['LambeSahamjja'],Sat Jul 25 23:34:03 +0000 2026,0,0,0,0,31.0,1793880471862132736,tukangpermaks,tukang permak,88,False
https://x.com/regar_op0sisi/status/2079741597135372765?s=20,2079741597135372765,2080442819307864373,Lembaga itu kan baik gak pake mikir dapat duit banyak jadi bisa nyumbang ke mana mana semau dia,['regar_op0sisi'],Thu Jul 23 23:59:55 +0000 2026,0,0,0,0,1.0,3365720354,GufroniAr,Gufroni Arsjad,59,False
https://x.com/tempodotco/status/2079899270199595250?s=20,2079899270199595250,2079919061639807097,Mana ada sejarahnya maling ngaku bro broo,['tempodotco'],Wed Jul 22 13:18:41 +0000 2026,0,0,0,0,224.0,300681205,ejaaipongg,men sana in koperasi disano,2493,True
https://x.com/ardisatriawan/status/2080621729022693665?s=20,2080621729022693665,2080647169464574118,"Yang penting perut kenyang urusan lain belakangan mah
https://t.co/p3KZNjfgNS",['ardisatriawan'],Fri Jul 24 13:31:56 +0000 2026,1,0,0,0,37.0,870124160910901249,renanurfiana4,renanurfiana,4431,True
https://x.com/BarisanOpOsisi/status/2076122669045719102?s=20,2076122669045719102,2076521067888435561,Gw viralin buat status2 dimedaoa ya kalau lu kelihatan dungunya buat status! https://t.co/86TILCCuD5,['BarisanOpOsisi'],Mon Jul 13 04:16:17 +0000 2026,1,0,1,0,79.0,1893243064640249858,EkoArdiyan55716,Eko Ardiyanto,45,False
https://x.com/Naandaa27/status/2079066649509142970?s=20,2079066649509142970,2079714163186905323,https://t.co/vCHf1hqh6B,[],Tue Jul 21 23:44:30 +0000 2026,0,0,0,0,206.0,1259753320152887296,Naandaa27,Nda ! 🧳,14248,True
https://x.com/PartaiSocmed/status/2079853104879837373?s=20,2079853104879837373,2079939331993800723,Mungkin kalo kata si Nanik dalam hatinya...gue nggak makan buahnya tapi kena getahnya....,['PartaiSocmed'],Wed Jul 22 14:39:14 +0000 2026,0,0,0,0,262.0,759159155428962304,SayurLodehBTW2,SayurLodehBTW2,646,False
https://x.com/kompascom/status/2077241661911130210?s=20,2077241661911130210,2077343618831122439,Masyarakat yang udah muak be like : https://t.co/NPkGYkX0qb,['kompascom'],Wed Jul 15 10:44:48 +0000 2026,13,1,0,0,1510.0,270235350,xxxigelap_,Gelap,581,False
https://x.com/regar_op0sisi/status/2079741597135372765?s=20,2079741597135372765,2079995946415612100,Pepek lah sama kau anj... Uang rakyat di hambur2kan tanpa rasa bersalah,['regar_op0sisi'],Wed Jul 22 18:24:12 +0000 2026,0,0,0,0,34.0,1905654540009177090,Admirer_74,Sky Admirer,59,False
https://x.com/LambeSahamjja/status/2081381717244555418?s=20,2081381717244555418,2081574906005983347,Wajar dia begituh org mantunya haji isam yaa jadi ngejilat sampe ke bool bool,['LambeSahamjja'],Mon Jul 27 02:58:26 +0000 2026,0,0,0,0,154.0,1420989172169412608,SushiSimiliqiti,Kentucky,8,False
https://x.com/toe_giman/status/2077699532020957341?s=20,2077699532020957341,2077902644329541887,Makanya gimana konsepnya,['bangherwin'],Thu Jul 16 23:46:10 +0000 2026,0,0,0,0,1421.0,1336576386987790336,toe_giman,T0361M4N,24117,True
https://x.com/ardisatriawan/status/2079031883900633488?s=20,2079031883900633488,2079034140184477977,lebih penting mbg dari pada pendidikan. miris sekali yaa.,['ardisatriawan'],Mon Jul 20 02:42:20 +0000 2026,0,0,0,0,23.0,2067874663850762240,apahariiniwee,apahariiniwee,1324,True
https://x.com/Hidupsebagai62/status/2064707522078879832?s=20,2064707522078879832,2064801502426959889,Sebodoh apa smpe org2 ini ga sadar klo program MBG ini gada gunanya sama sekali dan cmn jd kadang korupsi aja. Bingung gue sama nih pemerintah skrg. Udh kepampang scr nyata eh malah pura2 ga liat. Ndableg,['Hidupsebagai62'],Wed Jun 10 20:06:54 +0000 2026,10443,756,60,14,200629.0,900128160,clubberlangMJ,Dorokdok,1500,False
https://x.com/kompascom/status/2079198548089041058?s=20,2079198548089041058,2079439232754692376,"bahasanya DiSERANG seolah-olah diajak perang, mbg masih kategori program sipil, sebagai orang yg mengusulkan maka hal wajar jika diminta tanggung jawab atas banyaknya kasus",['kompascom'],Tue Jul 21 05:32:01 +0000 2026,1,0,0,0,107.0,759282320931184642,tigapuluhribu,30000 🇵🇸,9,False
https://x.com/txtdrimedia/status/2079189585167532416?s=20,2079189585167532416,2079190588004704295,Apakah setelah sadar akan stop progam mbg dan kopdes? Tidaaak. Harus ngasih makan anak anak bangsa yang besar,['txtdrimedia'],Mon Jul 20 13:04:00 +0000 2026,7,0,0,0,630.0,1019912145666945024,mdlwlrma,STARS FELL ON ALABAMA,3941,True
https://x.com/Naandaa27/status/2077672020863533184?s=20,2077672020863533184,2077803836694290828,Klo kemudian makanan nya dikasih buat ternak maka jdinya  MBT (Makan Bergizi Ternak),['Naandaa27'],Thu Jul 16 17:13:33 +0000 2026,0,0,0,0,35.0,132461193,alirosyidie,Mas_Al,356,False
https://x.com/txtdrimedia/status/2079154852257513702?s=20,2079154852257513702,2079475739548876964,"lah yang diem kan elu pas rakyat protes dan banyak terjadi penyimpangan, tapi berharap apa sama pelaku kejahatan",['txtdrimedia'],Tue Jul 21 07:57:05 +0000 2026,0,0,0,0,96.0,1641813394008461312,moonlightuw_,"laa""""",1476,True
https://x.com/ARSIPAJA/status/1893601702273806465?s=20,1893601702273806465,1893639184730005674,Taik ledigh https://t.co/9mxDYBzu6C,['ARSIPAJA'],Sun Feb 23 12:28:58 +0000 2025,415,22,14,6,35259.0,1661041817138368512,amelcewaw,Amelia,5088,False
https://x.com/menuembegejelek/status/2032285800097071555?s=20,2032285800097071555,2032296692809429077,"yang penting bikin masih terlalu baik mint, yang penting ngambil untung","['menuembegejelek', 'toodumbtodai']",Fri Mar 13 03:24:24 +0000 2026,0,0,0,0,345.0,1664421012,Gilang_Cakti,Gilang Indracakti,1573,False
https://x.com/regar_op0sisi/status/2079741597135372765?s=20,2079741597135372765,2080242942523179448,Enak ya nyolong klo ketahuan tinggal dibalikin klo gak ketahuan senyap2 ajah,['regar_op0sisi'],Thu Jul 23 10:45:41 +0000 2026,0,0,0,0,8.0,1630773974169972736,anglerboncos1,angler boncos,56,False
https://x.com/ardisatriawan/status/2080621729022693665?s=20,2080621729022693665,2080630106452832383,"Percuma dikasih gizi bagus kalau jalan ke sekolahnya aja taruhan nyawa 😔 mana yang lebih urgent, makan atau keselamatan anak-anak ini?
Mana kita rakyat menengah dikejar2 pajak terus, tapi hasilnya nihil kayak gini. Kalo gini mah gw ogah bayar pajak 👿",['ardisatriawan'],Fri Jul 24 12:24:08 +0000 2026,0,0,0,0,18.0,2069998569562791936,shafinarooms,shafina 🎀,1705,True
https://x.com/LambeSahamjja/status/2080933139564949662?s=20,2080933139564949662,2081011616133566881,"Susah cari kyk lamal, orangtuanya dibikin miskin mulu bukannya disejahterain! Alasan yg sangat pret lah!",['LambeSahamjja'],Sat Jul 25 13:40:07 +0000 2026,0,0,0,0,123.0,179001337,Vil_Mckagan,Mang Vil,319,False
https://x.com/kompascom/status/2077241661911130210?s=20,2077241661911130210,2077303362022941009,Ya mogok aja ga ngefek banget lah,['kompascom'],Wed Jul 15 08:04:50 +0000 2026,11,0,0,0,1019.0,1978984537565859842,KangEbed_17,Kang Ebed,21,False
https://x.com/BarisanOpOsisi/status/2076122669045719102?s=20,2076122669045719102,2076801262688108691,Silahkan dgn senang hati🤣🤣,['EkoArdiyan55716'],Mon Jul 13 22:49:40 +0000 2026,0,0,0,0,51.0,1228468489511292928,BarisanOpOsisi,Novie Anwar,26212,False
https://x.com/tempodotco/status/2079899270199595250?s=20,2079899270199595250,2080113595585814533,njir dia kan orang gerindra,['tempodotco'],Thu Jul 23 02:11:42 +0000 2026,0,0,0,0,136.0,2517004694,etdahnapasi,✰,908,False
https://x.com/PartaiSocmed/status/2079853104879837373?s=20,2079853104879837373,2080070134295896466,Ga ngebayangin kalau nanti suatu saat ganti pemimpin lalu program ini di hentikan. NOBODY KNOWS,"['PartaiSocmed', 'HmfaqihA']",Wed Jul 22 23:19:00 +0000 2026,1,0,0,0,1632.0,101994098,mazyudhi,Yudhistira,596,False
https://x.com/kompascom/status/2079198548089041058?s=20,2079198548089041058,2079493381110059426,"Pak Probowo yth. Kami tidak komplain niat memberi makannya. Namun kami memberik kritik terkait caranya. Makanya seorang pimpinan yang pertama kali ditanyakan atas sebuah pekerjaan adalah ""apakah ada masalah?""",['kompascom'],Tue Jul 21 09:07:11 +0000 2026,1,0,1,0,28.0,1142581056,seftian_alfatih,seftian alfatih,22,False
https://x.com/Naandaa27/status/2079066649509142970?s=20,2079066649509142970,2079771215280103788,https://t.co/WH9bE1Jwby,[],Wed Jul 22 03:31:12 +0000 2026,0,0,0,0,79.0,1259753320152887296,Naandaa27,Nda ! 🧳,14248,True
https://x.com/ardisatriawan/status/2079031883900633488?s=20,2079031883900633488,2079050133493485799,gapapa ambruk yang penting anak anak sekolah bisa makan MBG,['ardisatriawan'],Mon Jul 20 03:45:53 +0000 2026,0,0,0,0,11.0,1783625132818239488,piwpiwpiwwip,piwpiw,2481,True
https://x.com/LambeSahamjja/status/2079728084748738660?s=20,2079728084748738660,2079738765774610615,Apakah setelah mundur bakal jadi tersangka lagi?,['LambeSahamjja'],Wed Jul 22 01:22:16 +0000 2026,323,6,3,0,52402.0,591558189,DalwijiR,ωιє∂zιє,2962,True
https://x.com/LambeSahamjja/status/2081381717244555418?s=20,2081381717244555418,2081592039779733625,Semua yg bela pemerintah itu Udah Fakta tololnya malah bilangin orang tolol,['LambeSahamjja'],Mon Jul 27 04:06:31 +0000 2026,0,0,0,0,9.0,1531309050071519233,nhana0717,🦋,5,False
https://x.com/Naandaa27/status/2077672020863533184?s=20,2077672020863533184,2078003221218627950,Setan bgt kalian ini. Ngomong setinggi langit hasil nya hanga setinggi pohon toge,['Naandaa27'],Fri Jul 17 06:25:50 +0000 2026,0,0,0,0,9.0,399281533,sugandhibakrie,sugandhibakrie,71,False
https://x.com/txtdrimedia/status/2079154852257513702?s=20,2079154852257513702,2079157459957289109,Program bagus tapi kalau gak ada pengawasan dari awal ya percuma duit negara bocor. Sama aja kayak omon-omon doang.,['txtdrimedia'],Mon Jul 20 10:52:21 +0000 2026,0,0,0,0,1325.0,2045739798795591680,alohangk,DP,1236,True
https://x.com/toe_giman/status/2077699532020957341?s=20,2077699532020957341,2077731962530517372,Udang kalah 😓,['toe_giman'],Thu Jul 16 12:27:56 +0000 2026,5,0,1,0,3927.0,2669430458,Jelli_cent,Jeni_Ly again,16632,True
https://x.com/ARSIPAJA/status/1893601702273806465?s=20,1893601702273806465,1893628772462543078,"percaya bacot efisiensi tapi bagi-bagi jabatan ampe seratus lebih, wkwkwkwk dikiritk bukannya memperbaiki, malah balik bilang ndas mu, wkwkwkwkkw mau heran tapi mayoritas iq dibawah 78..",['ARSIPAJA'],Sun Feb 23 11:47:35 +0000 2025,257,7,1,0,21323.0,133157248,zeronol0,Fajar,514,False
https://x.com/txtdrimedia/status/2079189585167532416?s=20,2079189585167532416,2079439996910772512,"Benar2 ni org mmg ga niat di hati buat jd presiden, masa bs ngomong smua mslh d luar perkiraan, ya tugas presiden memastikan spy mslh itu ga terjadi bukannya malah disadarkan oleh rakyat. Bnr2 kosong lu prabowo, bangga ga jd part of 58%",['txtdrimedia'],Tue Jul 21 05:35:04 +0000 2026,4,0,0,0,440.0,1905884607545008128,heyjune2008,geminigrl,6,False
https://x.com/Hidupsebagai62/status/2064707522078879832?s=20,2064707522078879832,2064819601612141004,Sebodoh itu Kak :((,['clubberlangMJ'],Wed Jun 10 21:18:50 +0000 2026,749,12,0,0,171756.0,1031420690505785349,Hidupsebagai62,Hidup sebagai +62,16588,True
https://x.com/menuembegejelek/status/2032285800097071555?s=20,2032285800097071555,2032363845017288746,Ya begituu kalo makanan yang di bikin kebanyakan di korupsi jadinya ngawur dibandingin makanan yang bikinnya emng pake hati,['menuembegejelek'],Fri Mar 13 07:51:14 +0000 2026,0,0,0,0,116.0,71341974,terllucky,Ay-a,2108,False
https://x.com/ardisatriawan/status/2080621729022693665?s=20,2080621729022693665,2080635686684873105,"Berat sekali perjuangan anak-anak ini hanya untuk sekolah. Menyeberang dengan tali dan bambu, sementara yang lain bisa dengan mudah naik kendaraan.
Semoga infrastruktur di daerah-daerah terpencil segera diperbaiki. Mereka pantas dapat akses pendidikan yang lebih aman.",['ardisatriawan'],Fri Jul 24 12:46:18 +0000 2026,0,0,0,0,20.0,2829645750,txtpeksos,txt dari pekerja sosial,2584,True
https://x.com/regar_op0sisi/status/2079741597135372765?s=20,2079741597135372765,2079823350562771258,Beginikah visi dan misi pemerintahan yg sekarang ?,['regar_op0sisi'],Wed Jul 22 06:58:22 +0000 2026,0,0,1,0,106.0,1665919956582793216,Djarum_Penthul,Dedie_47,71,False
https://x.com/tempodotco/status/2079899270199595250?s=20,2079899270199595250,2079945024536756364,tak punya dapur mbg tapi punya beberapa jabatan ye,['tempodotco'],Wed Jul 22 15:01:52 +0000 2026,0,0,0,0,721.0,2936508131,zhardun,jarrrrr,297,False
https://x.com/toe_giman/status/2077699532020957341?s=20,2077699532020957341,2077735410185494672,Eh udang galah apa kalah,['Jelli_cent'],Thu Jul 16 12:41:38 +0000 2026,2,0,0,0,3485.0,1336576386987790336,toe_giman,T0361M4N,24117,True
https://x.com/ARSIPAJA/status/1893601702273806465?s=20,1893601702273806465,1893609954197541354,"Tadi ada yang share harga di marketplace 270k/12 botol alias 22.500

Udahlah air mahal, markup nya juga kegedean pula. Padahal ini pasti belinya partai gede 😂😂",['ARSIPAJA'],Sun Feb 23 10:32:49 +0000 2025,171,4,7,0,37531.0,1682934768474927105,coalfired_,coalfired,49,False
https://x.com/kompascom/status/2077241661911130210?s=20,2077241661911130210,2077292306127049144,gidah.. gak beroperasi aja sekalian.. biar gak abis duit buat yang begini.. kalo mau lanjut ya lu pada pindah ke area 3T.. kalo gak mau ya silahkan tutup aja.. inikan program sukarela bukan bisnis.. @prabowo @KemenkeuRI @DPR_RI,['kompascom'],Wed Jul 15 07:20:54 +0000 2026,14,0,0,0,1066.0,1897341137993814016,billym256,Billy Maulana,12,False
https://x.com/Naandaa27/status/2079066649509142970?s=20,2079066649509142970,2080254842338193561,https://t.co/jwYOL4JDQF,[],Thu Jul 23 11:32:58 +0000 2026,0,0,0,0,16.0,1259753320152887296,Naandaa27,Nda ! 🧳,14248,True
https://x.com/kompascom/status/2079198548089041058?s=20,2079198548089041058,2080694442445701405,"Makanan lu ga layak makan gila, buat ternak cocok, jadi lu ga usah sok heroik, geli bgt",['kompascom'],Fri Jul 24 16:39:47 +0000 2026,1,0,0,0,3.0,1674113160918499328,MoodMakerSing,Mood Maker Sing,8,False
https://x.com/LambeSahamjja/status/2079728084748738660?s=20,2079728084748738660,2079739848035070173,kata sih sakit mau berobat ke luar megeri,['DalwijiR'],Wed Jul 22 01:26:34 +0000 2026,113,2,28,3,51755.0,1772323119111487490,LambeSahamjja,Lambe Saham,72346,True
https://x.com/PartaiSocmed/status/2079853104879837373?s=20,2079853104879837373,2080129296220446988,"siapapun presiden di indonesia itu di kudeta oleh kroco kroconya sendiri. 

Maka pemimpin yg kita tunggu syaratnya ga cuma baik dan pinter , tapi harus sakti dan malati untuk menundukkan koruptor2 kecil hingga besar. 

Tapi syarat kayak gitu cuma imam mahdi yg masuk kriteria.",['PartaiSocmed'],Thu Jul 23 03:14:05 +0000 2026,0,0,0,0,705.0,1382695780994154502,gebethcalled,majubersama,53,False
https://x.com/BarisanOpOsisi/status/2076122669045719102?s=20,2076122669045719102,2076520792620449929,"Buat STATUS kok .emperlihatkan BODOHnya dan kelihatan enggak SEKOLAHA!sudah main FB saja sana ....MBG itu makanan bergizi yg juga sekaligus MAKAN SIANG.....kalau sekolah libur ya bukan tanggungan pemerintah,blo'on!! https://t.co/dMVxP2khVE",['BarisanOpOsisi'],Mon Jul 13 04:15:11 +0000 2026,1,0,1,0,120.0,1893243064640249858,EkoArdiyan55716,Eko Ardiyanto,45,False
https://x.com/ardisatriawan/status/2079031883900633488?s=20,2079031883900633488,2079033517430936032,"Kwkwkkw

Gak nyambunh masalah dengan solusi ya mass..",['ardisatriawan'],Mon Jul 20 02:39:51 +0000 2026,0,0,0,0,23.0,2068912720012042240,NovitaSinatgmd,ItsmeNov,1229,True
https://x.com/txtdrimedia/status/2079154852257513702?s=20,2079154852257513702,2079168778412478506,Ini Gak Ada Bedanya Kek Anak Playgroup Mimpin Negara... https://t.co/XbPtan586i,['txtdrimedia'],Mon Jul 20 11:37:20 +0000 2026,0,0,0,0,8.0,1873368945476145152,clochardelocean,clochardetlamer,153,False
https://x.com/Naandaa27/status/2077672020863533184?s=20,2077672020863533184,2078279476212035813,"Semoga......
@Gerindra 
@DPR_RI 
@Prabowo 
puas dan bangga dengan ini.
Banyak negara belajar ternak belatung dari Indonesia?
@bang_dasco
@MuzaniGerindra

🤭","['Naandaa27', 'Pradaprasetya21']",Sat Jul 18 00:43:34 +0000 2026,1,0,0,0,21.0,1605933061455036416,Pe_Enestee,Lane_Jae,2085,False
https://x.com/LambeSahamjja/status/2080933139564949662?s=20,2080933139564949662,2080970476625744155,"Bukan kurang Gizi tapi KURANG OTAK sih, makanya banyak yang PLENGERR",['LambeSahamjja'],Sat Jul 25 10:56:38 +0000 2026,0,0,0,0,1730.0,1688346381638119424,gunawan11_40312,@andra_gunawan11,1,False
https://x.com/menuembegejelek/status/2032285800097071555?s=20,2032285800097071555,2032292246733930641,Yg Kiri cari kualitas dan bergizi yg kanan cari untung saja.,"['menuembegejelek', 'toodumbtodai']",Fri Mar 13 03:06:44 +0000 2026,0,0,0,0,193.0,1614905672940023808,UsdaDigital,TXT Citizen,1203,False
https://x.com/ardisatriawan/status/2080621729022693665?s=20,2080621729022693665,2080631876251951524,@KemenPU,['ardisatriawan'],Fri Jul 24 12:31:10 +0000 2026,0,0,0,0,10.0,1186656691581927427,PribumiD,Nasi Uduk,1005,False
https://x.com/Hidupsebagai62/status/2064707522078879832?s=20,2064707522078879832,2064792228405588027,MBG buat indonesia timur aja dulu. Sekalian sama bayar guru pengabdian.,['Hidupsebagai62'],Wed Jun 10 19:30:03 +0000 2026,4073,147,30,3,149381.0,1783536994649534464,REunuch74099,RedPills,14,False
https://x.com/LambeSahamjja/status/2081381717244555418?s=20,2081381717244555418,2081549960848544157,Kebanyakan makan uang haram jadinya pikirannya pendek.,['LambeSahamjja'],Mon Jul 27 01:19:18 +0000 2026,1,0,0,0,58.0,1751257054139072513,RinieSetiawan26,Rini Setiawan,3,False
https://x.com/regar_op0sisi/status/2079741597135372765?s=20,2079741597135372765,2080069316062646479,Minim perencanaan dan sama sekali ga  mengedepankan azaz efektif effisien. Amburadul abis dah,['regar_op0sisi'],Wed Jul 22 23:15:45 +0000 2026,0,0,0,0,18.0,1422484238595596288,sekretarisPD,Usman Shidiq,378,False
https://x.com/tempodotco/status/2079899270199595250?s=20,2079899270199595250,2079915234622591275,"Tapi ga akan korupsi juga kan, pak? Nanya doang inimah",['tempodotco'],Wed Jul 22 13:03:29 +0000 2026,0,0,0,0,289.0,493786044,nurulmarzuqi,snəf,466,False
https://x.com/txtdrimedia/status/2079189585167532416?s=20,2079189585167532416,2079243823847444904,"Goblok, di luar perkiraan gimana? Udahh terang benderang hal-hal itu selalu jadi masalah negara ini dari dulu kala, dan di era lu skrng malah makin parah gara-gara kebijakan dan program busuk lu itu. Skala prioritas lu aja yang ga bener wowo, mikirr lahh pake otak. Bkin kesel bae",['txtdrimedia'],Mon Jul 20 16:35:32 +0000 2026,4,0,0,0,1019.0,1171607928886841344,armaul_07,Grnchoboys,8,False
https://x.com/ARSIPAJA/status/1893601702273806465?s=20,1893601702273806465,1893643169943740566,"Kebawah efisiensi, ke atas happy-happy #IndonesiaGelap",['ARSIPAJA'],Sun Feb 23 12:44:48 +0000 2025,57,15,0,0,24230.0,52995791,nitaww,nita,336,False
https://x.com/kompascom/status/2077241661911130210?s=20,2077241661911130210,2077328260590166060,"Alah ini gertak sambel semua. Orang orang opportunist yang cari makan di atas kesusahan rakyat dan kegoblokan pemerintah. 

Mana ada lagi dapet 6000 per orang per hari minimum untuk 1000 anak? 

Rakyat terus terang tidak sedih kalau kalian kalian bangkrut",['kompascom'],Wed Jul 15 09:43:46 +0000 2026,7,1,0,0,808.0,1494882723923906561,SarinembahFarm,Sarinembah Farm,39,False
https://x.com/ardisatriawan/status/2079031883900633488?s=20,2079031883900633488,2079032858518462474,di samping jendela masih aman untuk menyantap mbg min,['ardisatriawan'],Mon Jul 20 02:37:14 +0000 2026,0,0,0,0,20.0,2041816433638961156,algrenlegacy,Algren-san,2151,False
https://x.com/Naandaa27/status/2079066649509142970?s=20,2079066649509142970,2079184090985820386,petugasnya kemana? kok gak diantar sampai ke kelas. mana ini naik tangga begitu,['Naandaa27'],Mon Jul 20 12:38:11 +0000 2026,31,2,1,0,2670.0,1963798372500066305,FairuzitaP65456,cubitsita,4308,True
https://x.com/LambeSahamjja/status/2079728084748738660?s=20,2079728084748738660,2079728826540814545,"Benaran nggak nih infonya? Apakah setelah mengundurkan diri, kemudian beliau terkena kasus kayak petinggi BGN sebelumnya",['LambeSahamjja'],Wed Jul 22 00:42:46 +0000 2026,79,1,1,0,41722.0,1699459008942473216,BazarinaS75320,Ferdian_B,833,True
https://x.com/txtdrimedia/status/2079154852257513702?s=20,2079154852257513702,2079187304728662066,Kalo kek gini terus orang2 bakal kenyang selama 1 tahun dan bakal kelaparan selama 2 tahun sampe lu lengser woo 😭😭😭😭😭,['txtdrimedia'],Mon Jul 20 12:50:57 +0000 2026,0,0,0,0,259.0,2058052772889804800,matchaaruuu,Ucingg 🐱,4189,True
https://x.com/kompascom/status/2079198548089041058?s=20,2079198548089041058,2079411438414971092,"Lu korbankan 1,3T untuk makan dan pangkas anggaran lainnya, jangan sok jadi korban sedangkan lu pelaku utama kocak",['kompascom'],Tue Jul 21 03:41:35 +0000 2026,1,0,0,0,48.0,1119087789474078722,bika_karambia,Cappucino without Sugar,10,False
https://x.com/PartaiSocmed/status/2079853104879837373?s=20,2079853104879837373,2079883746736841188,"Tinggal ngomong sama pak ndasmu, kan yg neror digeruduk ijo ijo.",['PartaiSocmed'],Wed Jul 22 10:58:22 +0000 2026,0,0,0,0,579.0,1565707365735088128,andemha67,andmh,119,False
https://x.com/BarisanOpOsisi/status/2076122669045719102?s=20,2076122669045719102,2076800997595468076,🫣🫣🫣,['EkoArdiyan55716'],Mon Jul 13 22:48:37 +0000 2026,1,0,0,0,67.0,1228468489511292928,BarisanOpOsisi,Novie Anwar,26212,False
https://x.com/LambeSahamjja/status/2080933139564949662?s=20,2080933139564949662,2081003825620828208,Ga pernah tuh ada survey udah sarapan apa ngga. Data drmana itu 😅,['LambeSahamjja'],Sat Jul 25 13:09:09 +0000 2026,0,0,0,0,119.0,154157910,NegriBadut,Kaleng Kurupuk,81,False
https://x.com/Beritasatu/status/2079148987916107847?s=20,2079148987916107847,2079205221209923706,Ini orang yang menikmati kekayaan Indonesia https://t.co/ouRhkkvEoY,['Beritasatu'],Mon Jul 20 14:02:09 +0000 2026,79,15,2,0,2600.0,830258112,ibiz4,ibiz4,128,False
https://x.com/LambeSahamjja/status/2081381717244555418?s=20,2081381717244555418,2081602143740727564,"yg kenyang dan sejahtera malah pengelola MBG kok, bukan penerima MBG, waras dikit napah. Kenapa masih banyak yg kelaparan? Sistem MBGnya yg salah, makanya benerin, dikritik ga mau denger mulu sih, defensive mulu",['LambeSahamjja'],Mon Jul 27 04:46:40 +0000 2026,0,0,0,0,28.0,132075157,F15TY,비스티,58,False
https://x.com/Hidupsebagai62/status/2064707522078879832?s=20,2064707522078879832,2064819404580470919,Makin mantap ini harusmya,['REunuch74099'],Wed Jun 10 21:18:03 +0000 2026,416,1,1,0,127498.0,1031420690505785349,Hidupsebagai62,Hidup sebagai +62,16588,True
https://x.com/menuembegejelek/status/2032285800097071555?s=20,2032285800097071555,2032575057374175266,mending makan bakso patrol aja dah 🤣,"['menuembegejelek', 'toodumbtodai']",Fri Mar 13 21:50:31 +0000 2026,0,0,0,0,28.0,1504431193244471296,ryanmika09,Loid Forger,8,False
https://x.com/tempodotco/status/2079899270199595250?s=20,2079899270199595250,2079934150434562492,""",.,DAN SAYA TIDAK PUNYA KONPETENSI NGURUSIN MBG,,.""
 
BILANG GITU SAJA SUSAH https://t.co/Rd4O1W2NBT",['tempodotco'],Wed Jul 22 14:18:39 +0000 2026,2,0,0,0,36.0,1571081398102142978,HS_Harahap,_®_🌐,97,False
https://x.com/regar_op0sisi/status/2079741597135372765?s=20,2079741597135372765,2080151117120553074,"Kalau orang-orang ini tidak ada yang dipenjara, habis negara ini.",['regar_op0sisi'],Thu Jul 23 04:40:48 +0000 2026,0,0,0,0,8.0,18470053,radiXe,radiXe,66,False
https://x.com/ardisatriawan/status/2080621729022693665?s=20,2080621729022693665,2080633312511664442,"habis makan MBG nya lalu keracunan 😂
evakuasinya lewat jembatan ini lagi 😅

memang udah sakit pemerintah kita terutama presidennya",['ardisatriawan'],Fri Jul 24 12:36:52 +0000 2026,0,0,0,0,32.0,239236074,fucekket,Fucekket,6307,True
https://x.com/toe_giman/status/2077699532020957341?s=20,2077699532020957341,2078319965829304469,"Hal hal yang kayak gini masaa gak bisa di pikirkan yaa smaa pihak sekolah nyaaa

Ini kebijakan untuk siapaa sebenarnya untuk peserta didik atau siapaaa ??",['toe_giman'],Sat Jul 18 03:24:27 +0000 2026,1,0,1,0,41.0,2050677408043241472,Putribulaaaan,Putri,2509,True
https://x.com/txtdrimedia/status/2079154852257513702?s=20,2079154852257513702,2079348476849365087,toh anak buah sndiri korupsi 74kg @prabowo,['txtdrimedia'],Mon Jul 20 23:31:23 +0000 2026,0,0,0,0,357.0,1382809753705869312,Hengkychai3,hengky_chai,177,False
https://x.com/kompascom/status/2077241661911130210?s=20,2077241661911130210,2077330082025320804,"BAGUS, GEMBOK AJA TERUS JANGAN PERNAH DIBUKA LAGI, KALAU PERLU BAKAR AJA SEKALIAN !!! KEBERADAAN KALIAN CUMA BIKIN SENGSARA RAKYAT, HANYA ALAT UTK MERAMPOK UANG PAJAK RAKYAT MASUK KANTONG2 BAJINGAN2 RAKUS !!!",['kompascom'],Wed Jul 15 09:51:01 +0000 2026,9,0,0,0,241.0,2519082643,apocalypsoblitz,🇲🇨🄱🄻🄸🅃🅉🄺🅁🄸🄴🄶⚡,1342,False
https://x.com/ARSIPAJA/status/1893601702273806465?s=20,1893601702273806465,1893871522403455085,"hari ini dalam peluncuran Danantara, set up mejanya cukup mewah, apa itu efisiensi 🤭 https://t.co/J1CJ6s60a5",['ARSIPAJA'],Mon Feb 24 03:52:12 +0000 2025,63,6,2,2,8932.0,56202720,annisfitriana,anisanisf,417,False
https://x.com/LambeSahamjja/status/2079728084748738660?s=20,2079728084748738660,2079739777314861108,beneran cuy,['BazarinaS75320'],Wed Jul 22 01:26:17 +0000 2026,14,0,0,0,38520.0,1772323119111487490,LambeSahamjja,Lambe Saham,72346,True
https://x.com/Naandaa27/status/2079066649509142970?s=20,2079066649509142970,2079218456285880771,Makanya kok malah ngerjain anak2 kecil suruh angkat ompreng,['FairuzitaP65456'],Mon Jul 20 14:54:44 +0000 2026,9,1,1,0,2555.0,1259753320152887296,Naandaa27,Nda ! 🧳,14248,True
https://x.com/kompascom/status/2079198548089041058?s=20,2079198548089041058,2079455220996972555,Pernyataan ini tidak jauh berbeda dengan logika bahwa pohon sawit adalah pohon juga karena memiliki batang dan daun,['kompascom'],Tue Jul 21 06:35:33 +0000 2026,1,0,0,0,19.0,106051713,Ajidarmo,Aji Roket,340,True
https://x.com/ardisatriawan/status/2079031883900633488?s=20,2079031883900633488,2079033660221849929,pola pikir atau mindset yang wadidaw sekali ya gessssss,['ardisatriawan'],Mon Jul 20 02:40:25 +0000 2026,0,0,0,0,29.0,504514089,AndhyFerry,mas fe,2360,True
https://x.com/LambeSahamjja/status/2080933139564949662?s=20,2080933139564949662,2080950462040391843,"Tanggung bos, kalo Elu ngerasa harus bertanggung jawab untuk ngasih  makan Anak² Indonesia kenapa ga sehari 3 kali???",['LambeSahamjja'],Sat Jul 25 09:37:06 +0000 2026,3,0,0,0,868.0,1808348251005112322,Ziyanbin82920,jusmangga,0,False
https://x.com/PartaiSocmed/status/2079853104879837373?s=20,2079853104879837373,2079866259123093717,Kenapa gk ngelaporin para peneror ini ke polisi? Emang para peneror ini gk bisa dilaporkan/kebal hukum kah,['PartaiSocmed'],Wed Jul 22 09:48:52 +0000 2026,1,0,0,0,2582.0,1462207554184830981,Mohaku912,Mondrew,0,False
https://x.com/txtdrimedia/status/2079189585167532416?s=20,2079189585167532416,2079372985715319283,loh aneh bgt cok even tiap kita milih sesuatu pun bakal ada kemungkinan2 atau resikonya sendiri apalagi di suatu tatanan negara yg udah pasti complicated tp blio tbtb blg ‘di luar perkiraan’ jir serius presiden ngmg gitu?lu kemana aja helloww😭😭,['txtdrimedia'],Tue Jul 21 01:08:47 +0000 2026,3,0,0,0,1096.0,2002304681729798145,ph4wplyn,f,2,False
https://x.com/Naandaa27/status/2077672020863533184?s=20,2077672020863533184,2077935154665066817,Sbaiknya keluar aja dari sekolah yg masih nerima MBG. Tinggalkan kemaksiatan ...,['Naandaa27'],Fri Jul 17 01:55:21 +0000 2026,0,0,0,0,10.0,99473222,Priyo__Muhammad,Primuh,527,False
https://x.com/menuembegejelek/status/2032285800097071555?s=20,2032285800097071555,2032317685477097621,"Kenapa nggak dibuat gerakan tolak mbg dari pihak sekolah, atau murid dari keluarga yg mampu membawa makanan dari rumah","['menuembegejelek', 'toodumbtodai']",Fri Mar 13 04:47:49 +0000 2026,0,0,0,0,270.0,1493606306493906947,akbarahmad2277,Ahmad Siregar,1085,False
https://x.com/regar_op0sisi/status/2079741597135372765?s=20,2079741597135372765,2080213901053157607,Trus siapa yg bertanggung jawab terhadap penggunaaan anggarannya...kyknya mau pada cuci tangan nih...,['regar_op0sisi'],Thu Jul 23 08:50:17 +0000 2026,0,0,0,0,19.0,734623536296394752,Iyan_concept,Iyan,583,False
https://x.com/Hidupsebagai62/status/2064707522078879832?s=20,2064707522078879832,2064743269683298542,"JADI YG BIKIN SUSU UHT PLAIN LANGKA ITU MBG YA ANJING, GUE KEMANA-MANA NYARI GAPERNAH KETEMU BURITT BURIT",['Hidupsebagai62'],Wed Jun 10 16:15:31 +0000 2026,2377,49,27,14,116453.0,1309761709326831623,LidPdkns,capssooys,36,False
https://x.com/tempodotco/status/2079899270199595250?s=20,2079899270199595250,2079901218361753661,"DARI sekian banyak orang cerdas dan kompeten di bidang ini, kenapa malah milih orang ini? Oh lupa, dia kan orang dekat. Jadi tidak butuh kompetensi.",['tempodotco'],Wed Jul 22 12:07:47 +0000 2026,1,1,0,0,184.0,2060018862670958592,KeenS_777,Squidward Ganteng,4027,True
https://x.com/txtdrimedia/status/2079154852257513702?s=20,2079154852257513702,2079197825146257728,"Pak, bapak sebenarnya ngerti dengan yang terjadi gak sih????
Tapi ahhh udahlah.....",['txtdrimedia'],Mon Jul 20 13:32:45 +0000 2026,0,0,0,0,513.0,1522429130125438976,koopaoo,Bakpaokukus,501,True
https://x.com/LambeSahamjja/status/2079728084748738660?s=20,2079728084748738660,2079729502176059633,kenapa ya? apa karena risikonya terlalu gede?,['LambeSahamjja'],Wed Jul 22 00:45:27 +0000 2026,39,0,3,0,39965.0,1083604375,catstronautx,Space CAT,1376,True
https://x.com/kompascom/status/2079198548089041058?s=20,2079198548089041058,2079532957296144388,saya diserang karena mau kasih makan anak indonesia itu adalah kalimat paling heartbreaking sekaligus paling empowering karena nunjukin bahwa pak prabowo tau persis apa yg dia perjuangkan meski ada harga yg harus dibayar 🥹,['kompascom'],Tue Jul 21 11:44:27 +0000 2026,0,0,0,0,32.0,1618315747,the3menda_22,Rani Nugroho,1,False
https://x.com/LambeSahamjja/status/2080933139564949662?s=20,2080933139564949662,2080971063169577015,"Bgst bandingin sama Lamine Yamal, emang doi dikasih makanan seharga 10 rebu sehari selama di la masia ?",['LambeSahamjja'],Sat Jul 25 10:58:58 +0000 2026,0,0,0,0,140.0,704577140,Percayapr,EM,233,False
https://x.com/LambeSahamjja/status/2081381717244555418?s=20,2081381717244555418,2081559676945375287,"Bangga banget cuma NGASIH MAKAN 1X DOANG, itupun lauknya dimain-mainin....

Buzzer MBG KONTOL....",['LambeSahamjja'],Mon Jul 27 01:57:55 +0000 2026,1,0,0,0,38.0,1742373797997744128,keramikpecahid,YERUSOLO MANIA,45,False
https://x.com/PartaiSocmed/status/2079853104879837373?s=20,2079853104879837373,2079906355209752601,Negeri rumitbinnjlimet semua berebut kuasa kemudian korupsi itu kenyataan,['PartaiSocmed'],Wed Jul 22 12:28:12 +0000 2026,0,0,0,0,366.0,1478616911030091777,TambalBan87,TambalBan,465,True
https://x.com/ardisatriawan/status/2080621729022693665?s=20,2080621729022693665,2080630105643299302,Salut banget sama semangat anak-anak Gayo Lues Jembatan bambu gitu tapi demi sekolah tetap jalan,['ardisatriawan'],Fri Jul 24 12:24:08 +0000 2026,0,0,0,0,10.0,1594499893178998784,Reussiie,🐙,1082,True
https://x.com/kompascom/status/2077241661911130210?s=20,2077241661911130210,2077249032960041304,Pemerintah malah nunggu kapan mereka tutup sppgnya biar pemerimtah enak nata kembali tata kelola pelaksanaan MBG. Kalau dimanagement perusahaan istilahnya perusahaan tidak mau memecat karyawan menghindari nanti ada tuntutan2 tapi karyawan dibuat mengundurkan diri sendiri.,['kompascom'],Wed Jul 15 04:28:57 +0000 2026,9,0,0,0,1610.0,3849893832,Maikel_USMC,Semper Fi,62,False
https://x.com/toe_giman/status/2077699532020957341?s=20,2077699532020957341,2078446948835869108,Yayasan?,['Putribulaaaan'],Sat Jul 18 11:49:02 +0000 2026,0,0,0,0,39.0,1336576386987790336,toe_giman,T0361M4N,24117,True
https://x.com/regar_op0sisi/status/2079741597135372765?s=20,2079741597135372765,2080078338090225728,"kasus Nadim bnyk yg ngebacot ""korupsi bukan cuma maling duit doank"" lah ini urgensinya apa beli motor, Kocak, badut, lawak! MUAK",['regar_op0sisi'],Wed Jul 22 23:51:36 +0000 2026,0,0,0,0,37.0,1809441259666436098,nocipcyber,Walang sangit,9,False
https://x.com/menuembegejelek/status/2032285800097071555?s=20,2032285800097071555,2032320665991462927,"Isinya ordal semua jembot, gak ada yg kompeten di bidang 👎","['menuembegejelek', 'toodumbtodai']",Fri Mar 13 04:59:40 +0000 2026,0,0,0,0,37.0,1648666206654853122,os4_fy,sugeng,3,False
https://x.com/Hidupsebagai62/status/2064707522078879832?s=20,2064707522078879832,2064818944301814021,"WKWKW KAK, BANYAK YG BILANG ULAH MBG",['LidPdkns'],Wed Jun 10 21:16:13 +0000 2026,175,0,0,0,87000.0,1031420690505785349,Hidupsebagai62,Hidup sebagai +62,16588,True
https://x.com/BarisanOpOsisi/status/2076122669045719102?s=20,2076122669045719102,2076549491721900346,Peserta didik sekolahku aman aman saja. Cuman katanya kamis mau beroperasi lagi :'(,['BarisanOpOsisi'],Mon Jul 13 06:09:13 +0000 2026,1,0,1,0,39.0,107905354,galihhee,Bram,368,False
https://x.com/tempodotco/status/2079899270199595250?s=20,2079899270199595250,2079899949890994320,"Belum punya,,,tapi akan punya....",['tempodotco'],Wed Jul 22 12:02:45 +0000 2026,1,0,0,0,146.0,1869810692750241792,Bonarto_kim,Ikim Bonarto,128,True
https://x.com/txtdrimedia/status/2079154852257513702?s=20,2079154852257513702,2079191456385016209,Ya itu yg lakuin jon . . Diam pas ada kecurangan ! Ngaca,['txtdrimedia'],Mon Jul 20 13:07:27 +0000 2026,0,0,0,0,686.0,77629354,Fedanie,Doh Kyungja🌸🌸,52,False
https://x.com/bersuwara_/status/2075762961818472514?s=20,2075762961818472514,2075901418754699735,"Rill, nci2 cina tetangga juga ngeluh cerita dua Minggu ini nitip beliin tetangga juga ayam masih 25/26 eh kmren bnget beli udah EMPAT PULUH EMPAT RIBU KONTOLLLL terus dia bilang 'gila ya, gara2 mbg ini, anak2 sekolah pada masuk lagi kan'",['bersuwara_'],Sat Jul 11 11:14:01 +0000 2026,446,6,1,0,25117.0,1817042354014158850,chikito_elgato,elgato_chikito,12,False
https://x.com/kompascom/status/2079198548089041058?s=20,2079198548089041058,2079593846443552887,pak prabowo bilang saya diserang karena mbg dan itu bukan keluhan itu adalah honest reckoning dengan realita politik yg beliau hadapi setiap hari sambil tetap jalan terus untuk rakyat yg genuinely butuh programnya 🥹,['kompascom'],Tue Jul 21 15:46:24 +0000 2026,0,0,0,0,14.0,1082715187,topanpmn,Elvira,0,False
https://x.com/txtdrimedia/status/2079189585167532416?s=20,2079189585167532416,2079357005685457285,"Katanya klo anak buah atau menteri dia mnt anggaran 5T, langsung dia kasih 10T dan dg sombongnya dia bilang ""mana ada presiden kaya gitu"" 
Giliran utk guru, uangnya gak ada. Dasar bajingan",['txtdrimedia'],Tue Jul 21 00:05:17 +0000 2026,3,0,0,0,475.0,2036930165302026240,Fata_YatP,Abu_Jandal,2,False
https://x.com/LambeSahamjja/status/2079728084748738660?s=20,2079728084748738660,2079740021180190946,katanya sih berobat,['catstronautx'],Wed Jul 22 01:27:15 +0000 2026,20,0,6,0,36848.0,1772323119111487490,LambeSahamjja,Lambe Saham,72346,True
https://x.com/LambeSahamjja/status/2080933139564949662?s=20,2080933139564949662,2081089889769345116,Gak Kebayang kita beneran Punya Talenta Kayak Yamal tp keracunan MBG pas Masih Sekolah🥀,['LambeSahamjja'],Sat Jul 25 18:51:09 +0000 2026,0,0,0,0,324.0,1729528402892480513,RidwanFitr87783,Ridwan Fitriyanto 599,185,False
https://x.com/Naandaa27/status/2077672020863533184?s=20,2077672020863533184,2077750442252222737,Kasus fakta begini banyak di upload di medsos. BGN tindak-lanjuti gak ya ?,['Naandaa27'],Thu Jul 16 13:41:22 +0000 2026,0,0,0,0,,1816332234489749510,Safeufree,Bang Free,160,False
https://x.com/PartaiSocmed/status/2079853104879837373?s=20,2079853104879837373,2079930147717984485,"Pola nya juga aneh, ibu Nanik baru ngumumin turun dari jabatannya dan gak lama setelah itu tiba tiba udah ada aja pelantikan penganti dia
Apa gak aneh itu ada pihak yang sengaja😏",['PartaiSocmed'],Wed Jul 22 14:02:45 +0000 2026,2,0,0,0,3122.0,1405676339353452548,venuss004,Raaa✨,866,True
https://x.com/ardisatriawan/status/2079031883900633488?s=20,2079031883900633488,2079165402899530008,Ini daerah mana kok atap nya masih kek gini,['ardisatriawan'],Mon Jul 20 11:23:55 +0000 2026,0,0,0,0,3.0,2056815308220809217,KuliHarian82490,KULI HARIAN,3184,True
https://x.com/ARSIPAJA/status/1893601702273806465?s=20,1893601702273806465,1893625584917569976,Kalo mau efesiensi mah minum ini aja  1000 diwarung🤣 https://t.co/Sd5UYAL02u,['ARSIPAJA'],Sun Feb 23 11:34:55 +0000 2025,66,0,17,4,55101.0,103799266,callmencah,Ncah,283,False
https://x.com/LambeSahamjja/status/2081381717244555418?s=20,2081381717244555418,2081471323331789115,"Tolol banget cok orang2 yg sudah terafiliasi pemerintah, mau gmn pun programnya tetep dicebokin, takut bisnisnya hancur.",['LambeSahamjja'],Sun Jul 26 20:06:50 +0000 2026,0,0,0,0,205.0,1105810417,Ivan_Hanafii,Vannn.,293,False
https://x.com/Naandaa27/status/2079066649509142970?s=20,2079066649509142970,2079068799874290173,Wah parah sih di tengah kondisi sekolah yg jauh bertangga2 itu. kalo ada yg kepleset gimanaituu?,['Naandaa27'],Mon Jul 20 05:00:03 +0000 2026,32,0,1,0,2720.0,2068738863816933376,paraswni,paraswni,2064,True
https://x.com/regar_op0sisi/status/2079741597135372765?s=20,2079741597135372765,2080240353878430044,Itu guna uang pajak dibayar ke Negara.....?,['regar_op0sisi'],Thu Jul 23 10:35:24 +0000 2026,0,0,0,0,5.0,1585553438121000960,InsaniBeta,Beta,41,False
https://x.com/menuembegejelek/status/2032285800097071555?s=20,2032285800097071555,2032497281157779924,Itu yang putih putih apaan? Naroktika kah?,"['menuembegejelek', 'toodumbtodai']",Fri Mar 13 16:41:28 +0000 2026,0,0,0,0,29.0,1877582779602616320,masdooshik,Mas Dooshikᵇᵇᵘ,16,False
https://x.com/tempodotco/status/2079899270199595250?s=20,2079899270199595250,2079902443656368249,"Kolega-kolegamu punya banyak, mas dar!!!",['tempodotco'],Wed Jul 22 12:12:39 +0000 2026,1,0,0,0,87.0,58825602,icukprayogi,dosen linguistik biasa,3396,True
https://x.com/Beritasatu/status/2079148987916107847?s=20,2079148987916107847,2079257729630421218,Malangnya warga Konoha.. https://t.co/ZlA3Aol0rq,['Beritasatu'],Mon Jul 20 17:30:48 +0000 2026,57,20,7,3,2986.0,992407055171399680,Ntar_Aja_Yaa,Ntar Aja Yaa,5,False
https://x.com/kompascom/status/2077241661911130210?s=20,2077241661911130210,2077346038718029886,Mogok aja gapapa sih. Paling nanti kalau ada yang demo teriak-teriak lanjutkan mbg juga karyawan kalian sendiri. Ckck,['kompascom'],Wed Jul 15 10:54:25 +0000 2026,9,0,1,0,533.0,1305368599519928320,txtdrMagelang,txtdrMagelang,39445,False
https://x.com/ardisatriawan/status/2080621729022693665?s=20,2080621729022693665,2080627925955862808,"Waktu pas debat capres dulu,, para capres dengan bangganya bilang,,, di Gorontalo ketemu ibu² yg belum punya rumah, di Magetan berjumpa dengan bapak yg sedang kerja serabutan, di Papua Pegunungan masih ada sekolah yg mau roboh,,, dan bla bla bla,,,

Nohhh tuhh bukti nyata mana",['ardisatriawan'],Fri Jul 24 12:15:28 +0000 2026,0,0,0,0,17.0,836602976567320576,dhe3355,Park Dhe Gou,1086,True
https://x.com/kompascom/status/2079198548089041058?s=20,2079198548089041058,2079576056114417857,pak prabowo bilang saya diserang karena mbg dan itu adalah transparency tertinggi dari pemimpin yg tidak mau hide behind spin doctor tapi mau rakyat tau kondisi sesungguhnya yg dia hadapi dalam defend programnya,['kompascom'],Tue Jul 21 14:35:43 +0000 2026,0,0,0,0,14.0,526454062,demi3450,Jaime Enriquez,0,False
https://x.com/txtdrimedia/status/2079189585167532416?s=20,2079189585167532416,2079360637579460930,"Teruntuk guru dan orangtua, m tugas kita untuk mengingatkan anak2 jangan sampai memilih orang ini lagi khususnya pemilih baru di 2029.",['txtdrimedia'],Tue Jul 21 00:19:43 +0000 2026,2,0,0,0,461.0,1997996161983221760,ZiaZiaar,ZiaAR Collection,2,False
https://x.com/LambeSahamjja/status/2080933139564949662?s=20,2080933139564949662,2081202078580379792,"klo ada yg berani rekap angka food waste MBG, bagus sih.. karena mbg peruntukannya utk makan siang d sekolah maka bandingkan berapa % anak ga makan siang.",['LambeSahamjja'],Sun Jul 26 02:16:57 +0000 2026,0,0,0,0,25.0,1225695148094263297,linea_rosso,Regenbogen 🌼🌺🪻🌸🏵,31,False
https://x.com/LambeSahamjja/status/2079728084748738660?s=20,2079728084748738660,2079739354273169412,Valid?,['LambeSahamjja'],Wed Jul 22 01:24:36 +0000 2026,4,0,1,0,23812.0,2879852722,lpkeu,Nini.,3630,True
https://x.com/Hidupsebagai62/status/2064707522078879832?s=20,2064707522078879832,2064762670465908772,"Wkwk parah sih, MBG di stop eh malah ada efek samping yang ga disangka. Rupiah kuat, harga telur turun, yang paling lucu ka SPPG Bogor yang tadi joget joget sekarang gigit jari. Guru juga ga perlu pusing buang sisa yang susah.",['Hidupsebagai62'],Wed Jun 10 17:32:36 +0000 2026,944,28,2,0,43706.0,2054285397719678976,buzuzima0,Buzuzima,2754,True
https://x.com/toe_giman/status/2077699532020957341?s=20,2077699532020957341,2078273043143475262,MBG bikin masalah ajah..,['toe_giman'],Sat Jul 18 00:18:00 +0000 2026,1,0,1,0,103.0,1233539235870699520,LeilaLylie,Leila Lylie,3530,False
https://x.com/txtdrimedia/status/2079154852257513702?s=20,2079154852257513702,2079218837237666188,Nih kipas bocor. Tai ledig https://t.co/oGA19De7yH,['txtdrimedia'],Mon Jul 20 14:56:15 +0000 2026,0,0,0,0,278.0,2167410728,nandoibrahim3,jemurpagi,255,False
https://x.com/tempodotco/status/2079899270199595250?s=20,2079899270199595250,2080037463817634175,"Mana yg katanya HAM HUM HEM,lembaga apa itu,apa lembaga nunggu bayaran dari intel intel uamerika and eruopa hanya untuk ngerusak negara,dasar guoblok...! Setan... https://t.co/sGRnP8BbQb",['tempodotco'],Wed Jul 22 21:09:11 +0000 2026,0,0,0,0,25.0,939556679082848256,Latif27382016,satgas.mahasiswa97.98,27,False
https://x.com/bersuwara_/status/2075762961818472514?s=20,2075762961818472514,2075929769112388004,GILA NAIKNYA NGGA NGOTAKKKK,['chikito_elgato'],Sat Jul 11 13:06:40 +0000 2026,13,0,0,0,19662.0,1713951472453619712,bersuwara_,bia,13089,True
https://x.com/ardisatriawan/status/2079031883900633488?s=20,2079031883900633488,2079034275161415877,Koruptor koruptor apa ga mikir sampe sini ya? Knttl!!!!!!!!!!!!!!!,['ardisatriawan'],Mon Jul 20 02:42:52 +0000 2026,0,0,0,0,13.0,2071603076256182273,neyyyyssh,neyyyyssh,1571,True
https://x.com/LambeSahamjja/status/2081381717244555418?s=20,2081381717244555418,2081581810312741153,"Mbg cuma dpt sekali itupun cuma anak yg sekolah. Nah sisa keluarganya gimana, yg ada malah anaknya berhenti krn sekolah pun butuh biaya tak terduga",['LambeSahamjja'],Mon Jul 27 03:25:52 +0000 2026,0,0,0,0,12.0,83343642,lintpunk,omtang,348,False
https://x.com/BarisanOpOsisi/status/2076122669045719102?s=20,2076122669045719102,2076795193190494438,So sad,['galihhee'],Mon Jul 13 22:25:33 +0000 2026,0,0,0,0,26.0,1228468489511292928,BarisanOpOsisi,Novie Anwar,26212,False
https://x.com/Naandaa27/status/2077672020863533184?s=20,2077672020863533184,2078126149537067020,Kirim ke Prabowo buat dia makan,['Naandaa27'],Fri Jul 17 14:34:18 +0000 2026,0,0,0,0,12.0,630875770,ecobudie,Eko Budianto,21,False
https://x.com/regar_op0sisi/status/2079741597135372765?s=20,2079741597135372765,2079845625596948557,"tiap kali mereka ngomong, seakan septic tank meledak dan berhamburan isi2nya.",['regar_op0sisi'],Wed Jul 22 08:26:53 +0000 2026,1,0,0,0,48.0,1752331536261844992,fah21200,Ami bin Idris,56,False
https://x.com/kompascom/status/2077241661911130210?s=20,2077241661911130210,2077332856901447959,"Faktanya mbg libur efeknya harga kebutuhan pokok stabil, klo mau mogok mogok aja GPP, klo beneran mau jalan  gw harap jalannya di daerah 3T biar beneran membantu mereka bukan ditengah kota Krn mereka jauh lebih membutuhkan, dana yg buat di kota bisa dialokasikan buat guru.",['kompascom'],Wed Jul 15 10:02:02 +0000 2026,8,0,0,0,785.0,2954725704,ekadalabang,Rudy eka',54,False
https://x.com/ARSIPAJA/status/1893601702273806465?s=20,1893601702273806465,1893601980750393347,https://t.co/TQ2mmYuZ3l,['ARSIPAJA'],Sun Feb 23 10:01:08 +0000 2025,63,0,0,0,6395.0,1090184325662834689,anaaaakkkecil,Anak Buah Perez,252,False
https://x.com/PartaiSocmed/status/2079853104879837373?s=20,2079853104879837373,2080083301767979387,"Oh, pantesan jantungan. Alasannya mundur karena ingin bersemedi di luar negri.",['PartaiSocmed'],Thu Jul 23 00:11:19 +0000 2026,0,0,0,0,1166.0,172131253,aa_syahdan,GUSman ☕,9,False
https://x.com/ardisatriawan/status/2080621729022693665?s=20,2080621729022693665,2080636273094807746,"Bisa gak sih gambar ini muncul di mimpi pak pres,  biar tau gituloh kondisi di lapangan",['ardisatriawan'],Fri Jul 24 12:48:38 +0000 2026,0,0,0,0,9.0,2078308353651228672,melantunkanteks,txtsukacurhat,1087,True
https://x.com/txtdrimedia/status/2079189585167532416?s=20,2079189585167532416,2079356659382784325,"Tdk mendugaaa ???
Banyak paham yg baru disadari ??????
Katanya dpt mandat dr rakyaaaaat,
jd waktu bikin program2 ""hebat"",
memangnya tdk memikirkan rakyaaat ???
Kalau cuma ""faham"" , rakyat tdk perlu prècidèn . . !",['txtdrimedia'],Tue Jul 21 00:03:54 +0000 2026,2,0,0,0,358.0,51323065,menza1,menza,8,False
https://x.com/kompascom/status/2079198548089041058?s=20,2079198548089041058,2079562374370263056,pak prabowo bilang saya diserang karena mbg dengan sangat jujur dan kejujuran itu adalah cara beliau untuk kasih rakyat context yg selama ini mungkin tidak mereka punya tentang kenapa program prioritasnya terus dikritik,['kompascom'],Tue Jul 21 13:41:21 +0000 2026,0,0,0,0,14.0,2013747387232329729,vikanea18,vikanea,0,False
https://x.com/Hidupsebagai62/status/2064707522078879832?s=20,2064707522078879832,2064819074132283601,Efekk nya langsung kmana2 kak,['buzuzima0'],Wed Jun 10 21:16:44 +0000 2026,109,1,0,0,32828.0,1031420690505785349,Hidupsebagai62,Hidup sebagai +62,16588,True
https://x.com/LambeSahamjja/status/2079728084748738660?s=20,2079728084748738660,2079739954494906677,valid 100 %,['lpkeu'],Wed Jul 22 01:26:59 +0000 2026,3,0,1,0,20726.0,1772323119111487490,LambeSahamjja,Lambe Saham,72346,True
https://x.com/Naandaa27/status/2079066649509142970?s=20,2079066649509142970,2079226129651843368,"Nah ngeri kan kak 
Mana curam lagi tangganya",['paraswni'],Mon Jul 20 15:25:14 +0000 2026,3,0,0,0,2534.0,1259753320152887296,Naandaa27,Nda ! 🧳,14248,True
https://x.com/regar_op0sisi/status/2079741597135372765?s=20,2079741597135372765,2080053664421728438,"Bukannya itu diambil dari dana pendidikan ya?? 
Rugi sekali",['regar_op0sisi'],Wed Jul 22 22:13:33 +0000 2026,0,0,0,0,63.0,1176031819600285696,__ayu__fr,Ayyuuu,66,False
https://x.com/regar_op0sisi/status/2079741597135372765?s=20,2079741597135372765,2080037829699342773,https://t.co/ol7RrZ9B38,['regar_op0sisi'],Wed Jul 22 21:10:38 +0000 2026,1,0,0,0,45.0,1394159876,WariehWardani,Warieh Endah Wardani,17,False
https://x.com/regar_op0sisi/status/2079741597135372765?s=20,2079741597135372765,2080607454761832718,"Emang gak ada korupsi , yang ada Maling / Merampok.. bahasa korupsi terlalu halus..",['regar_op0sisi'],Fri Jul 24 10:54:07 +0000 2026,0,0,0,0,2.0,1756688195549544448,MugiriRam314,Ramelan Mugiri,6,False
https://x.com/regar_op0sisi/status/2079741597135372765?s=20,2079741597135372765,2079953073938817362,Brengsek...wakil kepala BGN harus diperiksa KPK juga nih .... bangsat enak sekali kalau ngomong...kaya ga ada tulangnya,['regar_op0sisi'],Wed Jul 22 15:33:51 +0000 2026,1,0,0,0,110.0,1699283896230440960,alitohari653782,@alitohari,37,False
https://x.com/BarisanOpOsisi/status/2076122669045719102?s=20,2076122669045719102,2076320670829707266,"Kamu tahu dari mana mbg libur tdk ada kelaparan, pergi ke Papua gunung tanya sana ?",['BarisanOpOsisi'],Sun Jul 12 14:59:58 +0000 2026,0,0,2,0,173.0,1548845006534115329,prasetyos500,S'pras ❤️🇮🇩🇮🇩,34,False
https://x.com/regar_op0sisi/status/2079741597135372765?s=20,2079741597135372765,2080140769520972012,"Bisa ngk di tonjok muka ibu in?
Seenakx ngomong , nyakitin benar dgrx.",['regar_op0sisi'],Thu Jul 23 03:59:41 +0000 2026,0,0,0,0,37.0,1645061458252922881,EDI220141978351,EDI,26,False
https://x.com/regar_op0sisi/status/2079741597135372765?s=20,2079741597135372765,2080275747953074480,Terus kenapa bos perusahaan yg ngadain motor jadi tersangka korupsi,['regar_op0sisi'],Thu Jul 23 12:56:02 +0000 2026,0,0,0,0,29.0,1602461820,jtriatmaka,Jack,12,False
https://x.com/regar_op0sisi/status/2079741597135372765?s=20,2079741597135372765,2079973680915034147,Sumpah bawaan pengen ngumpat nyumpahin mereka,['regar_op0sisi'],Wed Jul 22 16:55:44 +0000 2026,0,0,0,0,28.0,1493604044648378368,BoolHideung1,Bool Hideung,13,False
https://x.com/menuembegejelek/status/2032285800097071555?s=20,2032285800097071555,2032312040107463034,pojok kanan bawah sabu kah,"['menuembegejelek', 'toodumbtodai']",Fri Mar 13 04:25:23 +0000 2026,0,0,0,0,86.0,1420420804722839552,4sehat5ayam,adrian,6,False
https://x.com/BarisanOpOsisi/status/2076122669045719102?s=20,2076122669045719102,2076801080298737725,🙄🙄🙄,['prasetyos500'],Mon Jul 13 22:48:57 +0000 2026,0,0,0,0,101.0,1228468489511292928,BarisanOpOsisi,Novie Anwar,26212,False
https://x.com/BarisanOpOsisi/status/2076122669045719102?s=20,2076122669045719102,2076331649416241464,"MBG itu tujuannya kan utk kebutuhan gizi anak-anak indo membangun SDM yang berkualitas,biar kaga goblok kek buzzer kada anak Abah..",['BarisanOpOsisi'],Sun Jul 12 15:43:36 +0000 2026,0,0,2,0,141.0,1334558585313902593,JadahKopok,MEGALODON,11,False
https://x.com/menuembegejelek/status/2032285800097071555?s=20,2032285800097071555,2032317636038836519,Bedanya orang masak beneran sama orang masak masakan,"['menuembegejelek', 'toodumbtodai']",Fri Mar 13 04:47:37 +0000 2026,0,0,0,0,52.0,1814144272855412736,tiramitsuXBT,Tiramitsu,2847,False
https://x.com/regar_op0sisi/status/2079741597135372765?s=20,2079741597135372765,2080243539859132920,Kapan Para Koruptor d Hukum Mati dan d Miskinkan sampai keturunannya🔥💀🔥💀🔥💀,['regar_op0sisi'],Thu Jul 23 10:48:03 +0000 2026,0,0,0,0,22.0,1603530960892727296,MaryonoRamadh16,Justice,12,False
https://x.com/BarisanOpOsisi/status/2076122669045719102?s=20,2076122669045719102,2076794510567497731,Ngadepin termul dan terwo https://t.co/cUYiCuR9JX,['JadahKopok'],Mon Jul 13 22:22:50 +0000 2026,1,0,0,0,73.0,1228468489511292928,BarisanOpOsisi,Novie Anwar,26212,False
https://x.com/regar_op0sisi/status/2079741597135372765?s=20,2079741597135372765,2080464443759272001,"Jadi pejabat sekarang ga harus pintar,cukup pandai menjilat sudah cukup dapat posisi aman",['regar_op0sisi'],Fri Jul 24 01:25:51 +0000 2026,0,0,0,0,1.0,3076694646,a_alijihad,ali,1166,False
https://x.com/menuembegejelek/status/2032285800097071555?s=20,2032285800097071555,2032313154693447747,Min itu yang putih apaan? Sabu?,"['menuembegejelek', 'toodumbtodai']",Fri Mar 13 04:29:49 +0000 2026,0,0,0,0,160.0,1381830535685672960,TejaAru05798875,maspocongg,291,False
https://x.com/regar_op0sisi/status/2079741597135372765?s=20,2079741597135372765,2080088667046195296,"Nadiem dulu kaya mirip kasusnya, akhirnya dia di penjara kan. Lha ini gimana jadinya",['regar_op0sisi'],Thu Jul 23 00:32:39 +0000 2026,0,0,0,0,28.0,2241784968,sugenghama,sugeng,212,False
https://x.com/BarisanOpOsisi/status/2076122669045719102?s=20,2076122669045719102,2076813635880632679,🤔🤔,['rexincogniito'],Mon Jul 13 23:38:50 +0000 2026,0,0,0,0,17.0,1228468489511292928,BarisanOpOsisi,Novie Anwar,26212,False
https://x.com/LambeSahamjja/status/2081381717244555418?s=20,2081381717244555418,2081415923093958988,"Emosi bgt bacanya, putra guobloookkkkk goblokkkk nemennnnn. Logika ancurr mina. MBG isih mlaku blok, tp delok en wargane isih okeh sing koyo ngono. Piye tho putra sugoblok iki.",['LambeSahamjja'],Sun Jul 26 16:26:41 +0000 2026,2,0,0,0,1076.0,45770687,IrisTorresSays,Iris Pramasyara,34,False
https://x.com/menuembegejelek/status/2032285800097071555?s=20,2032285800097071555,2032388017328206126,"Ayo dibeli teman2 

https://t.co/8tSfcv1nWh",['menuembegejelek'],Fri Mar 13 09:27:17 +0000 2026,0,0,0,0,37.0,1343995409857871872,toodumbtodai,Moi 🎀 nasi bento 10k📌,3227,False
https://x.com/bersuwara_/status/2075762961818472514?s=20,2075762961818472514,2076032917973921800,"sumpah iya banget, ini efek demand shock klasik dari MBG. waktu programnya pause (libur sekolah), harga ayam langsung turun ke 26rb/kg (bahkan ada yang lebih rendah). better diversifikasi menu si jgn ayam mulu, protein kan ga cuma ayam. 😭",['bersuwara_'],Sat Jul 11 19:56:33 +0000 2026,200,4,3,1,15961.0,2048113915650015234,sahza____,Sahza,2080,True
https://x.com/regar_op0sisi/status/2079741597135372765?s=20,2079741597135372765,2080132012346847332,"Enak aja gak ada korupsi, itu jelas Mark up dan tidak ada urgensi nya pengadaan barang tersebut.
Gegayaaan negeri korup.",['regar_op0sisi'],Thu Jul 23 03:24:53 +0000 2026,0,0,0,0,15.0,1134492405946707968,BukanCepuuu,Ojol Anti Cepu,134,False
https://x.com/BarisanOpOsisi/status/2076122669045719102?s=20,2076122669045719102,2076520637687042557,Lha kan sekolahnyamjuga libur 2 minggu kmrn kenaikan kelas,['BarisanOpOsisi'],Mon Jul 13 04:14:34 +0000 2026,0,0,1,0,65.0,1362084186505416704,MrsIrawan2,Nast☆R,33,False
https://x.com/bersuwara_/status/2075762961818472514?s=20,2075762961818472514,2076133044097036604,"karna yang paling gampang dan anak anak doyan ayam ngga sih kak😭 makanya trus stok buat warga menipis, imbasnya harga naik😭",['sahza____'],Sun Jul 12 02:34:25 +0000 2026,26,0,0,0,12935.0,1713951472453619712,bersuwara_,bia,13089,True
https://x.com/menuembegejelek/status/2032285800097071555?s=20,2032285800097071555,2032347737694539973,"Kalau pagi nganter anak sekolah selalu beliin sarapan harga 10 k dipinggir jalan. Itu enak2 lho menunya.... 🤣
Padahal 10 k","['menuembegejelek', 'toodumbtodai']",Fri Mar 13 06:47:14 +0000 2026,0,0,0,0,125.0,1205001579893411846,KurniatiCatur,ohgitu!,20,False
https://x.com/regar_op0sisi/status/2079741597135372765?s=20,2079741597135372765,2080214253538300177,Yg bener konspirasi BGN dgn pihak swasta yg gk jelas perusahaannya utk merugikan negara..,['regar_op0sisi'],Thu Jul 23 08:51:41 +0000 2026,0,0,0,0,11.0,734623536296394752,Iyan_concept,Iyan,583,False
https://x.com/BarisanOpOsisi/status/2076122669045719102?s=20,2076122669045719102,2076795473537741106,Lah iya....tetap amankan anak2 tanpa MBG.,['MrsIrawan2'],Mon Jul 13 22:26:40 +0000 2026,0,0,0,0,58.0,1228468489511292928,BarisanOpOsisi,Novie Anwar,26212,False
https://x.com/LambeSahamjja/status/2081381717244555418?s=20,2081381717244555418,2081567368783036585,"kenapa mikirnya bukan ""kita kasih pekerjaan yang layak supaya bisa memenuhi kebutuhannya, tidak cuma makan saja""",['LambeSahamjja'],Mon Jul 27 02:28:29 +0000 2026,0,0,0,0,23.0,508974032,riandrika,Riandrika,187,False
https://x.com/menuembegejelek/status/2032285800097071555?s=20,2032285800097071555,2032316825309171780,Revolusioner sekali anak sekola sekarang suda dibekali sabu sabu,"['menuembegejelek', 'toodumbtodai']",Fri Mar 13 04:44:24 +0000 2026,0,0,0,0,114.0,2198301883,mr_adityason,ΛDiTYΛSON,1197,False
https://x.com/bersuwara_/status/2075762961818472514?s=20,2075762961818472514,2075763126625358265,Mau ga mau naik lagi gr2 embeji https://t.co/kuty4DMfFk,['bersuwara_'],Sat Jul 11 02:04:29 +0000 2026,131,0,1,0,29974.0,1644373149323243523,DavidDailyBytes,David,2722,True
https://x.com/LambeSahamjja/status/2081381717244555418?s=20,2081381717244555418,2081670407711809908,Haji isam yang katanya mafia tanah itu bukan?,['LambeSahamjja'],Mon Jul 27 09:17:55 +0000 2026,0,0,0,0,6.0,1285638060349091840,Alfaro36629863,Alfaro,22,False
https://x.com/BarisanOpOsisi/status/2076122669045719102?s=20,2076122669045719102,2076396453564645621,Bukan masalah lapar tapi masalah gizi,['BarisanOpOsisi'],Sun Jul 12 20:01:06 +0000 2026,0,0,1,0,38.0,3034207700,yudianto99,yudianto yudi,14144,False
https://x.com/Naandaa27/status/2079066649509142970?s=20,2079066649509142970,2079068069864022478,"Kurang ajar banget sppg nya,cuma pengen enaknya aja",['Naandaa27'],Mon Jul 20 04:57:09 +0000 2026,26,0,1,0,2241.0,1582720191351267329,Ceysa_ku,Gea,26393,True
https://x.com/LambeSahamjja/status/2081381717244555418?s=20,2081381717244555418,2081542931014725889,dia pikir makan MBG sekali bisa kenyang seharian,['LambeSahamjja'],Mon Jul 27 00:51:22 +0000 2026,0,0,0,0,41.0,1815856203001720832,Piomonn,Kholil,18,False
https://x.com/menuembegejelek/status/2032285800097071555?s=20,2032285800097071555,2032360193347240324,"Yang kanan budgetnya abis buat beli sabu (yg di plastik putih²), makannya mahal","['menuembegejelek', 'toodumbtodai']",Fri Mar 13 07:36:44 +0000 2026,0,0,0,0,137.0,1096363357274177538,PrayogaAdie69,P,67,False
https://x.com/BarisanOpOsisi/status/2076122669045719102?s=20,2076122669045719102,2076813586014536066,Selama ini baik2 saja tanpa MBG....hrs fokus kependidikan.,['yudianto99'],Mon Jul 13 23:38:38 +0000 2026,0,0,0,0,32.0,1228468489511292928,BarisanOpOsisi,Novie Anwar,26212,False
https://x.com/LambeSahamjja/status/2081381717244555418?s=20,2081381717244555418,2081401037924319356,"Jika negara ini adil kepada rakyatnya, mungkin sang ayah akan pergi ke pasar atau supermarket untuk membeli 1 ekor ayam untuk keluarga tercinta dirumahnya.

Negara ini terlalu jahat untuk rakyat yang hanya mencoba untuk bertahan hidup. Bahkan si miskin pun tak berperikemanusiaan",['LambeSahamjja'],Sun Jul 26 15:27:32 +0000 2026,3,0,0,0,828.0,1340814957382799360,gretaamelia7,Greta Amelia,58461,True
https://x.com/LambeSahamjja/status/2081381717244555418?s=20,2081381717244555418,2081586812221640790,Itu orang bela rezim biar tambah gampang ngurus izin tambang keluarga dia,['LambeSahamjja'],Mon Jul 27 03:45:44 +0000 2026,0,0,0,0,32.0,586489415,premedievaltask,Wickedpedia,212,False
https://x.com/Naandaa27/status/2079066649509142970?s=20,2079066649509142970,2079226293267378561,Lha iya malah anak2 kecil suruh bawa. Ganggu pelajaran pula,['Ceysa_ku'],Mon Jul 20 15:25:53 +0000 2026,2,1,0,0,1829.0,1259753320152887296,Naandaa27,Nda ! 🧳,14248,True
https://x.com/BarisanOpOsisi/status/2076122669045719102?s=20,2076122669045719102,2076344399211147558,Banyak,['BarisanOpOsisi'],Sun Jul 12 16:34:16 +0000 2026,0,0,1,0,8.0,862624052,myqisfa,𝙸𝚖𝚊𝚗 𝙷𝚊𝚛𝚊𝚗𝚐𝚐𝚊 ®,205,False
https://x.com/menuembegejelek/status/2032285800097071555?s=20,2032285800097071555,2032422374751224298,Biar Espepegenya bisa beli iphone dan motor baru,"['menuembegejelek', 'toodumbtodai']",Fri Mar 13 11:43:49 +0000 2026,0,0,0,0,55.0,1543473141350944768,WishRadish,Radish🇵🇸,63,False
https://x.com/LambeSahamjja/status/2081381717244555418?s=20,2081381717244555418,2081561792648790440,emang bener ya... otak jadi tolol karena kebanyakan makan duit haram.,['LambeSahamjja'],Mon Jul 27 02:06:19 +0000 2026,0,0,0,0,71.0,86714719,dwnvyntx,☝🏽Rakyat Wakanda,516,False
https://x.com/bersuwara_/status/2075762961818472514?s=20,2075762961818472514,2075763323778527458,"sekolah baru masuk senin besok, ini harga ayam udah naik lagi aja😭😭😭",['DavidTechTips'],Sat Jul 11 02:05:16 +0000 2026,109,0,2,0,21138.0,1713951472453619712,bersuwara_,bia,13089,True
https://x.com/regar_op0sisi/status/2079741597135372765?s=20,2079741597135372765,2080080573536829540,Dibeli tapi tdk dimanfaatkan sj sudah masuk dlm kategori korupsi,['regar_op0sisi'],Thu Jul 23 00:00:29 +0000 2026,0,0,0,0,23.0,1406094507725115392,MSafei1968,M. Safei,1754,False
https://x.com/Hidupsebagai62/status/2064707522078879832?s=20,2064707522078879832,2064766389387514235,9. babi mbg berhenti joget pamer insentif 6 juta sehari,['Hidupsebagai62'],Wed Jun 10 17:47:23 +0000 2026,733,1,3,0,30661.0,386860942,DevonEvansyo,Devon Evans,159,False
https://x.com/BarisanOpOsisi/status/2076122669045719102?s=20,2076122669045719102,2076812454940877191,Brp persen?,['myqisfa'],Mon Jul 13 23:34:09 +0000 2026,0,0,0,0,17.0,1228468489511292928,BarisanOpOsisi,Novie Anwar,26212,False
https://x.com/menuembegejelek/status/2032285800097071555?s=20,2032285800097071555,2032309896113504421,"Ini sebenernya contoh bagus kenapa Ekonomi komunis itu gagal total.
Yang sebelah kiri itu bagus karena kalau jelek dikit aja lansung kena hukuman keras dari mekanisme pasar.
Yang sebelah kanan kaya gitu karena mau sampe bikin anak orang keracunan juga santai aja.","['menuembegejelek', 'toodumbtodai']",Fri Mar 13 04:16:52 +0000 2026,0,0,1,0,1592.0,1507769095152103431,si4riNew,Qais,127,False
https://x.com/LambeSahamjja/status/2081381717244555418?s=20,2081381717244555418,2081384128365359174,Padahal kaya ya tapi isi otaknya dia kosong ternyata dikit2 MBG coba anak dia d suruh makan MBG mau gak anaknya tu 😹😂,['LambeSahamjja'],Sun Jul 26 14:20:21 +0000 2026,0,0,0,0,363.0,82582389,Ajierz,Aji,2216,True
https://x.com/bersuwara_/status/2075762961818472514?s=20,2075762961818472514,2075766605112619436,"Wahh telat , harus nya kemarin udah di stok ya 😭",['bersuwara_'],Sat Jul 11 02:18:19 +0000 2026,65,0,2,0,24138.0,2068734415359164416,Cerita_Mae,Sekedar Cerita,1576,False
https://x.com/LambeSahamjja/status/2081381717244555418?s=20,2081381717244555418,2081615109089378391,Itu dia yg suka donate gede ke streamer kan ya,['LambeSahamjja'],Mon Jul 27 05:38:11 +0000 2026,0,0,0,0,57.0,231385956,arfachilll,anu,539,False
https://x.com/menuembegejelek/status/2032285800097071555?s=20,2032285800097071555,2032338536113062213,🤣 https://t.co/778GuhO9bl,"['menuembegejelek', 'toodumbtodai']",Fri Mar 13 06:10:40 +0000 2026,0,0,0,0,18.0,1504020071949090821,qwerty21103,qwerty,172,False
https://x.com/Hidupsebagai62/status/2064707522078879832?s=20,2064707522078879832,2064819141257871623,Udh ada minta maaf nya wkwk,['ajimit'],Wed Jun 10 21:17:00 +0000 2026,48,0,1,0,24813.0,1031420690505785349,Hidupsebagai62,Hidup sebagai +62,16588,True
https://x.com/BarisanOpOsisi/status/2076122669045719102?s=20,2076122669045719102,2076255225401536868,Ya g kelaparan mah para mafia nya karena gak kebagian insentif 6 juta sehari,['BarisanOpOsisi'],Sun Jul 12 10:39:55 +0000 2026,3,1,0,0,133.0,721590341669748736,OmJ_J3Nggott,𝐎𝐦𝐉_𝙹eռɢɢօtȶ,52636,True
https://x.com/bersuwara_/status/2075762961818472514?s=20,2075762961818472514,2075773496643436572,nyesel juga ngga restock😭,['Cerita_Mae'],Sat Jul 11 02:45:42 +0000 2026,9,0,0,0,21468.0,1713951472453619712,bersuwara_,bia,13089,True
https://x.com/regar_op0sisi/status/2079741597135372765?s=20,2079741597135372765,2080030788008259694,Duh bikin emosi nya luar biasa,['regar_op0sisi'],Wed Jul 22 20:42:39 +0000 2026,0,0,0,0,20.0,570680818,cucupsaeroji,Hawu Suluh Hihid™🇲🇨🇵🇸,303,False
https://x.com/LambeSahamjja/status/2081381717244555418?s=20,2081381717244555418,2081544300383568237,Ini haji putra yg sering donate  streamer yg sampe puluhan juta itu kan?🤣,['LambeSahamjja'],Mon Jul 27 00:56:49 +0000 2026,0,0,0,0,50.0,1727517463473176576,Abiem_,Abiie,39,False
https://x.com/menuembegejelek/status/2032285800097071555?s=20,2032285800097071555,2032420719045513357,"Yo gak bisa, itungannya gak masuk kalo 10rb bikin yg kiri 
Itungan buat anu mksdnya hehehe 🫣","['menuembegejelek', 'toodumbtodai']",Fri Mar 13 11:37:14 +0000 2026,0,0,0,0,112.0,1140297218269646849,Lefessiver,Eren,28,False
https://x.com/Naandaa27/status/2079066649509142970?s=20,2079066649509142970,2079135810499346588,Terus pegawai yg ngantar ngapainn,['Naandaa27'],Mon Jul 20 09:26:20 +0000 2026,10,0,1,0,1652.0,1292372281239326720,Inie_UtyCute,🅽🅸🅲🅺🆈 🅰🆁🆃🅰 🇮🇩,9086,True
https://x.com/menuembegejelek/status/2032285800097071555?s=20,2032285800097071555,2032402328633192675,bahkan di sebelah mal ambas kuningan masih ada lho yg jual 10-15k (dan beneran enak).,"['menuembegejelek', 'toodumbtodai']",Fri Mar 13 10:24:10 +0000 2026,0,0,0,0,75.0,1037490273096425473,Mouse3Mic3,zaki,35,False
https://x.com/bersuwara_/status/2075762961818472514?s=20,2075762961818472514,2075768263100051625,anak sekolah udh mau masuk lg ya….,['bersuwara_'],Sat Jul 11 02:24:54 +0000 2026,24,0,1,0,16047.0,1270376478270582785,beautales_,kelly g ✮,32473,True
https://x.com/LambeSahamjja/status/2081381717244555418?s=20,2081381717244555418,2081465659431817393,dikira mbg makan 3 x sehari sekeluarga hah??,['LambeSahamjja'],Sun Jul 26 19:44:19 +0000 2026,0,0,0,0,72.0,377811005,sikoom,zero meter,356,True
https://x.com/Naandaa27/status/2079066649509142970?s=20,2079066649509142970,2079218745470500891,Kyk SPPG byk yg gitu ngerjain siswa dan guru ngurus ompreng,['Inie_UtyCute'],Mon Jul 20 14:55:53 +0000 2026,4,0,0,0,1473.0,1259753320152887296,Naandaa27,Nda ! 🧳,14248,True
https://x.com/LambeSahamjja/status/2081381717244555418?s=20,2081381717244555418,2081397265084960957,Logika beginian anehnya enggak cuma satu orang tau mayoritas orang/Circle pemerintahan bikin kita puyeng,['LambeSahamjja'],Sun Jul 26 15:12:33 +0000 2026,0,0,0,0,745.0,1189082906,gandrn_,Vida,1541,False
https://x.com/bersuwara_/status/2075762961818472514?s=20,2075762961818472514,2075773319048315068,"iya kak, masuk besok seninn",['beautales_'],Sat Jul 11 02:44:59 +0000 2026,3,0,0,0,14248.0,1713951472453619712,bersuwara_,bia,13089,True
https://x.com/Naandaa27/status/2079066649509142970?s=20,2079066649509142970,2079153633195888790,"Wes lawuhe gak sepiro, dikongkong gotong ompreng pisan 😭",['Naandaa27'],Mon Jul 20 10:37:09 +0000 2026,7,0,1,0,2141.0,1295380140,Mrs_Ulya,Mrs Ulya,7547,False
https://x.com/regar_op0sisi/status/2079741597135372765?s=20,2079741597135372765,2079865907426529641,"Berkaca para kasus chrome book, ini bisa banger dipidanakan",['regar_op0sisi'],Wed Jul 22 09:47:29 +0000 2026,1,0,0,0,75.0,46539720,memas4oran,mema saoran,66,False
https://x.com/BarisanOpOsisi/status/2076122669045719102?s=20,2076122669045719102,2076248990384017509,"Sejak MBG libur,.....👇 https://t.co/P8DI1Vr9CS",['BarisanOpOsisi'],Sun Jul 12 10:15:08 +0000 2026,2,1,0,0,149.0,1667088705180561409,AlwiHusin,A-Husin .....(reborn),745,False
https://x.com/menuembegejelek/status/2032285800097071555?s=20,2032285800097071555,2032567940151923046,"Sempet liat orang debat di kolom komen IG, kira-kira begini:

A: ""Di warteg 15k enak + kenyang""
B: ""Tapi kan MBG tujuannya makanan bergizi. Warteg emangnya bergizi?""

Pas liat banyak MBG yang bentukannya sad food, gue rasa makanan warteg malah lebih ada gizinya daripada itu. 🤦","['menuembegejelek', 'toodumbtodai']",Fri Mar 13 21:22:14 +0000 2026,0,0,0,0,127.0,1156917058526801920,marutabaktelur,maru✿,323,False
https://x.com/LambeSahamjja/status/2081381717244555418?s=20,2081381717244555418,2081383355707486426,"Si Putra ini punya SPPG kali, kalo ga dia ini org sppi",['LambeSahamjja'],Sun Jul 26 14:17:16 +0000 2026,0,0,0,0,272.0,2888809230,wiariutami,wiari,346,False
https://x.com/bersuwara_/status/2075762961818472514?s=20,2075762961818472514,2075776457939513698,Telor naik gak yaa,['bersuwara_'],Sat Jul 11 02:57:28 +0000 2026,17,0,22,0,40794.0,1801434713074372608,Henaso250,Henaso,2741,True
https://x.com/Naandaa27/status/2079066649509142970?s=20,2079066649509142970,2079217909403136097,SPPG memang sontoloyo,['Mrs_Ulya'],Mon Jul 20 14:52:34 +0000 2026,1,0,0,0,1946.0,1259753320152887296,Naandaa27,Nda ! 🧳,14248,True
https://x.com/menuembegejelek/status/2032285800097071555?s=20,2032285800097071555,2032365060782506036,"Astaga, beras di pakein plastik klip macem ubas😭😭","['menuembegejelek', 'toodumbtodai']",Fri Mar 13 07:56:04 +0000 2026,0,0,0,0,76.0,1782349609035317248,keluhangw2,"twit ini, isinya",77,False
https://x.com/regar_op0sisi/status/2079741597135372765?s=20,2079741597135372765,2079849940059365577,Ga ada korupsi cuma di mark-up aja harganya.,['regar_op0sisi'],Wed Jul 22 08:44:02 +0000 2026,0,0,0,0,106.0,76417978,Muhaminu,Satoshi Makansoto,77,False
https://x.com/bersuwara_/status/2075762961818472514?s=20,2075762961818472514,2075840584758202680,"kalau ayam aja naik, telur juga pasti naik si😭😭😭",['Henaso250'],Sat Jul 11 07:12:17 +0000 2026,99,0,1,0,37951.0,1713951472453619712,bersuwara_,bia,13089,True
https://x.com/Naandaa27/status/2079066649509142970?s=20,2079066649509142970,2079210901010583661,"Berapa menit waktu terbuang untuk mempersiapkan ini, jam belajar nya jadi berkurang. Harus dievaluasi segera.",['Naandaa27'],Mon Jul 20 14:24:43 +0000 2026,0,0,0,0,143.0,3046583670,tribudi165,Tri Budi,15670,False
https://x.com/LambeSahamjja/status/2081381717244555418?s=20,2081381717244555418,2081572311183020358,Padahal gak ada kaitannya sama MBG hadehh,['LambeSahamjja'],Mon Jul 27 02:48:07 +0000 2026,0,0,0,0,9.0,869843071,izoelsaka,saka,10927,True
https://x.com/BarisanOpOsisi/status/2076122669045719102?s=20,2076122669045719102,2076404586034971048,"Tros, 7 triliunnya ke mana weee...👀,  seharusnya pertanyaan itu gini, bukan siswa mana yg kelaparan, tapi berapa pejabat yg kenyang https://t.co/qAjXkHDoAW",['BarisanOpOsisi'],Sun Jul 12 20:33:25 +0000 2026,3,0,0,0,68.0,1732985576704626688,naughty566,—𝑨𝒏𝒊𝒏—,286,False
https://x.com/regar_op0sisi/status/2079741597135372765?s=20,2079741597135372765,2080091631546712349,MALING MAH TETEP MALING DUIT RAKYAT ELO PAKE SEMBRONO GA JELAS TAEK LO!!!!,['regar_op0sisi'],Thu Jul 23 00:44:25 +0000 2026,0,0,0,0,9.0,185436786,mahendrop,mahend,77,False
https://x.com/Naandaa27/status/2079066649509142970?s=20,2079066649509142970,2079117197390340590,"Orang tuanya diperas dan dirampok. Anak - anaknya di jadiin budak dan diracuni. ketika mau protes dituduh antek aseng dan disuruh cari negara lain. 
kalo bukan pukimai, memang apa lagi?!",['Naandaa27'],Mon Jul 20 08:12:22 +0000 2026,93,9,1,1,2715.0,3762347358,bill_gatell,KOMEDI ISTANA,63,False
https://x.com/bersuwara_/status/2075762961818472514?s=20,2075762961818472514,2075767144982417549,"KATANYA MAU DITURUNIN, KOK MALAH NAIK LAGI YA",['bersuwara_'],Sat Jul 11 02:20:27 +0000 2026,6,0,2,0,22975.0,1495963773630582784,shopizme,izme,1923,True
https://x.com/menuembegejelek/status/2032285800097071555?s=20,2032285800097071555,2032307690790367380,PORSI BESAR,"['menuembegejelek', 'toodumbtodai']",Fri Mar 13 04:08:06 +0000 2026,0,0,0,0,46.0,1325926586,_liha,sell of winterfell,44,False
https://x.com/BarisanOpOsisi/status/2076122669045719102?s=20,2076122669045719102,2076273546482024725,"Yang ada Berita Maling Maling Perusak Negara yang semakin Brutal !!! 

Negeri Darurat Maling 📌 https://t.co/RVkp0oQ9Lu",['BarisanOpOsisi'],Sun Jul 12 11:52:43 +0000 2026,2,0,0,0,76.0,1329350627932028929,Pradaprasetya21,HIDUP MALING 📌,3827,False
https://x.com/regar_op0sisi/status/2079741597135372765?s=20,2079741597135372765,2079863764292399246,bicara seolah-olah duit yg dipake adalah duit pribadi🤷,['regar_op0sisi'],Wed Jul 22 09:38:58 +0000 2026,0,0,0,0,72.0,1368868528607006724,svnwcloudie,cipuy,1043,True
https://x.com/bersuwara_/status/2075762961818472514?s=20,2075762961818472514,2075773411868192993,EMANG OMON OMON DOANG NJIR😭😭😭,['shopizme'],Sat Jul 11 02:45:22 +0000 2026,24,0,0,0,20192.0,1713951472453619712,bersuwara_,bia,13089,True
https://x.com/Hidupsebagai62/status/2064707522078879832?s=20,2064707522078879832,2064793242349302053,dari dulu udah ga suka sama program nya cuma si gendut yapping itu batu bngt dibilangin,['Hidupsebagai62'],Wed Jun 10 19:34:05 +0000 2026,428,10,2,1,38294.0,1468180932523790338,yxn4ul,awiwa,10,False
https://x.com/Naandaa27/status/2079066649509142970?s=20,2079066649509142970,2079108667459407880,Mereka aja gak mau keluar dari job desknya. Gw tanya temen gw yg guru knp gk mereka yg distribusi si orag pengantarnya bilang mereka cuman drop barang doang. Kurang ajar gak tuh.,['Naandaa27'],Mon Jul 20 07:38:28 +0000 2026,37,0,1,0,1683.0,1503614450766876674,Utha_san,RinduRTdanbacot,2451,True
https://x.com/menuembegejelek/status/2032285800097071555?s=20,2032285800097071555,2032335265520631924,Itu yg di plastik klip apa bjir ? Sabu ?,"['menuembegejelek', 'toodumbtodai']",Fri Mar 13 05:57:40 +0000 2026,0,0,0,0,61.0,3239882099,wildanarwani46,LEGIUM|IIVII,40,False
https://x.com/ardisatriawan/status/2079031883900633488?s=20,2079031883900633488,2079126538696671475,"1hari libur, bisa buat renov ratusan sekolah sbenernya 🥲",['ardisatriawan'],Mon Jul 20 08:49:29 +0000 2026,0,0,0,0,11.0,1933342703527620608,bapak2gbt,Bapak bapak gabut,2549,True
https://x.com/BarisanOpOsisi/status/2076122669045719102?s=20,2076122669045719102,2076178779081416739,"MBG libur 2 minggu ga ada berita siswa2 keracunan.. 

Alhamdulillah..",['BarisanOpOsisi'],Sun Jul 12 05:36:09 +0000 2026,1,1,0,0,74.0,1294656329085095936,LanangJagad31,MinangWaras,5250,False
https://x.com/regar_op0sisi/status/2079741597135372765?s=20,2079741597135372765,2079918374826762281,"Gak ada korupsi tapi mengakui ada mark-up. Duitnya bakal dibalikin ke pemrintah.
Itu duitnya siapa?",['regar_op0sisi'],Wed Jul 22 13:15:58 +0000 2026,2,0,1,0,45.0,1267940786991099905,bangherwin,herwin,14015,True
https://x.com/toe_giman/status/2077699532020957341?s=20,2077699532020957341,2078296625521611248,Masalah Baru Ges,['LeilaLylie'],Sat Jul 18 01:51:43 +0000 2026,0,0,0,0,94.0,1336576386987790336,toe_giman,T0361M4N,24117,True
https://x.com/LambeSahamjja/status/2081381717244555418?s=20,2081381717244555418,2081464174866264113,dongo,['LambeSahamjja'],Sun Jul 26 19:38:25 +0000 2026,0,0,0,0,23.0,1352511961443954689,dayanaayuu,Pila 🪻,3,False
https://x.com/bersuwara_/status/2075762961818472514?s=20,2075762961818472514,2075764554056049143,haahhh udah langsung naik lagi nih kak? 😭😭,['bersuwara_'],Sat Jul 11 02:10:10 +0000 2026,1,0,1,0,18035.0,1271587731311714304,soondoongie,nyaw,3316,True
https://x.com/Naandaa27/status/2077672020863533184?s=20,2077672020863533184,2078272373078319201,"Min @Gerindra parah nih min, speak up donk",['Naandaa27'],Sat Jul 18 00:15:20 +0000 2026,0,0,0,0,9.0,71628427,ketumpartai,Pemuda Tersatset,616,False
https://x.com/ardisatriawan/status/2079031883900633488?s=20,2079031883900633488,2079173378079129648,Sedih banget ya yg tidak di prioritaskan ini,['ardisatriawan'],Mon Jul 20 11:55:37 +0000 2026,0,0,0,0,3.0,2068734415359164416,Cerita_Mae,Sekedar Cerita,1576,False
https://x.com/Naandaa27/status/2079066649509142970?s=20,2079066649509142970,2079093274003026034,"Udah capek angkut MBG ke atas, nanti selesai mau nurunin lagi.

Kapan belajarnya?",['Naandaa27'],Mon Jul 20 06:37:18 +0000 2026,31,0,0,0,1250.0,1937884593753112576,MasBroTalks,Mas Bro,1836,True
https://x.com/regar_op0sisi/status/2079741597135372765?s=20,2079741597135372765,2079884140179308610,"Keputusan mundur Nanik bijak, keputusan Prabowo juga tepat.",['regar_op0sisi'],Wed Jul 22 10:59:56 +0000 2026,1,0,0,0,17.0,1994729185592688640,OtskieLabs,Otskie,2563,False
https://x.com/toe_giman/status/2077699532020957341?s=20,2077699532020957341,2078161835925307606,"Bener banget  di desa saya di Garut, 3 kelas dijadikan dapur MBG , yang punya mantan gubernur BI,mantan mentri ekonomi jaman gusdur, sekarang komisaris PLN",['toe_giman'],Fri Jul 17 16:56:06 +0000 2026,0,2,1,0,719.0,1697505022626656256,EnuTasdik26672,Enu Tasdik,51,False
https://x.com/menuembegejelek/status/2032285800097071555?s=20,2032285800097071555,2032546790982168656,iya dah gue nemu catering bagus banget 10rb di malang,"['menuembegejelek', 'markrenchin', 'toodumbtodai']",Fri Mar 13 19:58:12 +0000 2026,0,0,1,0,123.0,2493958825,happilyreveluv,hana.,1025,False
https://x.com/bersuwara_/status/2075762961818472514?s=20,2075762961818472514,2075765267771384043,iyaaa😭😭😭 kemarinnya sempet 26 trus ke 30 ini langsung ke 33😭😭😭,['soondoongie'],Sat Jul 11 02:13:00 +0000 2026,6,0,1,0,15941.0,1713951472453619712,bersuwara_,bia,13089,True
https://x.com/LambeSahamjja/status/2080933139564949662?s=20,2080933139564949662,2081248701373358349,"Halah bacot anying bawa2 sepakbola bangsat, kalo soal bola mah bola negara kita ga akan maju selama mafia masih meraja lela mah, btw MBG adalah maling berkedok gizi setan",['LambeSahamjja'],Sun Jul 26 05:22:12 +0000 2026,0,0,0,0,169.0,1268096009759887360,rizalwungkana23,rizal wungkana,90,False
https://x.com/Naandaa27/status/2077672020863533184?s=20,2077672020863533184,2077686560024408387,"Hati-hati upload videonya, dek!
Nanti digerebek polisi, trus dibilang makanannya palsu!
Wkwkwkwkwk 😂",['Naandaa27'],Thu Jul 16 09:27:32 +0000 2026,1,1,0,0,167.0,1727602815084949504,Ibenk250,Ibenk,291,False
https://x.com/LambeSahamjja/status/2081381717244555418?s=20,2081381717244555418,2081534307282428355,Apa hubumgannya sama.mbg? Pola pikirnya kok bisa meleset jauh ya. Ini sebetulnya salahnya dimana ya. Kok orqng sekarang banyak kena syndrom slah pikir ya,['LambeSahamjja'],Mon Jul 27 00:17:06 +0000 2026,0,0,0,0,19.0,2041696201020444672,dedentist1966,dedentist,2580,True
https://x.com/ardisatriawan/status/2079031883900633488?s=20,2079031883900633488,2079219865567756578,bremsek mbg nomor 1 sedunia di pikiran wowok,['ardisatriawan'],Mon Jul 20 15:00:20 +0000 2026,0,0,0,0,2.0,2046264809570574336,dixatakan,Reyn,1009,True
https://x.com/Hidupsebagai62/status/2064707522078879832?s=20,2064707522078879832,2064819535132414052,"Ntahlah, ada fetish apa",['yxn4ul'],Wed Jun 10 21:18:34 +0000 2026,52,0,1,0,30948.0,1031420690505785349,Hidupsebagai62,Hidup sebagai +62,16588,True
https://x.com/toe_giman/status/2077699532020957341?s=20,2077699532020957341,2078170701249544236,Waduhhh,['EnuTasdik26672'],Fri Jul 17 17:31:20 +0000 2026,0,0,0,0,574.0,1336576386987790336,toe_giman,T0361M4N,24117,True
https://x.com/regar_op0sisi/status/2079741597135372765?s=20,2079741597135372765,2079750638494486835,Cocot,['regar_op0sisi'],Wed Jul 22 02:09:26 +0000 2026,1,0,0,0,40.0,1704875893242613761,Sakera02Rebon,Sak_Mben,1762,False
https://x.com/LambeSahamjja/status/2080933139564949662?s=20,2080933139564949662,2081158875030659440,"Dari dulu rakyat bisa makan. Buktinya apa ? Lihat tuh badan para petinggi dan pengurus MBG, ada yg  kurang gizi ? Tidak ada kan ? Pintar2 dan jadi sarjana juga kan ? Yg gemuk2 itu apa dapat MBG ? Anak2nya yg pintar2 apa karena MBG ? Tapi kalau ditanya apa ada yg kaya karena MBG ?",['LambeSahamjja'],Sat Jul 25 23:25:16 +0000 2026,0,0,0,0,188.0,911573057243713536,y_yumnan,Yumnan Sabrie,94,False
https://x.com/bersuwara_/status/2075762961818472514?s=20,2075762961818472514,2075858903670341649,https://t.co/OyctnlHTmv,['bersuwara_'],Sat Jul 11 08:25:04 +0000 2026,0,0,0,0,605.0,1006827831995711488,ekowboy2,𝓔𝓴𝓸 𝓦𝓲𝓭𝓸𝓭𝓸,199579,True
https://x.com/Naandaa27/status/2077672020863533184?s=20,2077672020863533184,2077796460889067982,"Akibat pegawai yang dipakai asal""an",['Naandaa27'],Thu Jul 16 16:44:14 +0000 2026,0,0,0,0,20.0,1867514431,KorbanUtang,Korban,350,False
https://x.com/LambeSahamjja/status/2081381717244555418?s=20,2081381717244555418,2081410822291783906,"Apa hubungannya nyuri ayam dan MBG woy

Dia nyuri karena tidak ada penghasilan/ tidak punya kerjaan, sedangkan dia butuh hidup 

Kalau anaknya doang di kasih makan MBG dan itu 1x/hr terus setelah balik sekolah anaknya makan apa, dianya jg makan apa kan kaga ada duit makanya dia",['LambeSahamjja'],Sun Jul 26 16:06:25 +0000 2026,0,0,0,0,121.0,1626648450,thiticuit,Thithicuit,2106,True
https://x.com/menuembegejelek/status/2032285800097071555?s=20,2032285800097071555,2032344988156412223,itu yg diplastkin warna putih apaan dah? sabu sabu?,"['menuembegejelek', 'toodumbtodai']",Fri Mar 13 06:36:18 +0000 2026,0,0,0,0,164.0,1094125159424831488,stcvrlett,🦋,2749,False
https://x.com/Hidupsebagai62/status/2064707522078879832?s=20,2064707522078879832,2064835384203493397,"nomer 8 kerasa bgt sih 2 hari kemarin. biasanya pas istirahat masih bagiin ompreng, gantiin makanan dari ompreng ke kotak bekal murid (krn murid slb ada yg gak ditunggu ortunya). nah kemarin pas jam istirahat tinggal istirahat, duduk manis di RG tanpa bingung sama ompreng sialan",['Hidupsebagai62'],Wed Jun 10 22:21:33 +0000 2026,313,0,8,0,33101.0,1589933300126470149,rapunyeol,ujang kedu,82,False
https://x.com/Naandaa27/status/2079066649509142970?s=20,2079066649509142970,2079087859848597876,"Petugas nya dong
Jangan ganggu anak lg belajar",['Naandaa27'],Mon Jul 20 06:15:48 +0000 2026,17,0,0,1,814.0,251408624,Annas_Cim,🇮🇩Qyanqyun🇮🇩,26246,True
https://x.com/ardisatriawan/status/2079031883900633488?s=20,2079031883900633488,2079066762986107373,Mau marah karena ga ngambung .. tapi canon 😃,['ardisatriawan'],Mon Jul 20 04:51:58 +0000 2026,0,0,0,0,7.0,2053287200650080256,fluttervii_,Ivy 🦋,1022,True
https://x.com/toe_giman/status/2077699532020957341?s=20,2077699532020957341,2078059814568223138,gak modal kah sppg nya?,['toe_giman'],Fri Jul 17 10:10:42 +0000 2026,0,0,1,0,350.0,1604130313021820929,podo_radong1,elonmask,2419,False
https://x.com/BarisanOpOsisi/status/2076122669045719102?s=20,2076122669045719102,2076835569217438115,Ya kaga ada bang,['BarisanOpOsisi'],Tue Jul 14 01:06:00 +0000 2026,2,0,0,0,5.0,1736526556355530752,kta_dan60917,Pinjaman KTA dan BPKB mobil/ motor,1228,False
https://x.com/regar_op0sisi/status/2079741597135372765?s=20,2079741597135372765,2079756666132939197,Brati cuma salah perencanaan doank ya..,['regar_op0sisi'],Wed Jul 22 02:33:23 +0000 2026,1,0,0,0,54.0,2595897205,HikmatiAgung,Agung Hikmati,3095,True
https://x.com/Naandaa27/status/2077672020863533184?s=20,2077672020863533184,2077713277316981065,"magoot kali itu,biar makin tinggi protein wkwk",['Naandaa27'],Thu Jul 16 11:13:42 +0000 2026,0,0,0,0,168.0,1560616856150429696,cursedavoidant,raay,199,False
https://x.com/LambeSahamjja/status/2080933139564949662?s=20,2080933139564949662,2081025063646892207,"Sekolah hancur , pokoke MBG 
Gaji guru kecil , pokeke MBG 
Murid keracunan , pokeke MBG",['LambeSahamjja'],Sat Jul 25 14:33:33 +0000 2026,0,0,0,0,2355.0,2056005996141854724,ilot8u0ya,bolot,3,False
https://x.com/LambeSahamjja/status/2081381717244555418?s=20,2081381717244555418,2081430479107190937,kok ada orang tolol goblog gitu anjayyy,['LambeSahamjja'],Sun Jul 26 17:24:31 +0000 2026,0,0,0,0,49.0,1272211984625266688,awokawokgirl,thepinkuy,0,False
https://x.com/Hidupsebagai62/status/2064707522078879832?s=20,2064707522078879832,2064861841340400046,Smngat para Guru,['rapunhend'],Thu Jun 11 00:06:40 +0000 2026,26,0,1,0,25421.0,1031420690505785349,Hidupsebagai62,Hidup sebagai +62,16588,True
https://x.com/txtdrimedia/status/2079154852257513702?s=20,2079154852257513702,2079190074357669907,"Ada kecurangan pada diam tu siapa cuk !!??

Aneh bener presiden kira ini !!!",['txtdrimedia'],Mon Jul 20 13:01:57 +0000 2026,0,0,0,0,319.0,183228550,edhoaffandy,Ridho affandy,189,False
https://x.com/bersuwara_/status/2075762961818472514?s=20,2075762961818472514,2076224017854574890,Padahal baru aja sore ini mau ke supermarket beli ayam 🥲🥲🥲,['bersuwara_'],Sun Jul 12 08:35:54 +0000 2026,2,0,0,0,900.0,54811132,kukuhya,Kukuh Adi D.,32373,True
https://x.com/menuembegejelek/status/2032285800097071555?s=20,2032285800097071555,2032458081339367774,itu putih putih apaan😅,"['menuembegejelek', 'toodumbtodai']",Fri Mar 13 14:05:42 +0000 2026,0,0,0,0,16.0,1442443528496320520,canarypunkNFT,CANARY PUNK,6390,True
https://x.com/PartaiSocmed/status/2079853104879837373?s=20,2079853104879837373,2079926903461568735,"Sangat disayangkan tum, tata kelola peninggalan si Dadan bongak bikin amburadul semua",['PartaiSocmed'],Wed Jul 22 13:49:51 +0000 2026,0,0,0,0,1096.0,1396295351775076355,privvvhaf,hafizhkl,653,False
https://x.com/ardisatriawan/status/2079031883900633488?s=20,2079031883900633488,2079554403946918338,"For real ""BANGUNAN MBG LEBIH BAGUS DARI BANGUNAN SEKOLAH""",['ardisatriawan'],Tue Jul 21 13:09:40 +0000 2026,0,0,0,0,12.0,1159703751365578752,HargiPratama,Agi Pratama,2616,True
https://x.com/Naandaa27/status/2079066649509142970?s=20,2079066649509142970,2079109751619911993,"mereka di didik untuk jadi babu, bukan untuk belajar berpikir kritis mana yg salah mana yg benar, guru serta sekolanyanya santai krn tidak dibayar, agar keuntungan projek mbg dimaksimalkan sppgnya cukup memanfaatkan keluguan bocah2 yg belum paham kerasnya dunia",['Naandaa27'],Mon Jul 20 07:42:47 +0000 2026,13,0,1,0,1364.0,1036227809381822464,Banizoro771,Banizoro77,6,False
https://x.com/LambeSahamjja/status/2081381717244555418?s=20,2081381717244555418,2081511038990815478,https://t.co/e1iJvA6Wsm,['LambeSahamjja'],Sun Jul 26 22:44:38 +0000 2026,0,0,0,0,17.0,2063180447849598977,Atung_Hai,Atung Hai,217,True
https://x.com/toe_giman/status/2077699532020957341?s=20,2077699532020957341,2078062119149518964,Weeh mbuh,['podo_radong1'],Fri Jul 17 10:19:52 +0000 2026,0,0,0,0,309.0,1336576386987790336,toe_giman,T0361M4N,24117,True
https://x.com/LambeSahamjja/status/2080933139564949662?s=20,2080933139564949662,2080949485304528970,"Lamine yamal kalo gak didukung fasilitias latihan la masia dan pendukung lainnya, ya gak mungkin sebesar ini

Intinya, jangan menyederhanakan onk hanya soal makan kenyang. Banyak hal lain yang sama atau lebih urgent. 

Percuma kenyang kalo kualitas pendidikan tidak baik 🥲",['LambeSahamjja'],Sat Jul 25 09:33:14 +0000 2026,6,0,1,0,1480.0,1428570107635138567,lazuardi_riko,riko lazuardi,55,False
https://x.com/Naandaa27/status/2077672020863533184?s=20,2077672020863533184,2077956513193443579,Kirim saja ke bos sppg yang kemarin mengadu ke orang terhormat.,['Naandaa27'],Fri Jul 17 03:20:13 +0000 2026,0,0,0,0,22.0,1910110230,coldbrewlemon,S.T.,88,False
https://x.com/regar_op0sisi/status/2079741597135372765?s=20,2079741597135372765,2080256896053961076,Keren banget inisiatif Pak Prabowo ini! Semoga sukses terus ya programnya. Banyak yang kebantu soal kerjaan. 💯,['regar_op0sisi'],Thu Jul 23 11:41:07 +0000 2026,0,0,0,0,4.0,241857929,bombaaaark,a7md,0,False
https://x.com/ardisatriawan/status/2079031883900633488?s=20,2079031883900633488,2079093442299462061,"Atap sekolah ambruk? 
Tak apa 
Yg penting ada MBG 

🫠",['ardisatriawan'],Mon Jul 20 06:37:58 +0000 2026,0,0,0,0,4.0,2591775756,NgajarDiDesa,BuGuruDesa,3249,True
https://x.com/bersuwara_/status/2075762961818472514?s=20,2075762961818472514,2075874515771666487,Wanjirrrr..... apa kabar harga barang pokok minggu depan yaa 😅,['bersuwara_'],Sat Jul 11 09:27:07 +0000 2026,1,0,0,0,273.0,195743412,pak_erte92,Eka Wicaksana Putra 📊,12971,True
https://x.com/txtdrimedia/status/2079154852257513702?s=20,2079154852257513702,2079244300345569757,Walah bantu orang miskin itu ternyata maksudnya kasih MBG toh,['txtdrimedia'],Mon Jul 20 16:37:26 +0000 2026,0,0,0,0,645.0,3277319293,Fahmilaziz,Arya_wiratama,976,True
https://x.com/BarisanOpOsisi/status/2076122669045719102?s=20,2076122669045719102,2076318923268772112,"Kemarin sempet ngobrol sama anak magang penerima mbg, ternyata memang benar siswa siswi penerima mbg pun bilang gaenak rasanya 😂, kadang udah bau asem, nasinya keras, mending bawa makan dr rumah katanya",['BarisanOpOsisi'],Sun Jul 12 14:53:02 +0000 2026,2,0,1,0,86.0,233847134,dimasdeschanel,deem,386,True
https://x.com/Hidupsebagai62/status/2064707522078879832?s=20,2064707522078879832,2064770037660152276,"Kasus siswa keracunan rata-rata terjadi dijawa,
KENAPA?
Kualitas bahan dicari yang murah, porsi dikurangi, dan banyak faktor lain biar biaya murah, dan untung + gede, mental Jawa asal untung biar orang rugi, tidak punya malu tidak takut dosa, jangan kan MBG dana haji aja diembat.",['Hidupsebagai62'],Wed Jun 10 18:01:53 +0000 2026,264,4,13,0,34970.0,1887053864379326464,olangkayo,olangkaya_haiyaaa,7,False
https://x.com/PartaiSocmed/status/2079853104879837373?s=20,2079853104879837373,2079905129277653125,posisi apa nih yg diincer ?,['PartaiSocmed'],Wed Jul 22 12:23:20 +0000 2026,0,0,0,0,844.0,1171773580821979136,Pongko20,Pongko,21,False
https://x.com/Naandaa27/status/2079066649509142970?s=20,2079066649509142970,2079149648586093056,"Anggaran Ter Sunat
Harga menu Ter Sunat
Ehhhhh masih memanfaatin anak"" 

Bener"" Maling Berkedok Gizi",['Naandaa27'],Mon Jul 20 10:21:19 +0000 2026,5,1,0,0,134.0,335212065,LexMarteg,Mar Teg,3693,True
https://x.com/LambeSahamjja/status/2081381717244555418?s=20,2081381717244555418,2081396393852514749,mbg itu cuman buat jangka pendek bukan jangka panjang pengaruhnya mikirr,['LambeSahamjja'],Sun Jul 26 15:09:05 +0000 2026,0,0,0,0,87.0,1800332693235961856,Whoisthismanbru,Oky,511,True
https://x.com/LambeSahamjja/status/2080933139564949662?s=20,2080933139564949662,2081032849130668259,"ini terlalu memaksa, tanpa kajian akademisi atau para ahli, minimal perbaiki dlu infrastruktur pendidikan kemudian jalanin tu embege",['LambeSahamjja'],Sat Jul 25 15:04:29 +0000 2026,0,0,0,0,77.0,1530567443747569665,felixysle,calonorkay🥊,300,False
https://x.com/ardisatriawan/status/2080621729022693665?s=20,2080621729022693665,2080811663255835086,"Mas stop post konten seperti ini, hati kecil kami hancur.",['ardisatriawan'],Sat Jul 25 00:25:34 +0000 2026,0,0,0,0,5.0,1256348576,Ravenwest70,raven,938,True
https://x.com/Naandaa27/status/2077672020863533184?s=20,2077672020863533184,2077988386934243817,Mau sampai kapan kalian tutupi pasti muncul...krn bukan krn ikhlas kasih makan gratis tp untung rugi yg kalian utamakan...,['Naandaa27'],Fri Jul 17 05:26:53 +0000 2026,0,0,0,0,9.0,601631804,WiedWahyu,the GroVe,502,False
https://x.com/txtdrimedia/status/2079154852257513702?s=20,2079154852257513702,2079196299300339837,"Pantesan ga beres2 ini kemiskinan, lah orang2 dikabinet nya itu ga turun ke lapangan telusuri kawasan yg butuh diberdayakan dibenahi dan dibantu. Malah disuruh keluar negeri trus, ujung2nya healing lg pake duit APBN.",['txtdrimedia'],Mon Jul 20 13:26:42 +0000 2026,0,0,0,0,765.0,126854232,migumigu91,ミグ,59,False
https://x.com/ardisatriawan/status/2079031883900633488?s=20,2079031883900633488,2079143510108930178,buta sebuta butanya hati mereka,['ardisatriawan'],Mon Jul 20 09:56:56 +0000 2026,0,0,0,0,3.0,2070610568139124736,yoall100,Jando Rambo,1301,True
https://x.com/bersuwara_/status/2075762961818472514?s=20,2075762961818472514,2075867825349201989,iya udh naik hr ini 😂,['bersuwara_'],Sat Jul 11 09:00:31 +0000 2026,0,0,0,0,268.0,1065811345193332736,anjanialam,jani,272248,True
https://x.com/tempodotco/status/2079899270199595250?s=20,2079899270199595250,2079926641237905722,"Orang ini akan menghambur2kan duit lebih banyak lagi dan mengizinkan lebih banyak TNI dan Polri bikin SPPG sesukanua

Dan ujung2 @prabowo kembali dipecat secara tidak hormat karena BEGO ga maundengerin Nanik.",['tempodotco'],Wed Jul 22 13:48:49 +0000 2026,0,0,0,0,49.0,2023752904717524992,rizahariati,rizahariati,123,False
https://x.com/toe_giman/status/2077699532020957341?s=20,2077699532020957341,2077774133791015404,"mereka mereka itu beneran gamau bangsa ini cerdas yaa? kemaren ruang baca/perpustakaan yang dibongkar buat dijadiin kopdes, terus juga ada kasus sekolah roboh karena program MBG, mana harga bahan pokok naik gara gara MBG, bajingan semuanya yang jadi penyedia MBG dan kopdes, bodat",['toe_giman'],Thu Jul 16 15:15:31 +0000 2026,11,0,0,0,497.0,1490430361,daisydaisieday,nya,1122,False
https://x.com/BarisanOpOsisi/status/2076122669045719102?s=20,2076122669045719102,2076308837729235414,Nggak ada. Akal akalan aja itu,['BarisanOpOsisi'],Sun Jul 12 14:12:57 +0000 2026,2,0,0,0,15.0,2074437543576367104,MasTyo07MasTyom,Tyo,1183,True
https://x.com/Hidupsebagai62/status/2064707522078879832?s=20,2064707522078879832,2064819233528422730,Wahwahhh,['olangkayo'],Wed Jun 10 21:17:22 +0000 2026,10,0,0,0,24492.0,1031420690505785349,Hidupsebagai62,Hidup sebagai +62,16588,True
https://x.com/LambeSahamjja/status/2081381717244555418?s=20,2081381717244555418,2081585984299573435,Cacat otak atau NPD kaya si 🐷 pemimpin rezim 🐷?,['LambeSahamjja'],Mon Jul 27 03:42:27 +0000 2026,0,0,0,0,7.0,1689227944961708032,BebekWie2220,BebekWie,4,False
https://x.com/ARSIPAJA/status/1893601702273806465?s=20,1893601702273806465,1893637802077594096,"Padahal ada yg lebih murah, unit pengukuran dus https://t.co/ZhiCAXzi0Q",['ARSIPAJA'],Sun Feb 23 12:23:28 +0000 2025,22,2,0,0,13669.0,4634850618,inikucingya,Bukan Orang Tapi Kucing,324,False
https://x.com/PartaiSocmed/status/2079853104879837373?s=20,2079853104879837373,2080144494880817265,"Maksa² ya.....?
coba cek oknum² yg bikin teror ke dia jgn² orang di lingkaran yg berkuasa
maaf cuma opini bukan maksud nuduh² tak tentu hala",['PartaiSocmed'],Thu Jul 23 04:14:29 +0000 2026,0,0,0,0,48.0,1580222331309371392,kilik_panji,Panji,231,False
https://x.com/LambeSahamjja/status/2080933139564949662?s=20,2080933139564949662,2080958257783537733,Pernyataan seperti apa ini ? Yg bener z lah sekelas bakom begini. Mending gua lah jadi bakom kalau ngomong mikir dulu supaya gak polemik.,['LambeSahamjja'],Sat Jul 25 10:08:05 +0000 2026,0,0,0,0,208.0,1708455398804692992,skyblue889900,skyblue,26,False
https://x.com/ardisatriawan/status/2080621729022693665?s=20,2080621729022693665,2080713045781946629,"padahal tinggal keluarkan anggaran MBG 1% aja uda bagus dan layak itu jembatanya.

tapi pemerintah tidak mikir kesitu.",['ardisatriawan'],Fri Jul 24 17:53:42 +0000 2026,0,0,0,0,4.0,1435648883623743492,mhdfrdistwn,Ferdi Setiawan,2027,True
https://x.com/ardisatriawan/status/2079031883900633488?s=20,2079031883900633488,2079039007460368488,"Parah ya, maksa banget harus MBG",['ardisatriawan'],Mon Jul 20 03:01:40 +0000 2026,0,0,0,0,9.0,2006560318999375873,Bertahanmimpi,IDE-IDE,1046,True
https://x.com/Naandaa27/status/2079066649509142970?s=20,2079066649509142970,2079147967462961429,"Sungguh sangat keterlaluan! Anak SD malah disuruh angkut ompreng MBG naik tangga curam sejauh 300 meter? Itu jelas tugas petugas SPPG, bukan anak kecil yang seharusnya belajar &amp; bermain. Risiko jatuh, kepleset, atau cidera sangat besar. Bukannya membantu malah membahayakan anak &amp;",['Naandaa27'],Mon Jul 20 10:14:38 +0000 2026,7,0,0,0,680.0,1100943564802973696,kopiiaddict_,americano,2195,True
https://x.com/regar_op0sisi/status/2079741597135372765?s=20,2079741597135372765,2079859104101896534,Manusia sampah semua ngabisin duit rakyat,['regar_op0sisi'],Wed Jul 22 09:20:26 +0000 2026,0,0,0,0,15.0,2043942367028183040,Dibanmulu_taik,dibanmulu.taik,6,False
https://x.com/bersuwara_/status/2075762961818472514?s=20,2075762961818472514,2076002273944379698,https://t.co/7tg2bW7GZL,['bersuwara_'],Sat Jul 11 17:54:47 +0000 2026,0,0,0,0,252.0,1282350008960868353,KulineRain,KULINERAIN,22425,True
https://x.com/tempodotco/status/2079899270199595250?s=20,2079899270199595250,2080520044216541485,"tapi makan telur bisulan
https://t.co/9F6xDnFjm2",['tempodotco'],Fri Jul 24 05:06:47 +0000 2026,0,0,0,0,2.0,2064624358182752256,piala_talk,Voxteraa,1397,True
https://x.com/LambeSahamjja/status/2081381717244555418?s=20,2081381717244555418,2081553794530435223,Percuma guys dikasih tau juga otak nya gak nyampe,['LambeSahamjja'],Mon Jul 27 01:34:32 +0000 2026,0,0,0,0,6.0,1644725956903567361,litt9901,H a n i,397,True
https://x.com/Naandaa27/status/2077672020863533184?s=20,2077672020863533184,2077799345165135991,uang negara cuma diabisin buat bikin makanan beracun,['Naandaa27'],Thu Jul 16 16:55:42 +0000 2026,0,0,0,0,34.0,1245211490690297861,bubbleric3,fortune 𐙚˚ ༘🪻⋆,158,False
https://x.com/BarisanOpOsisi/status/2076122669045719102?s=20,2076122669045719102,2076253684573573252,Harga ayam murah bukan hanya anak skolah yg bisa makan ayam tapi sekeluarga bisa makan ayam yg dimasak secara baik oleh ibu siswa.. Bukan ayam yg rasa nya ga karuan,['BarisanOpOsisi'],Sun Jul 12 10:33:47 +0000 2026,2,0,0,0,68.0,769484621369126914,Muhamadalibaim,Muhamad ali akbar,45,False
https://x.com/Hidupsebagai62/status/2064707522078879832?s=20,2064707522078879832,2064735290359726300,"Jangan begitu dong, gimana nasib hewan hewan peliharaan saya yang biasanya selalu dapat gizi bagus dari sisa MBG.",['Hidupsebagai62'],Wed Jun 10 15:43:48 +0000 2026,228,6,11,1,33658.0,1856238805596155904,SiantoKoe,Sianto,210,False
https://x.com/txtdrimedia/status/2079154852257513702?s=20,2079154852257513702,2079195288418541610,"Sudah banyak yang mengkritisi pembagian konsesi pengelolaan hutan dan SDA negeri ini yang berujung pada hilangnya kekayaan alam dan kerusakan lingkungan. Respon pemerintah dari rezim ke rezim tetap sama, diam. Sama dengan kritik pada proyek MBG , tanggapannya ya diam.",['txtdrimedia'],Mon Jul 20 13:22:40 +0000 2026,0,0,0,0,560.0,970021670,Ibnu_Fatwa,Ibnu Fatwa,101,False
https://x.com/ARSIPAJA/status/1893601702273806465?s=20,1893601702273806465,1893633722697777497,"Kalau mau efisiensi yg efektif, perbaikan total ekatalog.
Harganya udah gak masuk akal, hampir disemua item.",['ARSIPAJA'],Sun Feb 23 12:07:16 +0000 2025,26,2,0,0,7075.0,393543552,mrhasanudin,Ridho.,269,False
https://x.com/LambeSahamjja/status/2080933139564949662?s=20,2080933139564949662,2081252912274280765,"Selama ini, MBG kalau dibagiin ke anak sekolah jam berapa sih? https://t.co/CkJbGBajoJ",['LambeSahamjja'],Sun Jul 26 05:38:56 +0000 2026,0,0,0,0,158.0,1173901168990248960,iqbalrivv,Iqbalrivv,66,False
https://x.com/ardisatriawan/status/2079031883900633488?s=20,2079031883900633488,2079345746047057988,"Lanjutkan 
Lanjutkan 
Dan gas ken kak
Demi mencegah kelaparan",['ardisatriawan'],Mon Jul 20 23:20:32 +0000 2026,0,0,0,0,4.0,1663688393304453121,bymas_88,@by.mas,3916,True
https://x.com/bersuwara_/status/2075762961818472514?s=20,2075762961818472514,2075890410963283984,"demi ngasih makan anak satu kali dengan dalil gizi, tapi yang dikorbankan satu indonesia termasuk orang tua si anak wkwk",['bersuwara_'],Sat Jul 11 10:30:16 +0000 2026,32,5,1,0,1361.0,1189313535949467648,Diabloiszmofe,Diablo💀,3520,True
https://x.com/regar_op0sisi/status/2079741597135372765?s=20,2079741597135372765,2080257184202736023,Dampak nyata buat masyarakat nih. Dapur MBG emang mantap buat buka peluang kerja baru. Semangat Pak! 💪,['regar_op0sisi'],Thu Jul 23 11:42:16 +0000 2026,0,0,0,0,3.0,1388145980177100802,PelyYt,AgentePelyYT,1,False
https://x.com/PartaiSocmed/status/2079853104879837373?s=20,2079853104879837373,2079952808951103879,"Kalau benar seperti itu, Hukum dinegara ini yg mandul tdk bisa memberi perlindungan atau  melindungi aparat  pemerintahnya...",['PartaiSocmed'],Wed Jul 22 15:32:47 +0000 2026,1,0,0,0,2285.0,1119806129469411328,LubisNovri,zinovic right,7,False
https://x.com/ardisatriawan/status/2080621729022693665?s=20,2080621729022693665,2080628231850590210,aman nanti di anterin pake motor mbg yang ampe sekarang gtau gak pernah kepake,['ardisatriawan'],Fri Jul 24 12:16:41 +0000 2026,0,0,0,0,9.0,1800332693235961856,Whoisthismanbru,Oky,511,True
https://x.com/LambeSahamjja/status/2081381717244555418?s=20,2081381717244555418,2081480865461444968,Cacat logika gak si itu,['LambeSahamjja'],Sun Jul 26 20:44:45 +0000 2026,0,0,0,0,19.0,2078632822395506688,Penamorf,Penamorf,65,True
https://x.com/tempodotco/status/2079899270199595250?s=20,2079899270199595250,2079899610370482523,@grok berikan background profesional beliau ini. Apa alasan beliau jadi kepala BGN yg baru,['tempodotco'],Wed Jul 22 12:01:24 +0000 2026,0,0,1,0,235.0,2029467476854243328,joosimns,Joo Simns,2742,True
https://x.com/Naandaa27/status/2079066649509142970?s=20,2079066649509142970,2079181082575220975,"tau anj, bocah² pada ngambil² nganterin ke kelas belom lagi balikin najisnya lagi tuh sppg cuma diem duduk doang kamprett dasar makan gaji buta doang, gaji ga sesuai sama kerjanya, sedangkan guru waktunya istirahat waktunya ngajar gara² ada mbg selalu telat ngajar",['Naandaa27'],Mon Jul 20 12:26:14 +0000 2026,6,0,0,0,579.0,1561126334575054849,xavierxy44,xavierxy,0,False
https://x.com/BarisanOpOsisi/status/2076122669045719102?s=20,2076122669045719102,2076199975642690013,"Siswa, guru,wali murid tak satupun yg kelaparan dan TDK ada yg protes.dan yg pasti aman dr keracunan.yg protes adl orang kaya yg punya dapur MBG dan pejabatnya yg cuan nya terhenti sementara.rapi mulai besuk mereka akan tertawa lagi dan berjoget ria dg teriakan ""oke Gasss Oke Gas",['BarisanOpOsisi'],Sun Jul 12 07:00:22 +0000 2026,2,0,0,0,142.0,1402222341564755975,AliMunt41989560,Ali Muntoha,55,False
https://x.com/Hidupsebagai62/status/2064707522078879832?s=20,2064707522078879832,2064818828098633738,"Anjem, hewan ya",['SiantoKoe'],Wed Jun 10 21:15:45 +0000 2026,46,0,0,0,26425.0,1031420690505785349,Hidupsebagai62,Hidup sebagai +62,16588,True
https://x.com/Naandaa27/status/2077672020863533184?s=20,2077672020863533184,2077966977818079524,Yg kek gini yg katanya negara lain belajar mbg dimarih? Halunya kelewatan luwo,['Naandaa27'],Fri Jul 17 04:01:48 +0000 2026,0,0,0,0,11.0,1744940909547094016,pink78303,Pink07black,60,False
https://x.com/ARSIPAJA/status/1893601702273806465?s=20,1893601702273806465,1893725392797667686,gak akan didengerin ama si gendut pembohong munafik ini @prabowo . mana mau peduli dia rakyat dikasi makanan basi 10rb dianya minum aja sebotol 30rb lebih. bener2 presiden badjingan dan partainya nirempati @Gerindra,['ARSIPAJA'],Sun Feb 23 18:11:32 +0000 2025,25,3,0,0,2730.0,1104029924,joen_samart,Joenjay,207,False
https://x.com/toe_giman/status/2077699532020957341?s=20,2077699532020957341,2077786604371079184,"Pertanyaannya, ini sekolah negeri apa swasta? 
Kalo negeri, kok bisa tanah negara dipake sama mitra yang bukan bagian pemerintahan?
Kalo swasta, emang yayasannya main MBG juga kah? Kok bisa ngasih tanahnya buat bikin dapur. Emang boleh, mitra MBG pakai yayasan?",['toe_giman'],Thu Jul 16 16:05:04 +0000 2026,8,0,0,0,604.0,237650003,setytm00,Tomo,175,False
https://x.com/menuembegejelek/status/2032285800097071555?s=20,2032285800097071555,2032706478222749763,Itu cocaine?,"['menuembegejelek', 'toodumbtodai']",Sat Mar 14 06:32:44 +0000 2026,0,0,0,0,11.0,1886734920028205056,jengkolsifu,Kesambet San,31,False
https://x.com/regar_op0sisi/status/2079741597135372765?s=20,2079741597135372765,2080193968068026662,Instansi lain gk butuh tuh,['regar_op0sisi'],Thu Jul 23 07:31:04 +0000 2026,0,0,0,0,3.0,2008436817708843008,ErzV86,vivid erz,0,False
https://x.com/bersuwara_/status/2075762961818472514?s=20,2075762961818472514,2075855264780366263,"Bahan makanan naik gara-gara MBG, yang ujung-ujungnya cuma jadi menu sad food buat anak-anak 🙁 https://t.co/NNNRhnL6hQ",['bersuwara_'],Sat Jul 11 08:10:37 +0000 2026,17,1,0,0,1268.0,877031313705807873,sikucingkuma,cimiw 🐈,3489,True
https://x.com/LambeSahamjja/status/2080933139564949662?s=20,2080933139564949662,2080984327773626550,"Kalau mau jujur lihat fakta dilapangan.itu bukan makanan bergizi,tapi makanan sampah",['LambeSahamjja'],Sat Jul 25 11:51:41 +0000 2026,0,0,1,0,117.0,1060390516083150849,Yopiluthfi2,yopiluthfi,1125,False
https://x.com/ardisatriawan/status/2079031883900633488?s=20,2079031883900633488,2079113046564508097,Luar biasa memang di konoha ini,['ardisatriawan'],Mon Jul 20 07:55:53 +0000 2026,0,0,0,0,9.0,2068912494257815552,MeloraSaragi,Melora Saragi,3248,True
https://x.com/kompascom/status/2077241661911130210?s=20,2077241661911130210,2077294055839654012,Liat komentar netizen mayoritas mendukung mogok bahkan  banyak juga yang menginginkan penutupan permanen 😆 di kira bakal pada takut kali yeee,['kompascom'],Wed Jul 15 07:27:51 +0000 2026,7,0,0,0,546.0,1714988126496776192,PRABUZFL,PRABUZFL,2,False
https://x.com/ardisatriawan/status/2080621729022693665?s=20,2080621729022693665,2080683675835130043,ini mah belajar taruhannya nyawaa yaallahh masa dikasih mbg aja sih minimal beasiswa ga si,['ardisatriawan'],Fri Jul 24 15:57:00 +0000 2026,0,0,0,0,10.0,1774643088226721792,futurewomann,alicee💐,3986,True
https://x.com/LambeSahamjja/status/2081381717244555418?s=20,2081381717244555418,2081549313889784189,siapa sih ini? ngejilat sampi daki dakinya,['LambeSahamjja'],Mon Jul 27 01:16:44 +0000 2026,0,0,0,0,5.0,1553774243808411649,ondutylei,leilei,1040,True
https://x.com/PartaiSocmed/status/2079853104879837373?s=20,2079853104879837373,2079867648310178089,"Spill aj siapa2, biar di gebuk sm APH..kl ga ya nanti kita gebuk rame2.. rakyat itu tetap pemegang kendali utama, jgn sampe turun ke jalanan",['PartaiSocmed'],Wed Jul 22 09:54:24 +0000 2026,0,0,0,0,1143.0,79004617,kerikill_13,DM,801,True
https://x.com/tempodotco/status/2079899270199595250?s=20,2079899270199595250,2079940097185878273,"Sudaryono mencatat lonjakan kenaikan harta kekayaan setelah menjadi menteri. Berdasarkan data LHKPN per 20 Januari 2025, Sudaryono memiliki total kekayaan bersih senilai Rp8,86 miliar. Jumlah tersebut meningkat menjadi Rp31 miliar dalam laporan terbaru disampaikan pada 29 Maret",['tempodotco'],Wed Jul 22 14:42:17 +0000 2026,0,0,0,0,43.0,2934603188,jibrotmaladi,Danis Maladi,11,False
https://x.com/txtdrimedia/status/2079154852257513702?s=20,2079154852257513702,2079208542138191920,Agar anak anak dan bumil sehat kasih lapangan kerja yg baik buat ortunya.,['txtdrimedia'],Mon Jul 20 14:15:20 +0000 2026,0,0,0,0,1002.0,1836773523660144641,ARYODWIPANGGA86,Armageddon,24,False
https://x.com/Naandaa27/status/2079066649509142970?s=20,2079066649509142970,2079178245925425401,"Anjg nih SPPG nya. Giliran gaji maju paling depan, kerja ga mau.
Anak-anak tugasnya belajar bukan angkut ompreng.
Ini bukan makan gratis namanya, tapi kerja dulu baru dikasih makan.",['Naandaa27'],Mon Jul 20 12:14:57 +0000 2026,5,0,0,0,395.0,1124218975,GltmIndah,Merica Batak,577,True
https://x.com/Beritasatu/status/2079148987916107847?s=20,2079148987916107847,2079209172013564369,"Otak gak nyambung yang diprotes boros MBG sumber korupsi dan keracunan, malah disuruh mikirin uang menguap 34 tahun lalu. Lah elu yang ngaku2 uang menguap &amp; elu presiden, kenapa suruh orang lain yg buktikan dan ngurusin?
Kalo minta orang lain yg ngurus ya elu turun dari presiden",['Beritasatu'],Mon Jul 20 14:17:51 +0000 2026,46,8,2,0,1373.0,1746941779000385536,wijayagopala,J Yosef Wijaya,74,False
https://x.com/LambeSahamjja/status/2079728084748738660?s=20,2079728084748738660,2079733615949418771,Wah tar siapa gantinya ya?,['LambeSahamjja'],Wed Jul 22 01:01:48 +0000 2026,2,0,1,0,29833.0,1118809820079869952,NoerLtf,TariMee🦋🎶,1091,True
https://x.com/ARSIPAJA/status/1893601702273806465?s=20,1893601702273806465,1893603147680972825,Mungkin pak @prabowo dan para pejabatnya muntah kalau minum air kendi,['ARSIPAJA'],Sun Feb 23 10:05:46 +0000 2025,24,0,4,0,25776.0,1345227650881622016,barry_all2n,Barry All2n,1877,False
https://x.com/Naandaa27/status/2077672020863533184?s=20,2077672020863533184,2078286005791318111,"Program prabowo tolol. Dah gitu aja
Cc @prabowo",['Naandaa27'],Sat Jul 18 01:09:31 +0000 2026,0,0,0,0,15.0,548471169,RiyadiMr2,RIYADI,431,False
https://x.com/BarisanOpOsisi/status/2076122669045719102?s=20,2076122669045719102,2076501489783369899,Yg kelaparan yg sebelah tuh,"['BarisanOpOsisi', 'HadiatiTeti']",Mon Jul 13 02:58:29 +0000 2026,2,0,0,0,9.0,1686730995796451329,Arman_Bujadhna,hajrah malika,235,False
https://x.com/LambeSahamjja/status/2081381717244555418?s=20,2081381717244555418,2081383075498664160,"logikanya ga nyampe di gue maap banget, justru harusnya mikir kenapa itu ortunya sampe harus nyuri ayam???",['LambeSahamjja'],Sun Jul 26 14:16:10 +0000 2026,0,0,0,0,125.0,2064177884609314816,kataricaa,rica,1620,True
https://x.com/Hidupsebagai62/status/2064707522078879832?s=20,2064707522078879832,2064760627114152116,STOP n BUBARKAN MBG &amp; KOPDES ‼️🔥‼️🔥‼️🔥🤬🤬🤬,['Hidupsebagai62'],Wed Jun 10 17:24:29 +0000 2026,225,0,1,0,12012.0,1474471220103954433,ArtOfMadLee,Art Of Mad Lee,53,False
https://x.com/txtdrimedia/status/2079154852257513702?s=20,2079154852257513702,2079471747339067812,"Dari sekian kata yg bikin kita emosi dan tambah emosi tiap dia pidato. Skrg kita simpulkan: biarkan saja suka² dia mau berbuat apa, kita rakyat tak bs berbuat apa², bentar lagi dia jg mati sendiri....",['txtdrimedia'],Tue Jul 21 07:41:13 +0000 2026,0,0,0,0,45.0,941856468122312704,beban_netijen,Anteck Asieng,18,False
https://x.com/toe_giman/status/2077699532020957341?s=20,2077699532020957341,2077747539886162358,"Mantap Kali Ah bapak kita ya Om @ekowboy2 
@DPR_RI @DPDRI 
Gak malu kah kalian makan Gaji dari Pajak Rakyat?",['toe_giman'],Thu Jul 16 13:29:50 +0000 2026,3,1,0,0,568.0,263721978,RajaFadhil,LongLifeStudy,368,False
https://x.com/bersuwara_/status/2075762961818472514?s=20,2075762961818472514,2075876749049831617,"Asli, minggu kmren beli paha pentung 1kg harga 23rbu. Minggu ini beli ayam 1kg harga 36ribu🫢☺️ yg kek gini kok bisa ya rakyat mau2 aja disuruh demo dukung MBG. Pdhal duit bayarannya jg paling ga cukup buat belanja makanan sebulan",['bersuwara_'],Sat Jul 11 09:35:59 +0000 2026,11,0,0,0,1046.0,1500223367332634625,cara_macch,caramelmacch,12,False
https://x.com/tempodotco/status/2079899270199595250?s=20,2079899270199595250,2079939240838980073,Nyindir nanik s,['tempodotco'],Wed Jul 22 14:38:53 +0000 2026,0,0,0,0,18.0,1942495461866364930,TvSaya294171,Tv Saya,1,False
https://x.com/LambeSahamjja/status/2080933139564949662?s=20,2080933139564949662,2081158223244198255,"yamal itu gak mikir sekolah formal, sekolah bola cukup mengajarkan bola...dengan nilai-nilai penting kehidupan, bukan diajari ipa ips matematika dsb",['LambeSahamjja'],Sat Jul 25 23:22:41 +0000 2026,0,0,0,0,864.0,1875905852,sociofanilo,wabi-sa8i,1226,False
https://x.com/kompascom/status/2077241661911130210?s=20,2077241661911130210,2077335832973701575,"Tutup aja sekalian kami rakyat ga butuh MBG...lebih baik sekolahnya aja di perbaiki,gratis dan guru terjamin...mutu kualitas pendidikan di utamakan...lapangan kerja untuk bapaknya ga harus kerja di MBG juga...dunia usaha stabil lancar...tutup MBG!!!",['kompascom'],Wed Jul 15 10:13:52 +0000 2026,7,0,0,0,382.0,1944989007194300416,mas_oo25,Mas Soros,18,False
https://x.com/regar_op0sisi/status/2079741597135372765?s=20,2079741597135372765,2079985478372377030,MUAK DENGAN MBG... GAK BERGUNA,['regar_op0sisi'],Wed Jul 22 17:42:36 +0000 2026,0,0,0,0,9.0,1532125857140985856,armablack1980,Komodo,0,False
https://x.com/ardisatriawan/status/2080621729022693665?s=20,2080621729022693665,2080626711063142446,"Woalah biar kecapean dulu ntar disana dikasih makan, pinter banget ya mereka",['ardisatriawan'],Fri Jul 24 12:10:38 +0000 2026,0,0,0,0,27.0,2023208228558082048,fitra_luth9801,Innocent,4935,True
https://x.com/txtdrimedia/status/2079189585167532416?s=20,2079189585167532416,2079204578730680826,"Kalo emang di luar perkiraan, artinya dari awal kurang riset lapangan sebelum eksekusi program besar. Dan gimana mau beres kalau diagnosanya tepat tapi resep obatnya salah sasaran?",['txtdrimedia'],Mon Jul 20 13:59:35 +0000 2026,2,0,0,0,569.0,1216921594141896704,cheesebursttd,Chocolate,1478,True
https://x.com/kompascom/status/2079198548089041058?s=20,2079198548089041058,2079549069786288464,pak prabowo bilang saya diserang karena mbg dengan sangat jujur dan kejujuran itu adalah cara beliau untuk kasih rakyat context yg selama ini mungkin tidak mereka punya tentang kenapa program prioritasnya terus dikritik,['kompascom'],Tue Jul 21 12:48:29 +0000 2026,0,0,0,0,20.0,2013826017207705600,Nurayni280997,Nurayni,0,False
https://x.com/LambeSahamjja/status/2081381717244555418?s=20,2081381717244555418,2081588373769310530,lah itu mah nanti anaknya doang yg dpt makan sedangkan ortunya dapet gak???? hadeh ya bener dong buka lapangan pekerjaan,['LambeSahamjja'],Mon Jul 27 03:51:57 +0000 2026,0,0,0,0,4.0,2042950935056650245,acappeu,caca 🍓,791,True
https://x.com/txtdrimedia/status/2079154852257513702?s=20,2079154852257513702,2079289564813054454,"MBG itu praktek pembocoran kekayaan terang-terangan sih menurut saya. Targetnya bukan anak-anak lagi sekarang, mereka sudah menyerah membuat anak2 mau memakannya, mereka mulai berpikir efisiensi bagaimana makin menghemat makanan yg bakal dibuang itu.",['txtdrimedia'],Mon Jul 20 19:37:18 +0000 2026,1,0,0,0,80.0,1683747166072999941,ArisNurOne,Aris Nurone,21,False
https://x.com/Naandaa27/status/2079066649509142970?s=20,2079066649509142970,2079151122317812119,Gimana ini ceritanya? @basuki_btp @DPDRI 😡🤬🇮🇩,['Naandaa27'],Mon Jul 20 10:27:10 +0000 2026,1,1,1,0,123.0,967969138676125696,AnggodoJosh,Josh Ratu ⭐⭐⭐,690,False
https://x.com/Beritasatu/status/2079148987916107847?s=20,2079148987916107847,2079343791686004918,"Maunya menang sendiri jadi presiden,terus kenapa anda menyuruh polisi menangkap journalist yang bongkar keracunan MBG.
Disaat anak"" keracunan pak @prabowo nggak peduli.Dan saya tidak melihat anda semarah disini,saat orang mengusik MBG ANDA🤔
katanya peduli untuk anak??? https://t.co/oEJ55c4dNJ",['Beritasatu'],Mon Jul 20 23:12:46 +0000 2026,29,13,3,1,1947.0,1762745328741343232,eratWYH1203,Wendy☀️Existential Crisis😎🤘🤪,72,False
https://x.com/Naandaa27/status/2077672020863533184?s=20,2077672020863533184,2077733767750590606,Ini terbaru Kak? Adegan horor diulang... Astaga,['Naandaa27'],Thu Jul 16 12:35:07 +0000 2026,0,0,0,0,77.0,17417729,andinie,Andinie Sunjayadi 🇮🇩🇵🇸,787,True
https://x.com/Hidupsebagai62/status/2064707522078879832?s=20,2064707522078879832,2064818996369850872,Nah ini complete,['ArtOfMadLee'],Wed Jun 10 21:16:25 +0000 2026,15,0,0,0,10445.0,1031420690505785349,Hidupsebagai62,Hidup sebagai +62,16588,True
https://x.com/BarisanOpOsisi/status/2076122669045719102?s=20,2076122669045719102,2076208750386643431,Ga ada .yg kelaparan  pemilik dapur mbg,['BarisanOpOsisi'],Sun Jul 12 07:35:14 +0000 2026,2,0,0,0,78.0,1786403042331705344,arsaniarsa48950,arsani arsani,2,False
https://x.com/ARSIPAJA/status/1893601702273806465?s=20,1893601702273806465,1893640127643107556,"wow mereka memang sangat efisienShit. paling nanti di klarifikasi kalau itu pake budget pribadi. disaat yg laen lomba efisien, cuma belio yg boleh boros2.. dimana etik?  ndasmu etik 🤣",['ARSIPAJA'],Sun Feb 23 12:32:43 +0000 2025,21,0,0,0,3888.0,77911133,anwar_awai,Anwar Reds🔻,76,False
https://x.com/menuembegejelek/status/2032285800097071555?s=20,2032285800097071555,2032299756014485747,itu serbuk putih sabu ya,"['menuembegejelek', 'toodumbtodai']",Fri Mar 13 03:36:34 +0000 2026,0,0,0,0,203.0,1736290574465126400,mekkerburner,ikyyyy (lagi berserah diri),5480,False
https://x.com/LambeSahamjja/status/2081381717244555418?s=20,2081381717244555418,2081555942529994875,Ya itu karena dia nggak ada pekerjaan deh,['LambeSahamjja'],Mon Jul 27 01:43:04 +0000 2026,0,0,0,0,6.0,2056815308220809217,KuliHarian82490,KULI HARIAN,3184,True
https://x.com/PartaiSocmed/status/2079853104879837373?s=20,2079853104879837373,2079869140953891084,Maksudnya mereka menagih janji bukan teror.,['PartaiSocmed'],Wed Jul 22 10:00:19 +0000 2026,1,0,0,0,2642.0,1063229982736957440,sasnowohari,HSI ®,140,False
https://x.com/LambeSahamjja/status/2079728084748738660?s=20,2079728084748738660,2079739911268368572,purnawirawan masih banyak tuh,['NoerLtf'],Wed Jul 22 01:26:49 +0000 2026,32,0,2,0,26385.0,1772323119111487490,LambeSahamjja,Lambe Saham,72346,True
https://x.com/txtdrimedia/status/2079154852257513702?s=20,2079154852257513702,2079394268029063431,ini yg di maksud kredit trilyunan? sedangkan warga biasa mau minta kredit susah bener. https://t.co/x4nsAiRWml,['txtdrimedia'],Tue Jul 21 02:33:21 +0000 2026,0,0,0,0,12.0,1588210771539898368,jeffrysanjaya38,"Biras .ink base.eth π² (❖,❖) | ETHGas ⛽",337,False
https://x.com/Naandaa27/status/2079066649509142970?s=20,2079066649509142970,2079164078711509393,"ini relawan sppg kerjanya ngapain? di sekolah2 lain guru2 disuruh bagiin dan ngitungin ompreng, disini malah lebih parah siswa nya yang masih SD jelas2 malah disuruh bawa2 ompreng naik turun tangga curam?? niat ga sih bagiin MBG nya?",['Naandaa27'],Mon Jul 20 11:18:40 +0000 2026,4,0,0,0,165.0,1605038726853193728,altiast,Din,672,False
https://x.com/toe_giman/status/2077699532020957341?s=20,2077699532020957341,2077733179545592213,"Mereka tidak peduli pendidikan,  pemerintah hanya mementingkan MBG dan kopdes, sad 😢💔",['toe_giman'],Thu Jul 16 12:32:47 +0000 2026,2,0,0,0,525.0,1496072105477419010,AtmajaGallant,M. Gallant Atmaja,0,False
https://x.com/kompascom/status/2077241661911130210?s=20,2077241661911130210,2077336948356637181,mogok sana...sekalian berhenti sekalian....gak ngaruh!!! butuh kerjaan biar bisa kasih nafkah anak istri...ini negara malah ngasih nafkah orang orang kaya!! https://t.co/mnwsCm9SzU,['kompascom'],Wed Jul 15 10:18:18 +0000 2026,7,0,0,0,4123.0,1799927529396129792,jualmobilsolo13,🅳🆄🅻🆄 🆂🅰🆈🅰 🅷🅸🅶🅷🅻🅰🅽🅳🅴🆁,64,False
https://x.com/tempodotco/status/2079899270199595250?s=20,2079899270199595250,2079962508723736844,Prabowo tunjuk Sudaryono sebagai Kepala BGN definitif. Nanik sudah resmi mundur hari ini.,['tempodotco'],Wed Jul 22 16:11:20 +0000 2026,0,0,0,0,22.0,1994729185592688640,OtskieLabs,Otskie,2562,False
https://x.com/regar_op0sisi/status/2079741597135372765?s=20,2079741597135372765,2080287448027042263,Tai audit dulu donk cukkk,['regar_op0sisi'],Thu Jul 23 13:42:32 +0000 2026,0,0,0,0,2.0,1973168397769908230,CHORP196516,@CHORP,2,False
https://x.com/txtdrimedia/status/2079189585167532416?s=20,2079189585167532416,2079199107982504433,"lah pada liat dia debat capres ga sih? udah tau dari ketiga calon, dia yang paling bego",['txtdrimedia'],Mon Jul 20 13:37:51 +0000 2026,3,0,0,0,293.0,1298490649419759617,Xdevilhun,TUYUL APBN,91,False
https://x.com/kompascom/status/2079198548089041058?s=20,2079198548089041058,2079542510704320705,pak prabowo bilang saya diserang karena mbg dengan sangat jujur dan kejujuran itu adalah cara beliau untuk kasih rakyat context yg selama ini mungkin tidak mereka punya tentang kenapa program prioritasnya terus dikritik,['kompascom'],Tue Jul 21 12:22:25 +0000 2026,0,0,0,0,24.0,2013676091362418691,astariana52,astariana,0,False
https://x.com/LambeSahamjja/status/2081381717244555418?s=20,2081381717244555418,2081381995981189338,Makin kesini makin heran aja yaa bang yaa,['LambeSahamjja'],Sun Jul 26 14:11:52 +0000 2026,0,0,0,0,108.0,1660310605566447616,Ikha99Ikha,Rizka Ikha,699,True
https://x.com/ardisatriawan/status/2080621729022693665?s=20,2080621729022693665,2080891172411842562,Mana liat si owo mah tau nya urusan perut doang makanya gembrot,['ardisatriawan'],Sat Jul 25 05:41:31 +0000 2026,0,0,0,0,8.0,1159703751365578752,HargiPratama,Agi Pratama,2616,True
https://x.com/txtdrimedia/status/2079154852257513702?s=20,2079154852257513702,2079206480734310876,"bapak, SDGs ini sebisa mungkin semuanya berjalan berbarengan, gabisa satu yang dioptimalkan dulu karena semuanya saling terhubung. terus menurutmu, no poverty ini dilihat dari apa biar teratasi? jelas pekerjaan yang layak. nah baru masuk nomor 2: zero hunger, ini hubungan sama 1.",['txtdrimedia'],Mon Jul 20 14:07:09 +0000 2026,0,0,0,0,299.0,1874431332862038016,LuminaryCC,Cici aja❤️✨,140,False
https://x.com/Beritasatu/status/2079148987916107847?s=20,2079148987916107847,2079209008607699357,https://t.co/opIC9VqlVS,['Beritasatu'],Mon Jul 20 14:17:12 +0000 2026,35,4,1,0,989.0,842371877502771200,HyangJagadPr,Hyang Jagad Pratingkah,113,False
https://x.com/LambeSahamjja/status/2080933139564949662?s=20,2080933139564949662,2081013928696689041,"Jika Yamal makan MBG, dia gak akan jadi pemain bola hemat, dia mentok hanya akan jadi admin parpol...

🤣🤣🤣🤣",['LambeSahamjja'],Sat Jul 25 13:49:18 +0000 2026,0,0,0,0,39.0,957866722844815360,jepara123456,GELAP,137,False
https://x.com/Hidupsebagai62/status/2064707522078879832?s=20,2064707522078879832,2064708193641791679,Aku setuju sih hanya mesti dipikirkan pekerja yg biasa kerja di mbg akan jadi tidak ada pekerjaan apakah nantinya akan bermasalah jika banyak pegawai yg jadi pengangguran??,['Hidupsebagai62'],Wed Jun 10 13:56:08 +0000 2026,41,1,29,2,56100.0,975006889812541441,apt_besar,apt.rafi,4873,True
https://x.com/ARSIPAJA/status/1893601702273806465?s=20,1893601702273806465,1893623310803497276,"pidato berapi2, mau mati buat anak negeri..ternyata tak lebih hanya orang serakah antek oligarki",['ARSIPAJA'],Sun Feb 23 11:25:53 +0000 2025,20,0,0,0,891.0,409095213,kesepian_ku,abe,448,False
https://x.com/Naandaa27/status/2077672020863533184?s=20,2077672020863533184,2078021488620552307,Itu bagian dr toping embege,['Naandaa27'],Fri Jul 17 07:38:25 +0000 2026,0,0,0,0,10.0,1034239812,andre_noronbae,#PAPAZEZELALA,62,False
https://x.com/menuembegejelek/status/2032285800097071555?s=20,2032285800097071555,2032305600319930657,yang satu demi anak yang satu demikian,"['menuembegejelek', 'toodumbtodai']",Fri Mar 13 03:59:48 +0000 2026,0,0,0,0,66.0,1189313535949467648,Diabloiszmofe,Diablo💀,3520,True
https://x.com/PartaiSocmed/status/2079853104879837373?s=20,2079853104879837373,2079894477318287517,"Harusnya dah jelas terjadi Scandals ya Tutup aja,masa program penuh Scndals di terusin .... TUTUP !",['PartaiSocmed'],Wed Jul 22 11:41:00 +0000 2026,0,0,0,0,427.0,1950057179089911808,DeblengSya44130,Debleng Syarif,59,False
https://x.com/toe_giman/status/2077699532020957341?s=20,2077699532020957341,2077886479955865801,"Kok tolol sih
Yg namanya sekolah itu tempat untuk mencari ilmu, tempat ngajar mengajar bukan utk masak2.
Anggaran udh paling besar smp2 anggaran pendidikam diambil smp2 dipelosok banyak yg  lbh penting dri MBG ( sekolah rusak, ga ada jembatan, jalan rusak ) .
MBG ittu biang korup",['toe_giman'],Thu Jul 16 22:41:56 +0000 2026,1,0,0,0,172.0,1321774693259472897,Kucinganggora_8,Rose_Berduri,2418,False
https://x.com/BarisanOpOsisi/status/2076122669045719102?s=20,2076122669045719102,2076228763407601745,Yg ada investor kelaparan...,['BarisanOpOsisi'],Sun Jul 12 08:54:46 +0000 2026,2,0,0,0,18.0,118058241,vanzhule,yu-na*でございまSwimmy🐟,1,False
https://x.com/LambeSahamjja/status/2079728084748738660?s=20,2079728084748738660,2079770637166641373,"Btw, sebagai komisaris pertamina mundur nggak?",['LambeSahamjja'],Wed Jul 22 03:28:54 +0000 2026,3,1,0,0,336.0,1793234531774058496,listyantidewi,listyantidewi,9285,True
https://x.com/txtdrimedia/status/2079154852257513702?s=20,2079154852257513702,2079192405186867212,"Beliau hidup di tahun berapa sebenarnya

https://t.co/Fa0R4QX3ZF",['txtdrimedia'],Mon Jul 20 13:11:13 +0000 2026,0,0,0,0,534.0,1079734702414516225,sibambaang,Bambang,8548,True
https://x.com/bersuwara_/status/2075762961818472514?s=20,2075762961818472514,2075955878935891979,"Lucunya, yang disebut program membantu rakyat malah ikut mengerek harga bahan pangan. Kalau benar permintaan naik karena intervensi pemerintah, harusnya diimbangi dengan pasokan yang cukup. Kalau enggak, yang kena ya masyarakat yang beli pakai uang sendiri.",['bersuwara_'],Sat Jul 11 14:50:25 +0000 2026,9,0,0,0,320.0,1583042272769155072,_fznnnn,Oposisi,5271,True
https://x.com/Beritasatu/status/2079148987916107847?s=20,2079148987916107847,2079247814643822888,"Asu memang kau tua bangka @prabowo . Dari dl para pakar Kwik kian gie, rizal ramli, faisal basri protes tp kau kan minggat ke yordania bukan pemangku kekuasaan. Skrg kau baru bangun kesiangan teriak2 nyalahin pakar. Biadab kau wowo tukang joged bagian oligarki jg kau",['Beritasatu'],Mon Jul 20 16:51:24 +0000 2026,29,5,0,0,673.0,125041529,Fauzan_Riyadi,Fauzan Riyadi,31,False
https://x.com/Hidupsebagai62/status/2064707522078879832?s=20,2064707522078879832,2064818617682968973,"Itu cuma antek2 aja Kak, sbelm ada mbg aman sentosa aja",['apt_besar'],Wed Jun 10 21:14:55 +0000 2026,83,0,5,0,45073.0,1031420690505785349,Hidupsebagai62,Hidup sebagai +62,16588,True
https://x.com/LambeSahamjja/status/2080933139564949662?s=20,2080933139564949662,2080969374760911138,https://t.co/51zkYiluC7,['LambeSahamjja'],Sat Jul 25 10:52:16 +0000 2026,2,0,0,0,1078.0,476615752,agay13,agay,1,False
https://x.com/kompascom/status/2077241661911130210?s=20,2077241661911130210,2077285152368247140,"Alhamdulillah. Biar harga telur, ayam, wortel, timun, selada, dll &amp; stok susu UHT plain balik normal lagi",['kompascom'],Wed Jul 15 06:52:29 +0000 2026,7,0,2,0,2239.0,375022875,dijelubis,majin buu,48,False
https://x.com/Naandaa27/status/2079066649509142970?s=20,2079066649509142970,2079154097396281725,Allahu Akbar. Jahat banget itu SPPGnya. Menurut gw mereka zalim ke anak-anak. Penasaran isi ompreng deh.,['Naandaa27'],Mon Jul 20 10:39:00 +0000 2026,3,0,0,0,121.0,1501614406798815233,scribbleheals,Ran (⁠*⁠❛⁠‿⁠❛⁠)⁠→,977,True
https://x.com/regar_op0sisi/status/2079741597135372765?s=20,2079741597135372765,2080257876468412553,"Asli, salut banget! Lapangan pekerjaan terbuka buat warga lokal, jadi ekonomi lingkungan sekitar juga ikutan hidup. 👏",['regar_op0sisi'],Thu Jul 23 11:45:01 +0000 2026,0,0,0,0,4.0,1344005118950256642,Fv62995724,Fv,0,False
https://x.com/tempodotco/status/2079899270199595250?s=20,2079899270199595250,2080166668509262116,"Saya tak punya dapur MBG. 
Gue : Peduli amat.",['tempodotco'],Thu Jul 23 05:42:36 +0000 2026,0,0,0,0,8.0,2023061173638459392,Presiden2nd,Presiden Seken 🇮🇷🇮🇩,24,False
https://x.com/LambeSahamjja/status/2081381717244555418?s=20,2081381717244555418,2081589342666187195,keren,['LambeSahamjja'],Mon Jul 27 03:55:48 +0000 2026,0,0,0,0,5.0,2077020597008359424,elgiluyyy,Gilga,46,True
https://x.com/txtdrimedia/status/2079189585167532416?s=20,2079189585167532416,2079340341300449647,"Umur udh 70an, 
4 kali ikut pemilu, 
Msh bilant ""saya sendiri tidk menduga bbrapa prmasalahan itu diluar perkiraaan""

KONYOL",['txtdrimedia'],Mon Jul 20 22:59:04 +0000 2026,2,0,0,0,109.0,702468770,aruleonn,Eon,429,False
https://x.com/kompascom/status/2079198548089041058?s=20,2079198548089041058,2079536470885552341,pak prabowo bilang saya diserang karena mbg dan itu adalah transparency tertinggi dari pemimpin yg tidak mau hide behind spin doctor tapi mau rakyat tau kondisi sesungguhnya yg dia hadapi dalam defend programnya,['kompascom'],Tue Jul 21 11:58:25 +0000 2026,0,0,0,0,27.0,1405962392,talyon69,toni,0,False
https://x.com/ardisatriawan/status/2080621729022693665?s=20,2080621729022693665,2080633509987938732,lulus sekolah jadi atlet ninja warrior,['ardisatriawan'],Fri Jul 24 12:37:39 +0000 2026,0,0,0,0,7.0,263040921,Jenggostars,Papa Jenggo,1345,True
https://x.com/Beritasatu/status/2079148987916107847?s=20,2079148987916107847,2079205072492445956,"Niat baiknya Kami Hargai dan Apresiasi

Tapi prosesnya nggak bener Pak @prabowo

TIDAK PERLU ADA #BGN dan #SPPG yg menguras anggaran

Berdayakan kantin sekolah dan Orang tua siswa

Kan ada Kementerian pangan dan Kesehatn, mereka di sudah digajiEAKYAT untuk mikirin yg beginian",['Beritasatu'],Mon Jul 20 14:01:33 +0000 2026,22,7,1,0,1139.0,2408810690,TheUncleDee,#TuanⓂuda™,931,False
https://x.com/Hidupsebagai62/status/2064707522078879832?s=20,2064707522078879832,2064771564453900467,"Dari kmrn2 jg gt kali ahh, klo MBG libur harga pasar stabil atau turun. Aku ga kesulitan cari susu FC or plain. Telur turun harga se ayam2nya jg.",['Hidupsebagai62'],Wed Jun 10 18:07:57 +0000 2026,37,0,1,0,6261.0,531321912,ichazura,Azura ✨🍀,1487,True
https://x.com/menuembegejelek/status/2032285800097071555?s=20,2032285800097071555,2032664778490175993,Keinget dagangan ibuku juga 10ribu 😁 way better than what MBG can serve. https://t.co/CVLFKFidcw,"['menuembegejelek', 'toodumbtodai']",Sat Mar 14 03:47:02 +0000 2026,3,0,0,0,92.0,1839314395526213633,eatnasgor,ᶻ 𝗓 𐰁 .ᐟ,11,False
https://x.com/PartaiSocmed/status/2079853104879837373?s=20,2079853104879837373,2079881355543126357,Terus akhirnya dibuka kah? Wah bener bner dilema ya pemerintah,['PartaiSocmed'],Wed Jul 22 10:48:52 +0000 2026,0,0,0,0,3958.0,907331960,kicau_id,Suka-Suka X,4831,True
https://x.com/ARSIPAJA/status/1893601702273806465?s=20,1893601702273806465,1893629467572011422,"Miris njir,ketika para pejabat berfoya-foya apa lg seorang kepala negara dimana rakyatnya buat makan dan cari kerja aja susah mereka terlalu berfoya-foya,jauh sekali dari kata ""Sederhana"" 😐",['ARSIPAJA'],Sun Feb 23 11:50:21 +0000 2025,17,0,0,0,7334.0,1133439062251978752,seringanawan_,Jhon Indra,123,False
https://x.com/LambeSahamjja/status/2079728084748738660?s=20,2079728084748738660,2079801734587891915,Ibu kenapa tiba-tiba jantungan??,['LambeSahamjja'],Wed Jul 22 05:32:29 +0000 2026,0,0,0,0,360.0,607941256,KampusUpdate,Kampus Update,181831,True
https://x.com/Hidupsebagai62/status/2064707522078879832?s=20,2064707522078879832,2064819340818735308,Efeknya mbg beneran kmana2,['ichazura'],Wed Jun 10 21:17:47 +0000 2026,6,0,0,0,4404.0,1031420690505785349,Hidupsebagai62,Hidup sebagai +62,16588,True
https://x.com/Naandaa27/status/2077672020863533184?s=20,2077672020863533184,2077717968302293176,"harusnya cek dapur, sy curiga banyak lalat",['Naandaa27'],Thu Jul 16 11:32:20 +0000 2026,0,0,0,0,109.0,1135526713,tkgit1,Noeg Waskito,302,False
https://x.com/kompascom/status/2077241661911130210?s=20,2077241661911130210,2077314293968838996,"ywd biarin aja tutup masal, masyarakat ga rugi ko",['kompascom'],Wed Jul 15 08:48:16 +0000 2026,6,0,0,0,217.0,1606647555533996032,ChasanAmp,and🔥🔥🔥,35,False
https://x.com/Beritasatu/status/2079148987916107847?s=20,2079148987916107847,2079196787806797995,"Yang bawa lari para Pengusaha bersama elit Penguasa dan pejabat negara yg  anda omelin masyarakat, anda kalau tak pandai mengelola negara sebaiknya mundur dan itu lebih baik. Tapi jika masih mau anda harus banyak terima masukan bukannya keras kepala, Krn negara ini punya rakyat.",['Beritasatu'],Mon Jul 20 13:28:38 +0000 2026,29,3,0,0,962.0,2042036490134265856,Prajurit05,Kang Bebas,5,False
https://x.com/Naandaa27/status/2079066649509142970?s=20,2079066649509142970,2079111827028668890,Perbudakan hrs segera dihapuskan. Pemilik SPPG hrs bayar dengan denda 10x lipat. Segera ke org tua siswa SD.,['Naandaa27'],Mon Jul 20 07:51:02 +0000 2026,4,0,0,0,467.0,368912002,dr_arts23,The Intelligent,44,False
https://x.com/regar_op0sisi/status/2079741597135372765?s=20,2079741597135372765,2080272434360373420,"Keren banget, Pak! Lapangan kerja makin banyak, anak-anak juga terjamin gizinya. Paket komplit! ✅",['regar_op0sisi'],Thu Jul 23 12:42:52 +0000 2026,0,0,0,0,3.0,93173901,neverender12,paulo fajardo,1,False
https://x.com/BarisanOpOsisi/status/2076122669045719102?s=20,2076122669045719102,2076548854703624567,"yang kelaparan

-Tikus-Tikus di BGN
-Pengelola SPPG
-DANANTARA
-PARCOK
-Buzzer

this is ttrue..

@prabowo 

https://t.co/PTMllDtUEb",['BarisanOpOsisi'],Mon Jul 13 06:06:42 +0000 2026,1,0,0,0,70.0,2408810690,TheUncleDee,#TuanⓂuda™,931,False
https://x.com/tempodotco/status/2079899270199595250?s=20,2079899270199595250,2080132386763964465,"sumpah? awas ye kalau ketahuan bohong, rompinya berubah jadi oren nanti wkwk",['tempodotco'],Thu Jul 23 03:26:22 +0000 2026,0,0,0,0,7.0,2071140011156934656,natsenatt,godelieve's.,1076,True
https://x.com/txtdrimedia/status/2079154852257513702?s=20,2079154852257513702,2079247098764316940,Dia kok bebal banget yah.. asliii... Keras banget kepalanya!!!!!,['txtdrimedia'],Mon Jul 20 16:48:33 +0000 2026,0,0,0,0,84.0,1242056165074169857,Jonihuang_,Agak laen orangnya,46,False
https://x.com/ardisatriawan/status/2080621729022693665?s=20,2080621729022693665,2080625559944749065,Brngkat sekolah taruhannya nyawa😭,['ardisatriawan'],Fri Jul 24 12:06:04 +0000 2026,0,0,0,0,13.0,1532122316745756673,alpha_mousa,Alpha Mousa,3146,True
https://x.com/txtdrimedia/status/2079189585167532416?s=20,2079189585167532416,2079198558004379872,Nambah satu lagi nanti sekolah rakyat,['txtdrimedia'],Mon Jul 20 13:35:40 +0000 2026,4,0,0,0,320.0,318274209,dosenkesmas,MinDos,24869,True
https://x.com/LambeSahamjja/status/2080933139564949662?s=20,2080933139564949662,2081187319940522238,Ga punya keahlian berpikir kritis dan analisa masalah ya para petinggi ini? 😢,['LambeSahamjja'],Sun Jul 26 01:18:18 +0000 2026,0,0,0,0,750.0,1826199181347921920,Rani_ekarani,rani_eka,0,False
https://x.com/toe_giman/status/2077699532020957341?s=20,2077699532020957341,2077899963523309607,"Program Mulyono yg di paksakan di era Rezim Sekarang,  dia duduk di kursi Goyang Tanpa Beban",['toe_giman'],Thu Jul 16 23:35:31 +0000 2026,1,0,0,0,43.0,1181874175129968641,TerongU72356816,TerongUngu,2841,False
https://x.com/Hidupsebagai62/status/2064707522078879832?s=20,2064707522078879832,2064778145098805626,Harus nya kalau udah kelihatan gini bisa mikir sih wowo,['Hidupsebagai62'],Wed Jun 10 18:34:06 +0000 2026,24,0,5,0,5335.0,1512917935761014785,emudinpro,emudin,5569,False
https://x.com/LambeSahamjja/status/2079728084748738660?s=20,2079728084748738660,2079740454833369473,"posisi kepala bgn nih posisi basah sekaligus ngeri2 sedap. udah banyak kepentingan lintas instansi di baliknya. kalo ga punya power bakal digoyang kanan kiri. apalagi k/l baru, pasti jadi rebutan",['LambeSahamjja'],Wed Jul 22 01:28:58 +0000 2026,13,2,0,0,3046.0,2068992184934866944,shiftmalem_,ricoo,1475,True
https://x.com/kompascom/status/2079198548089041058?s=20,2079198548089041058,2079578682398744695,pak prabowo diserang karena mbg dan itu akan selalu jadi salah satu kalimat paling powerful dalam sejarah kepemimpinan indonesia karena nunjukin dengan sangat jelas siapa yg berpihak ke rakyat dan siapa yg tidak 🥹,['kompascom'],Tue Jul 21 14:46:09 +0000 2026,0,0,0,0,12.0,1586686770,katysorbo,caterina sorbo,0,False
https://x.com/LambeSahamjja/status/2081381717244555418?s=20,2081381717244555418,2081509108650582485,Aneh emang itu si menantu,['LambeSahamjja'],Sun Jul 26 22:36:58 +0000 2026,0,0,0,0,14.0,1755218768039723008,Unik_q1,Unik,2906,True
https://x.com/ARSIPAJA/status/1893601702273806465?s=20,1893601702273806465,1893698403055337537,https://t.co/guwrU9zZSU,['ARSIPAJA'],Sun Feb 23 16:24:17 +0000 2025,30,3,0,0,1782.0,95284447,wong_w4r4s,ܡܘܠܝܘܢܘ ܒܝܢ ܢܘܬܘܡܝܕܐܪܔܘ,374,False
https://x.com/PartaiSocmed/status/2079853104879837373?s=20,2079853104879837373,2079946783476851191,"Program ini sebenarnya bagus, sayang banyak begundal yg numpang makan di BGN .",['PartaiSocmed'],Wed Jul 22 15:08:51 +0000 2026,0,0,0,0,1635.0,1846399972935340032,RaisyaAnni84578,Gue Anak Punk,9,False
https://x.com/bersuwara_/status/2075762961818472514?s=20,2075762961818472514,2075869922442576116,"EMANGGG, aku selalu keluarga yang usaha di bidang jualan sayur juga kena dampak. Kadang bingung kalau mbg udah jalan tuh, kol 10k/kg harus kamu jual berapa...sementara kemarin pas libur kol itu cuma 4k/kg dan kami merasakan banget jomplang nya. Tolong lah di hapus aja",['bersuwara_'],Sat Jul 11 09:08:51 +0000 2026,5,0,0,0,593.0,1759413829703008256,shevarohi,nona sunda,2770,False
https://x.com/menuembegejelek/status/2032285800097071555?s=20,2032285800097071555,2032331557223219662,Itu plastik putih apaan? Koken?? 😭😭😭😭,"['menuembegejelek', 'toodumbtodai']",Fri Mar 13 05:42:56 +0000 2026,0,0,0,0,64.0,718100173025517573,univrs__,アクセリア,7114,True
https://x.com/toe_giman/status/2077699532020957341?s=20,2077699532020957341,2077736220160086233,Ya karena ada ruang korupsi nya untuk para manusia2 BIADAB !!!🤡🤡,['toe_giman'],Thu Jul 16 12:44:52 +0000 2026,1,0,0,0,341.0,1474713304534683648,WorldCrypto99,Crypto99,355,False
https://x.com/Naandaa27/status/2079066649509142970?s=20,2079066649509142970,2079129947990577170,"Keterlaluan banget, kan udah ada pegawai sppg, mau aja disuruh ngangkat ompreng",['Naandaa27'],Mon Jul 20 09:03:02 +0000 2026,3,0,0,0,206.0,2884451958,Haelyjae,jaheee 🌞,2002,True
https://x.com/kompascom/status/2077241661911130210?s=20,2077241661911130210,2077343153317683366,"Orang juga ga butuh elu bos! Perampok berkedok Gizi, banyakkan rampoknya daripada manfaat.",['kompascom'],Wed Jul 15 10:42:57 +0000 2026,5,0,0,0,995.0,2054995069107630080,BakoelJamukuat,BakulApaAja,4,False
https://x.com/Beritasatu/status/2079148987916107847?s=20,2079148987916107847,2079218859207471183,https://t.co/urrei64AmF,['Beritasatu'],Mon Jul 20 14:56:20 +0000 2026,17,5,0,0,594.0,1851573340928143360,BustamiEri14642,Bu'nta,28,False
https://x.com/Naandaa27/status/2077672020863533184?s=20,2077672020863533184,2078134249769898463,Espos aja dapur nya. Itu tanggung jawab dapur,['Naandaa27'],Fri Jul 17 15:06:29 +0000 2026,0,0,0,0,10.0,1907800622998667264,Raditya47496092,Raditya Saputra,17,False
https://x.com/tempodotco/status/2079899270199595250?s=20,2079899270199595250,2079919276623024326,Selamat menjalankan tugas baru Pak Dar 👍,['tempodotco'],Wed Jul 22 13:19:33 +0000 2026,0,0,0,0,25.0,2036279727393218560,musimpanas73428,musimpanas,22,False
https://x.com/txtdrimedia/status/2079189585167532416?s=20,2079189585167532416,2079191708630458381,Ini entah dia atau yang ngasi laporan ke dia atau keduanya yang jaka sembung...,['txtdrimedia'],Mon Jul 20 13:08:27 +0000 2026,2,0,0,0,373.0,1191213351117803521,harmaxyn,arf,5719,True
https://x.com/Naandaa27/status/2079066649509142970?s=20,2079066649509142970,2079200905166258536,"waktu terbuang hanya tuk ambil ompreng.. seharusnya mereka sudah nerima ompreng dikelas.. kualitas dan kuantitas waktu belajar gak penting kyknya, yg penting makan.. emang bisa pinter yaa makan doang tanpa belajar yg bener...",['Naandaa27'],Mon Jul 20 13:45:00 +0000 2026,2,0,0,0,190.0,1145988139342655488,iman_hzl19,Iman Hzl,20,False
https://x.com/BarisanOpOsisi/status/2076122669045719102?s=20,2076122669045719102,2076302523477139456,Yg kelaparan malah para pengelola Sppg..,"['BarisanOpOsisi', 'AriskaPutraS']",Sun Jul 12 13:47:52 +0000 2026,2,0,0,0,56.0,36009942,areev_r,🅰🆁🅴🅴🆅 ®️ 🇮🇩⚖🇵🇸,16266,False
https://x.com/Hidupsebagai62/status/2064707522078879832?s=20,2064707522078879832,2064819365565055018,Emg mikir?,['emudinpro'],Wed Jun 10 21:17:53 +0000 2026,29,0,1,0,4770.0,1031420690505785349,Hidupsebagai62,Hidup sebagai +62,16588,True
https://x.com/toe_giman/status/2077699532020957341?s=20,2077699532020957341,2077747405429342240,"Ini sudah ngawur. Bubarkan mbg , guoblok",['toe_giman'],Thu Jul 16 13:29:18 +0000 2026,1,0,0,0,355.0,1535988698398924801,FujiantoEddy,Eddy fujianto,2,False
https://x.com/LambeSahamjja/status/2080933139564949662?s=20,2080933139564949662,2080993191688577365,"Kata gw kalo cuma mau ngurusin perkara makan mah mending jadi Presiden Somalia pak, yg darurat bgt soal pangan.",['LambeSahamjja'],Sat Jul 25 12:26:54 +0000 2026,0,0,0,0,2305.0,2069077929250942977,Janggelandd,jl✨,18,False
https://x.com/kompascom/status/2079198548089041058?s=20,2079198548089041058,2079578340135149919,diserang karena kasih makan anak stunting itu adalah absurditas politik yg hanya bisa terjadi ketika motivasi penyerangnya bukan tentang kebaikan rakyat tapi tentang kepentingan lain yg sangat jauh dari rakyat,['kompascom'],Tue Jul 21 14:44:47 +0000 2026,0,0,0,0,12.0,2013780584670339073,zulfanie23,zulfanie,0,False
https://x.com/ardisatriawan/status/2080621729022693665?s=20,2080621729022693665,2080624184263360670,analogi berpikir presiden kita memang agak lain bang.,['ardisatriawan'],Fri Jul 24 12:00:36 +0000 2026,0,0,0,0,18.0,2068738863816933376,paraswni,paraswni,2064,True
https://x.com/menuembegejelek/status/2032285800097071555?s=20,2032285800097071555,2032349933857345631,"10rb didaerah gue juga SDH dpt menu olahan komplit pake ayam, menu sarapan min","['menuembegejelek', 'toodumbtodai']",Fri Mar 13 06:55:58 +0000 2026,0,0,0,0,70.0,1949857602856427520,sariden_nesia,🇮🇩sariden🇮🇩,27,False
https://x.com/LambeSahamjja/status/2081381717244555418?s=20,2081381717244555418,2081385628240056395,"Ujung-ujungnya MBG lagi. Padahal masalah utamanya bisa jadi bukan sekadar anak kekurangan makan, tetapi orang tuanya tidak punya pekerjaan dan penghasilan",['LambeSahamjja'],Sun Jul 26 14:26:18 +0000 2026,0,0,0,0,106.0,2068743399847694336,rohayasgl,Rohaya Sagala,1465,True
https://x.com/LambeSahamjja/status/2079728084748738660?s=20,2079728084748738660,2079740119544930582,"Pak @prabowo, sudah terlalu banyak drama di MBG. Kajian akademik yang meskipun dilakukan belakangan menunjukkan program ini: bukan jawaban untuk masalah kritikal rakyat, tidak direncanakan dengan baik, dan penuh kebocoran. 

Marwah Bapak tidak hilang dengan menghentikan ini.",['LambeSahamjja'],Wed Jul 22 01:27:38 +0000 2026,8,2,2,0,1742.0,449929601,ajannifar,Weungabe,87,False
https://x.com/bersuwara_/status/2075762961818472514?s=20,2075762961818472514,2075850090355499052,Tempatku 36 bjirr kemarin pas libur mbg 26😭😭 kata wowo biar rakjel pada senyum. Yang senyum mah ini asam lambung gue.,['bersuwara_'],Sat Jul 11 07:50:03 +0000 2026,5,0,0,0,571.0,1381830535685672960,TejaAru05798875,maspocongg,291,False
https://x.com/PartaiSocmed/status/2079853104879837373?s=20,2079853104879837373,2080350865421210110,"Beliau kan org kepercayaan nya presiden,kenapa beliau tkut dengan teror??kan di belakang beliau presiden kan ya?",['PartaiSocmed'],Thu Jul 23 17:54:32 +0000 2026,0,0,0,0,83.0,3143350914,kenshinmulyono,kecebong_anyut,65,False
https://x.com/txtdrimedia/status/2079154852257513702?s=20,2079154852257513702,2079187062100832457,"Artinya, dia emang mengincar suara2 rakyat miskin untuk pilpres 2029 nanti",['txtdrimedia'],Mon Jul 20 12:49:59 +0000 2026,0,0,0,0,959.0,831208394241347584,IniSeptiandi,HD,44,False
https://x.com/Naandaa27/status/2077672020863533184?s=20,2077672020863533184,2077962155396345907,"Astaghfirullah,,,budeg amat sih tuh pemerintah,srh stop MBG susah banget",['Naandaa27'],Fri Jul 17 03:42:39 +0000 2026,0,0,0,0,22.0,1168705905015148546,RakyatBerbisik,🌹🌹𝑅𝐼𝒜 🌹🌹,24930,True
https://x.com/kompascom/status/2077241661911130210?s=20,2077241661911130210,2077382291622650090,"Berarti negara bisa hemat APBN dan mengatasi masalah pembiayaan pemerintah yg hilang oleh MBG. Gaji guru bisa dipertimbangkan, sekolah rusak bisa di perbaiki dan guru-guru tidak ribut masalah pengaturan mbg lagi di sekolah. lanjut mogok pak.",['kompascom'],Wed Jul 15 13:18:28 +0000 2026,4,0,0,0,890.0,2653647236,balitripaway,ULA70,5,False
https://x.com/tempodotco/status/2079899270199595250?s=20,2079899270199595250,2079922726131945491,"Belum aja pak, nanti juga buka. Atau engga bininya, anaknya, keponakannya🤝",['tempodotco'],Wed Jul 22 13:33:15 +0000 2026,0,0,0,0,30.0,1729836405428547584,thebelleamour,Bel ɞ ̖́-,1086,True
https://x.com/Beritasatu/status/2079148987916107847?s=20,2079148987916107847,2079404556140839111,"Programnya baik, tp pelaksanaannya yg salah pak. 
Berapa triliun menguap? .
Program jadi bancakan dengan atas nama SPPG. 
Dan Bapak tak pernah mau mendengar kritik dan masukan. https://t.co/HFY1dzaCYm",['Beritasatu'],Tue Jul 21 03:14:14 +0000 2026,21,4,0,0,394.0,79739365,Moh_Jupri,#Tiang Grage#,1775,False
https://x.com/txtdrimedia/status/2079189585167532416?s=20,2079189585167532416,2079486230836711734,"tolol, padahal kalo gak bisa ngatasi bisa minta pendapat ahli. 

Bukan malah ngeluh gitu, permasalahan gaji guru, lapangan kerja, kemiskinan, dll itukan bukan masalah baru. Dari jaman Indo merdeka juga itu itu aja masalahnya",['txtdrimedia'],Tue Jul 21 08:38:47 +0000 2026,1,0,0,0,540.0,1876845766486220800,dumbdeimos,dan,5,False
https://x.com/Hidupsebagai62/status/2064707522078879832?s=20,2064707522078879832,2064763056618692738,"MBG model skrng stop, bikin sistem baru yg lebih efektif efisien gan... ga boros.. tepat sasaran.. transparan...",['Hidupsebagai62'],Wed Jun 10 17:34:08 +0000 2026,14,0,1,0,6765.0,1885008611530903552,gob_lo_k,plenger,2,False
https://x.com/Naandaa27/status/2079066649509142970?s=20,2079066649509142970,2079179561863201044,"Lagian gurunya mana sih??
Curiga deh gurunya yg nyuruh. Soalnya petugas SPPG paling tuh masih ada rasa ga enak di sekolah. Kalo gurunya nih, patut dipertanyakan.",['Naandaa27'],Mon Jul 20 12:20:11 +0000 2026,2,0,1,0,210.0,1582612845975732225,yuksambatlah,Qwertz,384,True
https://x.com/LambeSahamjja/status/2080933139564949662?s=20,2080933139564949662,2081157410732089770,BAKOM = BAdan Komunikasi OMon-omon,['LambeSahamjja'],Sat Jul 25 23:19:27 +0000 2026,0,0,0,0,936.0,1948201792099266560,idenyamama,idemama,0,False
https://x.com/kompascom/status/2079198548089041058?s=20,2079198548089041058,2079563135367999774,saya diserang karena ingin beri makan anak2 indonesia itu kata2 yg sederhana tapi impactnya sangat besar karena langsung reveal bahwa ini bukan soal kebijakan ini soal ada yg tidak mau pak prabowo berhasil 🥹,['kompascom'],Tue Jul 21 13:44:22 +0000 2026,0,0,0,0,14.0,2013749947078979584,asyanie32,asyanie,0,False
https://x.com/BarisanOpOsisi/status/2076122669045719102?s=20,2076122669045719102,2076490363083305114,Yang lapar pemilik SPPG.,['BarisanOpOsisi'],Mon Jul 13 02:14:16 +0000 2026,1,0,0,0,23.0,2063990379205292032,VeraHatisari,Nanik Es Dayeng,11,False
https://x.com/LambeSahamjja/status/2081381717244555418?s=20,2081381717244555418,2081382486714822725,Kenapa pemilih &amp; pendukung prabowo bodoh-bodoh gitu ya statementnya?,['LambeSahamjja'],Sun Jul 26 14:13:49 +0000 2026,1,0,0,0,105.0,2077036467038326785,zonarameid,Zona Rame,40,True
https://x.com/ARSIPAJA/status/1893601702273806465?s=20,1893601702273806465,1893900919537897902,Selisih 10rb nya kira2 masuk ke manaaa hayo official store di retailnya aja segini 😆 https://t.co/64b4QMMZKa,['ARSIPAJA'],Mon Feb 24 05:49:00 +0000 2025,5,4,0,0,6071.0,439698791,clumsybee11,Clumsybee11,60,False
https://x.com/toe_giman/status/2077699532020957341?s=20,2077699532020957341,2077922683942289747,"Ada lagi yang ga make sense, muridnya masih ada, malah kelasnya mau di bikin dapur, sedangkan di luar sana banyak SD negeri yg kelasnya banyak yg kosong tapi gedung MBG ttp bikin lg.",['toe_giman'],Fri Jul 17 01:05:48 +0000 2026,1,0,0,0,183.0,199986386,cocholatecoffee,IY,462,True
https://x.com/menuembegejelek/status/2032285800097071555?s=20,2032285800097071555,2032338323822539246,Yang kiri 10K (siap makan ) yang kanan 10k mentahnya saja siap makan nya 15K,"['menuembegejelek', 'toodumbtodai']",Fri Mar 13 06:09:50 +0000 2026,0,0,0,0,174.0,1254753962625888256,AgusSiswanto789,Agus,46,False
https://x.com/PartaiSocmed/status/2079853104879837373?s=20,2079853104879837373,2079937819615830264,"Yg masuk akal tekanan bahkan sd intimidasi (tmsk keluarga).
Beliau pernah dimaki/dijauhi prab dl, agak ragu ybs berani aneh2 sbnrnya.
Fakta: 2RB++ SPPG lama ter-suspend &amp; 1rb++ SPPG baru blm bs beroperasi krn byk hal.
Pilihannya berhenti/mundur atau (bs jd) dikriminalisasi. 🤷‍♀️",['PartaiSocmed'],Wed Jul 22 14:33:14 +0000 2026,1,0,1,0,1204.0,46523425,shintaeffendi,Shinta Effendi,8367,False
https://x.com/ardisatriawan/status/2080621729022693665?s=20,2080621729022693665,2080683676996931808,Biar capek dan laper nah sampe sekolah di ksih MBg,['ardisatriawan'],Fri Jul 24 15:57:00 +0000 2026,0,0,0,0,12.0,2043134684964806657,Keeentutt,Kentut,3091,True
https://x.com/Naandaa27/status/2077672020863533184?s=20,2077672020863533184,2077746742334996597,"Jaga Keselamatan dan Kesehatan Anak Anda

MBG masih BELATUNGAN!

🇮🇩😡🇮🇩",['Naandaa27'],Thu Jul 16 13:26:40 +0000 2026,0,0,0,0,31.0,774524040,AlexanderOscar5,✪★☆RepublikAmoral☆★✪,5610,False
https://x.com/kompascom/status/2077241661911130210?s=20,2077241661911130210,2077317117880488237,"Ayo, cepat. Mogok aja, biar harga² kembali turun lagi. https://t.co/0zAAuuqhWF",['kompascom'],Wed Jul 15 08:59:30 +0000 2026,4,0,0,0,5929.0,1825362355242569728,sijeisme_,Sije eS,1291,True
https://x.com/Beritasatu/status/2079148987916107847?s=20,2079148987916107847,2079215951405576578,"Percuma tar dikasih data juga bakal gak percaya, sia-sia.. 

Dah banyakin doa aja biar malaikat mau lebih cepat menjemput dia dan para pengikutnya",['Beritasatu'],Mon Jul 20 14:44:47 +0000 2026,24,2,0,0,504.0,1116793544,Draprayogi,PutraJadika🏴,2176,False
https://x.com/tempodotco/status/2079899270199595250?s=20,2079899270199595250,2080131763859488997,belum punya,['tempodotco'],Thu Jul 23 03:23:54 +0000 2026,0,0,0,0,17.0,1186656691581927427,PribumiD,Nasi Uduk,1005,False
https://x.com/Hidupsebagai62/status/2064707522078879832?s=20,2064707522078879832,2064819099784667282,Setujuu,['gob_lo_k'],Wed Jun 10 21:16:50 +0000 2026,4,1,0,0,4396.0,1031420690505785349,Hidupsebagai62,Hidup sebagai +62,16588,True
https://x.com/txtdrimedia/status/2079154852257513702?s=20,2079154852257513702,2079384456083976292,Lah yg diam pada kecurangan siapa. Tu orang klo ngomong ngasal mulu. Lagian MBG ga menolong2 bgt dalam hal kelaparan. Malemnya ttp masih ada yg kelaparan. Bapak ibunya masih ada yg kelaparan,['txtdrimedia'],Tue Jul 21 01:54:22 +0000 2026,1,0,0,0,192.0,1841591871765938176,Semangka2075371,Semangka,53,False
https://x.com/txtdrimedia/status/2079189585167532416?s=20,2079189585167532416,2079789533374390434,Trus apa gunanya wok pas kampanye keseluruhan Indonesia lu  kocak pake kaget segala,['txtdrimedia'],Wed Jul 22 04:44:00 +0000 2026,1,0,0,0,185.0,2008750020452118528,TimunS74592,TimunSuri,2,False
https://x.com/LambeSahamjja/status/2080933139564949662?s=20,2080933139564949662,2081026052340789385,Itu program politik ya gimana keadaan tetap jalan mau langit runtuh juga tetap mbg,['LambeSahamjja'],Sat Jul 25 14:37:29 +0000 2026,0,0,0,0,2515.0,1957283888138752000,surodjodjo29994,soroe soembro trogho,3,False
https://x.com/LambeSahamjja/status/2079728084748738660?s=20,2079728084748738660,2079765111712162007,"10 Juli di spill Tempo kalau dia terafiliasi dengan dapur MBG di Depok dan Madiun.  Jumlahnya 11 biji.  Tanggal 22 mundur.  Alasan sakit jantung.

Ya, pasti dong jantungan.  Siapa yang gak akan jantungan di spill Tempo kalau dia sudah melanggar Peraturan Presiden (Perpres) Nomor",['LambeSahamjja'],Wed Jul 22 03:06:57 +0000 2026,13,0,1,0,898.0,538140274,totosgharto,Totok Sugiharto,1383,True
https://x.com/BarisanOpOsisi/status/2076122669045719102?s=20,2076122669045719102,2076225292943942132,"Yang pasti nga ada berita keracunan massal di sekolah 
Itu bagus banget anak anak aman",['BarisanOpOsisi'],Sun Jul 12 08:40:58 +0000 2026,1,0,0,0,99.0,2059173374962880512,deka86virgo,dwi kurniawati,19,False
https://x.com/menuembegejelek/status/2032285800097071555?s=20,2032285800097071555,2032449962479583421,itu putih-putih di plastik kecil apaan woe? sabu? 😭,"['menuembegejelek', 'toodumbtodai']",Fri Mar 13 13:33:26 +0000 2026,0,0,0,0,32.0,1492103413509013505,ninjawhohashope,ninjakecil,64,False
https://x.com/kompascom/status/2079198548089041058?s=20,2079198548089041058,2079543924621004984,kalau presiden diserang karena program gizi anak maka pertanyaannya bukan kenapa pak prabowo bikin program itu tapi kenapa ada yg mau serang program itu dan jawaban dari pertanyaan kedua itu sangat revealing,['kompascom'],Tue Jul 21 12:28:02 +0000 2026,0,0,0,0,19.0,1144504147,Szabogeza54,Szabo  Geza,0,False
https://x.com/bersuwara_/status/2075762961818472514?s=20,2075762961818472514,2075849088181088644,"Selama libur sekolah, gw hampir tiap hari beli ayam saking murah ya buat menuhin protein org2 rumah. Apakah nanti sy akan kembali menjadi anak ocom 😭",['bersuwara_'],Sat Jul 11 07:46:04 +0000 2026,3,0,0,0,645.0,2022491430934220800,sukamalkis,foxy doxy,1355,True
https://x.com/toe_giman/status/2077699532020957341?s=20,2077699532020957341,2078124901282795862,"Maaf pak secara ekonomi, cuci uang hasil korupsi dengan proyek lucu seperti MBG lebih cuan daripada mendidik budak korporat yg nantinya hanya digaji alakadarnya dan ditarik pajak dan beban lainnya seenaknya. Jadi mohon untuk bungkam demi menghina janji konstitusi soal penjajahan.",['toe_giman'],Fri Jul 17 14:29:20 +0000 2026,0,0,0,0,82.0,1538105938971721728,SratsSven,Sven Srats,33,False
https://x.com/Naandaa27/status/2079066649509142970?s=20,2079066649509142970,2079583228525269428,"Sebagai guru, saya prihatin mendengar ini. Anak-anak seharusnya fokus belajar, bukan mengangkat beban berat. Semoga ada perbaikan dari pihak terkait demi keselamatan dan kenyamanan siswa.",['Naandaa27'],Tue Jul 21 15:04:13 +0000 2026,2,0,0,0,30.0,2071440048374054912,gugun_gunawan47,gugun gunawan,1,False
https://x.com/LambeSahamjja/status/2081381717244555418?s=20,2081381717244555418,2081385622456111150,"Mas Putra udah kejauhan ini mas, puter baliknya susah ini",['LambeSahamjja'],Sun Jul 26 14:26:17 +0000 2026,1,0,0,0,93.0,156628444,humhiho,humhiho,1112,True
https://x.com/kompascom/status/2077241661911130210?s=20,2077241661911130210,2077307265292623931,"Las mati aja gpp,, ngak ngaruh anak saya Alhamdulillah tetap makan tetap jajan... Yang harus di perbaiki adalah ekonomi orang tuanya, pekerjaan, gaji layak, harga bahan pokok murah BBM, dan iklim industri yang bagus bagi para investor,, liat aja itu pada kabur ke Vietnam mereka",['kompascom'],Wed Jul 15 08:20:21 +0000 2026,5,0,1,0,1034.0,1826430139875688452,MuslihatKa86321,KANG MUSLIHAT,0,False
https://x.com/Hidupsebagai62/status/2064707522078879832?s=20,2064707522078879832,2064730324731637912,"Wah harga telur sekarang 24k? Turun jauh ya, terakhir beli sampe around 30k","['Hidupsebagai62', 'txtharihariWNI']",Wed Jun 10 15:24:04 +0000 2026,13,0,1,0,8310.0,1614490575897767936,molidex,Molie 💭,3200,True
https://x.com/PartaiSocmed/status/2079853104879837373?s=20,2079853104879837373,2080077631316443278,Ingat pernah ada berseliweran vidio Satu Sppg 5ratus juta😂😂,['PartaiSocmed'],Wed Jul 22 23:48:47 +0000 2026,0,0,0,0,63.0,1838550358358110208,CahGemblun993,Cah Gemblung,124,False
https://x.com/ARSIPAJA/status/1893601702273806465?s=20,1893601702273806465,1893614650698154234,Efisienshit,['ARSIPAJA'],Sun Feb 23 10:51:29 +0000 2025,9,0,0,0,1546.0,3064514150,evy_wahudy,DC,118,False
https://x.com/Naandaa27/status/2077672020863533184?s=20,2077672020863533184,2077745326388281807,Ayam bekas kapan itu anjirr sampe belatungan gitu 😭😭,['Naandaa27'],Thu Jul 16 13:21:03 +0000 2026,0,0,0,0,85.0,1496372801594290176,Yireanae,iree,556,False
https://x.com/BarisanOpOsisi/status/2076122669045719102?s=20,2076122669045719102,2076244216678879503,Ada dong siswanya para koruptor pada teriak2 🤣🤣🤣🤣🤣🤣🤣,['BarisanOpOsisi'],Sun Jul 12 09:56:10 +0000 2026,1,0,0,0,139.0,2058862434501496832,cryptomania0526,crypto Nbx,20,False
https://x.com/LambeSahamjja/status/2080933139564949662?s=20,2080933139564949662,2080964358922748179,"Plot twist pemikiran :
Dg MBG akan berefek menghasilkan pemain sekaliber Yamal 🤣

narasi aja SETINGGI LANGIT, ga tau keadaan di bumi gmn

Ada olahragawan mau berlaga ke negara lain aja perginya modal sendiri",['LambeSahamjja'],Sat Jul 25 10:32:20 +0000 2026,79,6,0,0,3477.0,1800712604425637888,highwaytoXLAND,On 🔥,27,False
https://x.com/Beritasatu/status/2079148987916107847?s=20,2079148987916107847,2079227656630047047,"Aneh banget sih belio heran diserang krn MBG
&amp; nuduh rkyt diam sj trilyunan uang apbn bocor ?
Pak rkyt berisik bkn karena MBG nya, mrka berisik karena anggaran mbg trliyun an di ambil dari dana pendidikan &amp; Skrg terbukti penggunaannya terjadi korupsi &amp; penyimpangan alias bocor",['Beritasatu'],Mon Jul 20 15:31:18 +0000 2026,7,1,0,0,314.0,1685166495729651715,DenasIdn1,"Denas,",234,False
https://x.com/menuembegejelek/status/2032285800097071555?s=20,2032285800097071555,2032307504429125636,Yg satu dibuat oleh manusia yg satu dibuat oleh setan,"['menuembegejelek', 'toodumbtodai']",Fri Mar 13 04:07:22 +0000 2026,0,0,0,0,176.0,1910115884385079296,veveveroyo,ve,11,False
https://x.com/kompascom/status/2079198548089041058?s=20,2079198548089041058,2079539769110073718,diserang karena kasih makan anak stunting itu adalah absurditas politik yg hanya bisa terjadi ketika motivasi penyerangnya bukan tentang kebaikan rakyat tapi tentang kepentingan lain yg sangat jauh dari rakyat,['kompascom'],Tue Jul 21 12:11:31 +0000 2026,0,0,0,0,11.0,2013744595302260736,windania78,windania,0,False
https://x.com/tempodotco/status/2079899270199595250?s=20,2079899270199595250,2079918601981870442,"baguslahh,semoga kedepannya juga tetep konsisten",['tempodotco'],Wed Jul 22 13:16:52 +0000 2026,0,0,0,0,32.0,2010361368927678464,om3gatigaaa,azahhcarpenter𐙚˚𓍢,1639,True
https://x.com/bersuwara_/status/2075762961818472514?s=20,2075762961818472514,2075879678527893817,"Ancuk 
Iya tempatku udah 32 aja 😭😭
Aq jualan sempet mau beli pas murah buat stok tapi ngggk ada dana nya soalnya kondisi nya bener2 sepi warung,😭",['bersuwara_'],Sat Jul 11 09:47:37 +0000 2026,1,1,1,0,299.0,1960608422,iqheshundarrii,iqhe shundarrii,43,False
https://x.com/txtdrimedia/status/2079189585167532416?s=20,2079189585167532416,2079406286089953496,"Hidup berdampingan, OAP kembangkan cetak sawah untuk kesejahteraan. Ketahanan Pangan Papua https://t.co/CHMlFtV2tX",['txtdrimedia'],Tue Jul 21 03:21:06 +0000 2026,1,0,0,0,392.0,1047153853,Kanzia_92,Kanzia,33,False
https://x.com/LambeSahamjja/status/2081381717244555418?s=20,2081381717244555418,2081575693620777380,adoration is the state furthest from understanding,['LambeSahamjja'],Mon Jul 27 03:01:33 +0000 2026,0,0,0,0,5.0,462227836,Morigghan_16,Morigghan,72,False
https://x.com/Hidupsebagai62/status/2064707522078879832?s=20,2064707522078879832,2064818783706046963,"Banyak yg turun kak, tambah info men pertanian kita surplus telur","['molidex', 'txtharihariWNI']",Wed Jun 10 21:15:35 +0000 2026,10,0,0,0,6694.0,1031420690505785349,Hidupsebagai62,Hidup sebagai +62,16588,True
https://x.com/txtdrimedia/status/2079154852257513702?s=20,2079154852257513702,2079404871946735939,"Kasih makan ala kadarnya  seorang anak 1x sehari, yang jadi korban kenaikan harga bahan makan satu keluarga 🫪.
Bangun infrastruktur, bikin tuh investor masuk ke sini, buka lapangan kerja, dengan sendirinya ga akan ada anak stunting, dsb. Mikir gini aja ga bisa kok JD pleciden",['txtdrimedia'],Tue Jul 21 03:15:29 +0000 2026,1,0,0,0,190.0,32919780,andiAntara,Ronn,90,False
https://x.com/kompascom/status/2077241661911130210?s=20,2077241661911130210,2077342030079103403,"Rakyat kebanyakan sih kayaknya malah pada setuju deh, gak mikirin mau digembok atau ditutup itu dapur2 embege. Sebelum ada embege siswa juga baik-baik aja",['kompascom'],Wed Jul 15 10:38:29 +0000 2026,5,0,0,0,261.0,86540393,AndySukmaLubis,ASL,5823,False
https://x.com/Naandaa27/status/2077672020863533184?s=20,2077672020863533184,2078162937051836447,"Jangan dibuang semua, sisain lah sebagian buat dadan dan naniek",['Naandaa27'],Fri Jul 17 17:00:29 +0000 2026,0,0,0,0,10.0,2547128168,nuherwan,N30,109,False
https://x.com/BarisanOpOsisi/status/2076122669045719102?s=20,2076122669045719102,2076289575597817862,1 lagi sayur mayur gan🙏😃,['BarisanOpOsisi'],Sun Jul 12 12:56:25 +0000 2026,1,0,0,0,8.0,1993922861514543106,DAreaya65272,Dicky Areaya,111,False
https://x.com/Beritasatu/status/2079148987916107847?s=20,2079148987916107847,2079215667941962213,"Siapa bilang gak protes,peyan aja mungkin yg sllu dibohongi orang2 ring 1",['Beritasatu'],Mon Jul 20 14:43:39 +0000 2026,8,1,0,0,172.0,1695445386725597184,Pasgor_16b,Sarjana Oplosan,3438,False
https://x.com/LambeSahamjja/status/2080933139564949662?s=20,2080933139564949662,2080961818982547474,"Ya jelas kurangan gizi , gizinya udah Dikorup sama pejabat pejabat tai anjing",['LambeSahamjja'],Sat Jul 25 10:22:14 +0000 2026,0,0,0,0,1399.0,2052847160128122880,SyafiulI49028,Syafiul Idhom,0,False
https://x.com/menuembegejelek/status/2032285800097071555?s=20,2032285800097071555,2032298424754979288,Yang satu pakai hati yang satu ga punya hati,"['menuembegejelek', 'toodumbtodai']",Fri Mar 13 03:31:17 +0000 2026,0,0,0,0,112.0,1313630613446909952,dalkomaneo,-,661,False
https://x.com/toe_giman/status/2077699532020957341?s=20,2077699532020957341,2077765916604166311,"Wait 
Gak faham sm otak boomer retarded 
Jadi, nambah MBG tapi ngurangin kelas ? Lah...imbalance ga sih?",['toe_giman'],Thu Jul 16 14:42:52 +0000 2026,0,0,0,0,610.0,1676221192544595969,32nd_Okinawa,32nd Rikugun Okinawa jima,1,False
https://x.com/PartaiSocmed/status/2079853104879837373?s=20,2079853104879837373,2080063351905009878,"Anehnya walopun sdh ketangkep, kasusnya heboh,katanya tidak ada pendaftaran ditutup, dapur yang baru berdiri tetap saja bermunculan dan beroperasi","['PartaiSocmed', 'HmfaqihA']",Wed Jul 22 22:52:03 +0000 2026,1,0,0,0,1079.0,88104490,bzxrahmat,Panthera,1090,False
https://x.com/tempodotco/status/2079899270199595250?s=20,2079899270199595250,2080103250683158599,"Tapi.. 
Jare duwe utang 60 M",['tempodotco'],Thu Jul 23 01:30:36 +0000 2026,0,0,0,0,9.0,2005000939305091072,elang_malam9,Elang Malam,177,False
https://x.com/LambeSahamjja/status/2079728084748738660?s=20,2079728084748738660,2079732190481699311,"wah wah, knapa nih mbak Nanik, bukannya kmren seneng tuh jadi ketua.
atau skrg ketakutan??",['LambeSahamjja'],Wed Jul 22 00:56:08 +0000 2026,5,0,0,0,1842.0,99704870,jopiew,Jops,1857,True
https://x.com/bersuwara_/status/2075762961818472514?s=20,2075762961818472514,2075852544413516009,loh ini kata kementan bakal segini nanti? rill apa fake? https://t.co/zz1ByIsnEa,['bersuwara_'],Sat Jul 11 07:59:48 +0000 2026,1,0,1,0,115.0,1979376904496123905,yash_gurlss,🧋,3153,True
https://x.com/kompascom/status/2079198548089041058?s=20,2079198548089041058,2079556314645377096,pak prabowo bilang saya diserang karena mbg dan itu bukan keluhan itu adalah honest reckoning dengan realita politik yg beliau hadapi setiap hari sambil tetap jalan terus untuk rakyat yg genuinely butuh programnya 🥹,['kompascom'],Tue Jul 21 13:17:16 +0000 2026,0,0,0,0,16.0,2013736220644478976,zoejelita73,zoejelita,1,False
https://x.com/ARSIPAJA/status/1893601702273806465?s=20,1893601702273806465,1893661201743204425,coba ini aja https://t.co/xSjA00gFiY,['ARSIPAJA'],Sun Feb 23 13:56:27 +0000 2025,11,0,0,0,3968.0,207891654,yudiyeka,hey jude,599,False
https://x.com/txtdrimedia/status/2079189585167532416?s=20,2079189585167532416,2079489799447347246,"Di luar perkiraan katanya?
Masalah gaji guru, lapangan kerja, kemiskinan ekstrim, sama ketimpangan sosial itu udah jadi cerita lama banget di Indonesia. Bukan hal baru yang muncul tiba-tiba.
Dari dulu kampanye sok paling ngerti rakyat kecil, sekarang jadi presiden malah kaget.",['txtdrimedia'],Tue Jul 21 08:52:57 +0000 2026,2,0,0,0,225.0,870124160910901249,renanurfiana4,renanurfiana,4431,True
https://x.com/Naandaa27/status/2079066649509142970?s=20,2079066649509142970,2079216433415016526,"kalo itu gurunya yang tega banget sama anak muridnya, dibeberapa sekolah malah ada gurunya yang angkat2, buat shift bagiin omprengan, yang sortir makanan sisa. Dibilang MBG yang begitu tuh gak efisien buat pendidikan, malah ngeharusin guru &amp; siswa dibuat repot sama MBG",['Naandaa27'],Mon Jul 20 14:46:42 +0000 2026,1,0,0,0,169.0,1581993595653193730,no7foxes,👑 RenSun 🦊,57,False
https://x.com/txtdrimedia/status/2079154852257513702?s=20,2079154852257513702,2079198263849390282,"kami gak lapar kok pak, yang punya sppg aja yang pada lapar pakk, izinnn",['txtdrimedia'],Mon Jul 20 13:34:30 +0000 2026,0,0,0,0,59.0,1333855886435971072,cucucurell,bee,5,False
https://x.com/kompascom/status/2077241661911130210?s=20,2077241661911130210,2077352628871410023,"Mereka tau klo MBG ini harga dirinya Prabowo, makanya mereka berani ultimatum. 
Latar belakang militer bukannya tegas malah lembek, macan asia jadi macan ompong kan🤣",['kompascom'],Wed Jul 15 11:20:36 +0000 2026,3,0,0,0,373.0,1157264205449314309,MouLion_o,esca_nor,11,False
https://x.com/menuembegejelek/status/2032285800097071555?s=20,2032285800097071555,2032303084995817848,#HidupMBG,"['menuembegejelek', 'toodumbtodai']",Fri Mar 13 03:49:48 +0000 2026,0,0,0,0,62.0,559755340,ghoendhoel,ꦫꦺꦴꦤ꧀ꦤ​ꦲꦶꦢꦪꦠ꧀,93,False
https://x.com/Hidupsebagai62/status/2064707522078879832?s=20,2064707522078879832,2064807130109223182,Sengaruh ini ternyata MBG,['Hidupsebagai62'],Wed Jun 10 20:29:16 +0000 2026,8,0,1,0,2710.0,1094607341847101440,pararealmen,Al-Biruni.ID,20699,True
https://x.com/ardisatriawan/status/2080621729022693665?s=20,2080621729022693665,2080867979470999724,Supaya kuat mengarungi lautan yah,['ardisatriawan'],Sat Jul 25 04:09:21 +0000 2026,0,0,0,0,3.0,2064946096686952448,Masmugilancar,Masmugilancar,2080,True
https://x.com/Beritasatu/status/2079148987916107847?s=20,2079148987916107847,2079206333950366110,Orang GILA gini msh ada yg ngikutin? Tolol https://t.co/9Wf2nP8L7s,['Beritasatu'],Mon Jul 20 14:06:34 +0000 2026,8,0,0,0,273.0,1505766476816740353,maz_kloneng,tetes_embun,102,False
https://x.com/BarisanOpOsisi/status/2076122669045719102?s=20,2076122669045719102,2076217242631672268,"3 Minggu tanpa ada berita anak keracunan loh ,, prestasi itu",['BarisanOpOsisi'],Sun Jul 12 08:08:59 +0000 2026,1,0,0,0,38.0,1995593589842477056,RInad_7311,R. A,950,True
https://x.com/LambeSahamjja/status/2081381717244555418?s=20,2081381717244555418,2081384594927141257,Pemikiran apa itu bodoh sekali,['LambeSahamjja'],Sun Jul 26 14:22:12 +0000 2026,0,0,0,0,83.0,975151331693420545,Loaamm,LEO,2225,True
https://x.com/tempodotco/status/2079899270199595250?s=20,2079899270199595250,2080227151115436057,Yakali maling ngaku maling,['tempodotco'],Thu Jul 23 09:42:56 +0000 2026,0,0,0,0,2.0,1711764907484717057,jancokzs,✮,0,False
https://x.com/Naandaa27/status/2077672020863533184?s=20,2077672020863533184,2078014254029189490,"Jagan diupload yang kayak beginian, Nanti Prabowo bisa marah.",['Naandaa27'],Fri Jul 17 07:09:40 +0000 2026,0,0,0,0,7.0,911602207690153985,OnoZiliwu,Ono Ziliwu Hia,115,False
https://x.com/PartaiSocmed/status/2079853104879837373?s=20,2079853104879837373,2079995213125435614,Salah dari awal..ya pasti mereka menuntut untuk di lanjutkan dapur mereka karena nggak sedikit ngeluarin modal,['PartaiSocmed'],Wed Jul 22 18:21:17 +0000 2026,1,0,0,0,289.0,3155883397,ayahmanukanlor,515 rera,16,False
https://x.com/toe_giman/status/2077699532020957341?s=20,2077699532020957341,2077840051602686037,"Lebih pilih utk MBG yg 6 JT/hari dari pada mengungsikan gedungnya utk tempat belajar mengajar murid, Boikot sekolah ini",['toe_giman'],Thu Jul 16 19:37:27 +0000 2026,0,0,0,0,357.0,1604721149929103360,LarungS7,Larung Saman,0,False
https://x.com/LambeSahamjja/status/2079728084748738660?s=20,2079728084748738660,2079751369003774338,"Infonya ini min.

- Mundur untuk kesehatan
- Disetujui Presiden karena kasihan
- Pegang uang takut
- Disuruh jadi dewan pengawas
- Kalau cerewetin jadi [Dewas] masih bisa.",['LambeSahamjja'],Wed Jul 22 02:12:20 +0000 2026,4,0,0,1,4475.0,872363012522463235,Penyejukhati_id,Penyejuk Hati,3098,True
https://x.com/bersuwara_/status/2075762961818472514?s=20,2075762961818472514,2075966018246357156,"Bener bangett nderr. Tapi mending sekarang beli online aja per KG cmn 27rb 
Saya udah 2 kali order di sini ayamnya utuh dan masih segarr https://t.co/ewlDEhOaEP",['bersuwara_'],Sat Jul 11 15:30:42 +0000 2026,2,0,0,1,257.0,2024714013909929984,Celsimars12,yeyinnn🍎,14,False
https://x.com/ARSIPAJA/status/1893601702273806465?s=20,1893601702273806465,1893603420038156657,Sumpah e-katalog ini gak penting banget dah,['ARSIPAJA'],Sun Feb 23 10:06:51 +0000 2025,7,0,6,0,37654.0,1000197373111386112,starsscreamx,Théo Lautërn,11,False
https://x.com/txtdrimedia/status/2079189585167532416?s=20,2079189585167532416,2079556091550253549,"Berarti selama ini ga ada yg lapor ke bapak, tegur pejabat terkait pak dan minta ke semua pembantu bpk utk lapor permasalahan2 yg ada

Karena skrng Bpk udah tau maka kami sangat menunggu gebrakan bapak, ayo pak tunjukkan skill mu",['txtdrimedia'],Tue Jul 21 13:16:23 +0000 2026,2,0,0,0,697.0,1030098940568330240,Eko_S10J,🕔,28,False
https://x.com/Naandaa27/status/2079066649509142970?s=20,2079066649509142970,2079209727175901350,Berapa ilmu yg menguap gara2 mbelain nasi yg belum tentu juga dimakan😭,['Naandaa27'],Mon Jul 20 14:20:03 +0000 2026,1,0,0,0,78.0,363148931,bambangsknt,mas bams,3762,True
https://x.com/kompascom/status/2079198548089041058?s=20,2079198548089041058,2079595235538358358,pak prabowo bilang saya diserang karena mbg dan itu adalah transparency tertinggi dari pemimpin yg tidak mau hide behind spin doctor tapi mau rakyat tau kondisi sesungguhnya yg dia hadapi dalam defend programnya,['kompascom'],Tue Jul 21 15:51:55 +0000 2026,0,0,0,0,11.0,2013819969088430082,mirnahasan91238,Mirnahasanah,1,False
https://x.com/kompascom/status/2077241661911130210?s=20,2077241661911130210,2077430238674620882,BAGUS! Anakku baru 3 hari sekolah &amp; dapat MBG. Kalian tau? Gak kemakan🙂 Bahkan akupun gak doyan. Masih lebih enak makanan dipinggir jalan. Jadi sampah aja mubazir bgt. Gak kebayang brpa makanan yg terbuang setiap harinya krn selera anak gak bisa disama ratakan😭😭😭,"['kompascom', 'koumgum']",Wed Jul 15 16:29:00 +0000 2026,4,0,1,0,493.0,626451237,shijungs,S✨,2756,False
https://x.com/txtdrimedia/status/2079154852257513702?s=20,2079154852257513702,2079374508461555939,"Bantu rakyat miskinnya dimana Pak? Benerin aja dulu databse kependudukan dan buat terintegtasi ke semua lini. @prabowo kalau ini pun anda tdk bisa tertibkan, jgn koar2 dgn program sosial anda!",['txtdrimedia'],Tue Jul 21 01:14:50 +0000 2026,0,0,0,0,18.0,925291140,derarang,DRay,1581,False
https://x.com/ardisatriawan/status/2080621729022693665?s=20,2080621729022693665,2080623590928785910,sesat banget jalan pemikiran pemerintah,['ardisatriawan'],Fri Jul 24 11:58:14 +0000 2026,0,0,0,0,14.0,2987914381,mejilseong,지 (⸝⸝ ⸌.ᴗ ⸍⸝⸝) ♡̷̷̷,2822,False
https://x.com/Hidupsebagai62/status/2064707522078879832?s=20,2064707522078879832,2064819620801044925,Yoi,['pararealmen'],Wed Jun 10 21:18:54 +0000 2026,0,0,0,0,2206.0,1031420690505785349,Hidupsebagai62,Hidup sebagai +62,16588,True
https://x.com/tempodotco/status/2079899270199595250?s=20,2079899270199595250,2079909364409016815,Terus kenapa kalau tidak punya 😅,['tempodotco'],Wed Jul 22 12:40:09 +0000 2026,0,0,0,0,76.0,1244403520024936448,ojikneyasyah1,Bang Ojik,1353,True
https://x.com/menuembegejelek/status/2032285800097071555?s=20,2032285800097071555,2032336757983949308,Jangan lupa nasi Padang 10k dapet ayam bakar 🤤🤤🤤,"['menuembegejelek', 'toodumbtodai']",Fri Mar 13 06:03:36 +0000 2026,0,0,0,0,91.0,1512747903689052163,murrymariaa,Murry,29,False
https://x.com/LambeSahamjja/status/2079728084748738660?s=20,2079728084748738660,2079771420725477447,"Waduh, udah kayak kelas Defence Against the Dark Arts di semesta Harry Potter aja. Penanggung jawabnya g ada yg bertahan sampai akhir.

Mulai dari Quirinus Quirrell, Gilderoy Lockhart, Remus Lupin, Mad Eye Moody, Dolores Umbridge, hingga Severus Snape semuanya KO 😅",['LambeSahamjja'],Wed Jul 22 03:32:01 +0000 2026,1,1,0,0,914.0,2518021026,dn_fadillah,dani fadillah,106,False
https://x.com/PartaiSocmed/status/2079853104879837373?s=20,2079853104879837373,2079895602335453601,Coba nanti pada Sudaryono masih berani apa enggak,['PartaiSocmed'],Wed Jul 22 11:45:28 +0000 2026,0,0,0,0,425.0,997587719629881344,pemburudibsayy,KeluarMasuk,314,False
https://x.com/Naandaa27/status/2077672020863533184?s=20,2077672020863533184,2078279803875033285,Program jelek jdinya menghasilkan sampah. Begitulah☺️,['Naandaa27'],Sat Jul 18 00:44:52 +0000 2026,0,0,0,0,7.0,1342777455715569665,imyourhopech__,cels✨️,1546,False
https://x.com/bersuwara_/status/2075762961818472514?s=20,2075762961818472514,2075925696665501839,Wogh efek nya beneran langsung instant dan berasa ya ketika di stop langsung pada bilang turun dan skrg dimulai lagi langsung pada bilang naik https://t.co/FCPrwo0DJr,['bersuwara_'],Sat Jul 11 12:50:29 +0000 2026,0,1,0,0,1173.0,127925047,malvhariyanto,malvin hariyanto,887,True
https://x.com/LambeSahamjja/status/2080933139564949662?s=20,2080933139564949662,2080960826580615287,Udahlah kalau ngomong sama pemerintah sama saja omong dengan tembok,['LambeSahamjja'],Sat Jul 25 10:18:18 +0000 2026,1,0,0,0,1338.0,1112998030779678720,Pp32000145,Pp,6,False
https://x.com/BarisanOpOsisi/status/2076122669045719102?s=20,2076122669045719102,2076245048149377036,"Hehehhe
Besok sudah masuk sekolah, kita dengar apa kata anak2",['BarisanOpOsisi'],Sun Jul 12 09:59:28 +0000 2026,1,0,0,0,28.0,86693880,Nanierlina,NES,1462,True
https://x.com/Beritasatu/status/2079148987916107847?s=20,2079148987916107847,2079435202871628146,"Selain pemborosan kenyataannya anak-anak terus bertumbangan akibat keracunan MBG.
Baru masuk sekolah saja sudah banyak anak-anak yang menjadi korban.
Akhir Mei kemarin dalam catatan JPPI sudah 37.270 yang keracunan MBG,dan mirisnya kasus keracunan MBG masih terus berlanjut. https://t.co/rIWScFMj1U",['Beritasatu'],Tue Jul 21 05:16:01 +0000 2026,6,1,0,0,292.0,2068669838189535232,ZakyFuadj64h,Zaky Fuad,31,False
https://x.com/ardisatriawan/status/2080621729022693665?s=20,2080621729022693665,2080625661526557044,kacau bgt sumpah skala prioritasnya,['ardisatriawan'],Fri Jul 24 12:06:28 +0000 2026,0,0,0,0,13.0,1992938422923821056,meeowiy,meow,1447,True
https://x.com/toe_giman/status/2077699532020957341?s=20,2077699532020957341,2078025144279408677,Proyek dulu gak sih .. pendidikan untuk anak bangsa mahh kayanya gak penting bagi mereka..yg pnting proyek jalan,['toe_giman'],Fri Jul 17 07:52:56 +0000 2026,0,0,0,0,6.0,2071083805528756226,ikozet6qru,ikozet,2,False
https://x.com/tempodotco/status/2079899270199595250?s=20,2079899270199595250,2079917696779747461,Tapi dapur brankas,['tempodotco'],Wed Jul 22 13:13:16 +0000 2026,0,0,0,0,30.0,2063917846808408064,Samuelxzkn,Samuel,183,True
https://x.com/Naandaa27/status/2079066649509142970?s=20,2079066649509142970,2079156358705008915,kasihan aduh kasihan...ya klau makananny enak...klu  basi?? udhla laper capek gagal makan pula,['Naandaa27'],Mon Jul 20 10:47:59 +0000 2026,1,0,0,0,619.0,1282462730,kyunghee_guapo,unbreakable_wings,52,False
https://x.com/txtdrimedia/status/2079189585167532416?s=20,2079189585167532416,2079686381237100575,ga menduga? bukanya janji lu pas kampanye di poin itu ya? tapi faktanya yg lu pikirin projek yg disepakati kolega biar korup bareng. ga nerima? coba kelapangan yg real deh sekali jgn byk setting ini itu. atau simpel lu buka sosmed deh pake akun anonim juga gapapa,['txtdrimedia'],Tue Jul 21 21:54:06 +0000 2026,0,0,0,0,37.0,1785117381582569472,yowMann_,yowMan,54,False
https://x.com/kompascom/status/2079198548089041058?s=20,2079198548089041058,2079529797592748409,saya diserang karena ingin beri makan anak2 indonesia itu kata2 yg sederhana tapi impactnya sangat besar karena langsung reveal bahwa ini bukan soal kebijakan ini soal ada yg tidak mau pak prabowo berhasil 🥹,['kompascom'],Tue Jul 21 11:31:54 +0000 2026,0,0,0,0,21.0,2013600166599892998,isyanisa17,isyanisa,2,False
https://x.com/kompascom/status/2077241661911130210?s=20,2077241661911130210,2077484626084610333,"Penyebab inflasi Sembako saat ini adalah MBG, 2 minggu MBG libur harga turun semua contoh ayam perkilo 26 ribu, 1 hari masuk sekolah dan MBG mulai lagi harga 33 ribu ( 7 ribu up ) belum yang lainnya.",['kompascom'],Wed Jul 15 20:05:07 +0000 2026,3,0,0,0,837.0,1717797717441990656,CiptaLaser,Laser Cipta karya,2,False
https://x.com/ARSIPAJA/status/1893601702273806465?s=20,1893601702273806465,1893829196805185691,Rakyat di bodohi dgn ini https://t.co/Uh5q64Tvg5,['ARSIPAJA'],Mon Feb 24 01:04:00 +0000 2025,7,0,2,0,4187.0,1722982617413533696,Dinoxxx721,Dino saras,1943,False
https://x.com/LambeSahamjja/status/2079728084748738660?s=20,2079728084748738660,2079759476954206509,"#KaburAjaDulu temenmu kabur nih wok, gimana wokk https://t.co/736OVubQ31",['LambeSahamjja'],Wed Jul 22 02:44:34 +0000 2026,3,0,0,0,600.0,1059230938402451457,sanihanii,Suranto,1712,False
https://x.com/LambeSahamjja/status/2081381717244555418?s=20,2081381717244555418,2081543452513452365,Waduh,['LambeSahamjja'],Mon Jul 27 00:53:26 +0000 2026,0,0,0,0,3.0,2072079617234792448,ZenithFlows_,ZenithFlows,625,True
https://x.com/Naandaa27/status/2079066649509142970?s=20,2079066649509142970,2079116765771260179,Yaa Allah mau dapat makan gratis harus berpayah-payah 😭,['Naandaa27'],Mon Jul 20 08:10:39 +0000 2026,2,0,0,0,185.0,975389335775199232,_riverheaven,Embun Pagi💧💧,60842,True
https://x.com/txtdrimedia/status/2079154852257513702?s=20,2079154852257513702,2079204432525553932,"Rakyat : (Tidak boleh ada rakyat Indonesia yg kelaparan).... Keluyuran aja pak, tanpa pengawalan mencolok, jalan di jalanan ibu kota... Tiap 100 meter, kau temui itu orang kelaparan!!!",['txtdrimedia'],Mon Jul 20 13:59:01 +0000 2026,1,0,0,0,49.0,154002393,liriksoe,Soe,1028,False
https://x.com/bersuwara_/status/2075762961818472514?s=20,2075762961818472514,2075954332416311339,Telor pun udh merangkak naik https://t.co/kFZ8bJjCUo,['bersuwara_'],Sat Jul 11 14:44:16 +0000 2026,2,0,0,0,230.0,320768918,ribkaaacs,meong meong,1868,True
https://x.com/PartaiSocmed/status/2079853104879837373?s=20,2079853104879837373,2079908493356892640,"Kejaksaan yg aph aja bisa minta tni jagain, apalagi nsd yg dekat ke pleciden &amp; bkn aph....teror hukumnya bikin nsd jantungan ! Jgn membalut dosa nsd dgn rasa kasihan !",['PartaiSocmed'],Wed Jul 22 12:36:42 +0000 2026,0,0,0,0,3210.0,1144194348,GrumpyOldMayn,Grumpster,92,False
https://x.com/LambeSahamjja/status/2080933139564949662?s=20,2080933139564949662,2080952658022793727,"tanyain kenapa ga sejahterakan keluarga-keluarga nya dulu, anak2 berprestasi akan bermunculan dari sana",['LambeSahamjja'],Sat Jul 25 09:45:50 +0000 2026,0,0,0,0,2537.0,1961408541497139200,rrrrnur100000,rrrr nur,172,False
https://x.com/Beritasatu/status/2079148987916107847?s=20,2079148987916107847,2079220647230669155,"Wo,uang nguap mengalir keluar negri itu kebanyakan jaman Mertua kau.Itulah kenapa ada reformasi.Reformasi itu adalah takhta tertinggi kritik rakyat,dimana waktu itu kau #KaburAjaDulu ke Jordania.",['Beritasatu'],Mon Jul 20 15:03:27 +0000 2026,7,0,0,0,254.0,1744702724258643968,GybrantR53927,Gybrant Raca Booming Raca,62,False
https://x.com/Hidupsebagai62/status/2064707522078879832?s=20,2064707522078879832,2064742251729920307,Stop dulu dan dikaji ulang supaya tepat sasaran aj,['Hidupsebagai62'],Wed Jun 10 16:11:28 +0000 2026,2,0,2,0,5781.0,1248626616168632323,semuaaanya,Koslyfe_,1302,True
https://x.com/toe_giman/status/2077699532020957341?s=20,2077699532020957341,2077769217877967065,https://t.co/ky3AoLhHEq,['toe_giman'],Thu Jul 16 14:55:59 +0000 2026,0,0,0,0,431.0,447635782,tokechankz,Tokechankz,142,False
https://x.com/ardisatriawan/status/2080621729022693665?s=20,2080621729022693665,2080622470848250164,Nyesek ke hati liatnya,['ardisatriawan'],Fri Jul 24 11:53:47 +0000 2026,0,0,0,0,19.0,2057676987938787328,bangsopoooo,Bang Sopoo,2798,True
https://x.com/kompascom/status/2079198548089041058?s=20,2079198548089041058,2079554101998948864,pak prabowo diserang karena mbg dan itu akan selalu jadi salah satu kalimat paling powerful dalam sejarah kepemimpinan indonesia karena nunjukin dengan sangat jelas siapa yg berpihak ke rakyat dan siapa yg tidak 🥹,['kompascom'],Tue Jul 21 13:08:28 +0000 2026,0,0,0,0,13.0,1943877560,sung600810,Tom cat,1,False
https://x.com/BarisanOpOsisi/status/2076122669045719102?s=20,2076122669045719102,2076518733330428307,"siswa baik-baik saja, malah happy banget karena liburan, malah ga ada berita keracunan juga.. yang ada malah ada berita buruk harga2 kebutuhan pokok naik karena mbg mau lanjut lagi..",['BarisanOpOsisi'],Mon Jul 13 04:07:00 +0000 2026,1,0,0,0,86.0,504514089,AndhyFerry,mas fe,2360,True
https://x.com/txtdrimedia/status/2079189585167532416?s=20,2079189585167532416,2079738718949363959,"Saking capeknya sama pemerintahan sekarang, kek yaudah aja terserah sambil mode bertahan 3 tahun lagi. Apapun itu semoga aku beruntung 🙃",['txtdrimedia'],Wed Jul 22 01:22:04 +0000 2026,1,0,0,0,19.0,1050377828175237121,lintangbanyu_,kanjeng,390,False
https://x.com/LambeSahamjja/status/2081381717244555418?s=20,2081381717244555418,2081400771900510547,Yang didukung &amp; yang dukung sama-sama bodoh ya,['LambeSahamjja'],Sun Jul 26 15:26:29 +0000 2026,0,0,0,0,78.0,1657901050471526400,littlefeyrs,Fey's,1019,True
https://x.com/kompascom/status/2077241661911130210?s=20,2077241661911130210,2077328371579769161,"puntennn pak ini sudah saya carikan yang paling bagus paling mantep anti bobol anti maling kalo bisa kuncinya langsung dibuang ke sungai biar gabisa dibuka lagi 😁🙏

https://t.co/igbHejyXU5",['kompascom'],Wed Jul 15 09:44:13 +0000 2026,3,1,0,0,1246.0,1530337085701652480,radellaah,radel,857,True
https://x.com/menuembegejelek/status/2032285800097071555?s=20,2032285800097071555,2032320923429454143,Itu yg putih phtih apaan anjir wkwk,"['menuembegejelek', 'toodumbtodai']",Fri Mar 13 05:00:41 +0000 2026,0,0,0,0,169.0,1671339134189998080,bagusbint,Bagan Bagis,24,False
https://x.com/toe_giman/status/2077699532020957341?s=20,2077699532020957341,2077914749224816821,"ini klasik banget sih, renovasi bagus tapi lupa mikirin kapasitas. jadi muridnya ngapung kemana dong sekarang",['toe_giman'],Fri Jul 17 00:34:16 +0000 2026,0,0,0,0,98.0,1189285939,jky91111,전경은,221,False
https://x.com/LambeSahamjja/status/2079728084748738660?s=20,2079728084748738660,2079774582169624652,https://t.co/v82Uq1sQZP,['LambeSahamjja'],Wed Jul 22 03:44:35 +0000 2026,3,0,0,0,790.0,476615752,agay13,agay,1,False
https://x.com/bersuwara_/status/2075762961818472514?s=20,2075762961818472514,2075878269917041078,"Hukum pasar emang gak bisa dibohongi. Evaluasi pasokannya dulu dong sebelum jor-joran jalanin program, kasihan daya beli rakyat kecil makin kegerus.",['bersuwara_'],Sat Jul 11 09:42:02 +0000 2026,2,0,0,0,27.0,1216921594141896704,cheesebursttd,Chocolate,1478,True
https://x.com/ARSIPAJA/status/1893601702273806465?s=20,1893601702273806465,1893622962235781293,Apakah nnti ada klarifikasi pakai dana pribadi? 👀 ehehehe,['ARSIPAJA'],Sun Feb 23 11:24:30 +0000 2025,8,0,0,0,3044.0,4807033092,popoktokki,Tokki🍉,743,False
https://x.com/PartaiSocmed/status/2079853104879837373?s=20,2079853104879837373,2080062348321255507,"Program OMON OMON DI Lapangan Amburadul... Carut Marut... Kuropsi...!!! 

Terbuktikan Sekarang...!!! 

Mau dibantah apa lagi... ???? 

Lat.. 
Penj",['PartaiSocmed'],Wed Jul 22 22:48:04 +0000 2026,0,0,0,0,773.0,1625243981042044928,RF_Laredo,RF,17,False
https://x.com/kompascom/status/2079198548089041058?s=20,2079198548089041058,2079565134503321870,pak prabowo diserang karena mbg dan beliau pilih tetap jalan dan itu adalah courage of conviction yg paling murni yaitu ketika kamu tau kamu benar dan kamu tetap jalan meski diserang dari segala arah,['kompascom'],Tue Jul 21 13:52:19 +0000 2026,0,0,0,0,11.0,2013600166599892998,isyanisa17,isyanisa,2,False
https://x.com/Beritasatu/status/2079148987916107847?s=20,2079148987916107847,2079310613239812418,"Pak, kekayaan Indonesia yg hilang sudah di protest pada waktu jaman bapak mu🤔dan banyak protesters nya yg hilang di culik😟jadi bapak bohong bilang tidak di protest, ingat pak, bohong itu dosa😧kartu bapak dunia sudah tau, penculik pem-bohong dosa lagi https://t.co/ck3oM43b5V",['Beritasatu'],Mon Jul 20 21:00:56 +0000 2026,7,2,0,0,321.0,483473604,jmelive,KATAKU,107,False
https://x.com/Naandaa27/status/2079066649509142970?s=20,2079066649509142970,2079149606164889875,"Kayak di sekolah anakku, awal2 siswa disuruh bantu angkutin ompreng, sekarang mah udah ngga dan si tukang nganter omprengnya ngomel2 katanya capek banget ngangkutin ompreng ke SD ini mah (SD anakku), kata aku teh dalam hati lah lu pada kan kerja dibayar.",['Naandaa27'],Mon Jul 20 10:21:09 +0000 2026,2,0,0,0,446.0,1871591130930040832,YellowJun07,Adadeh99,27,False
https://x.com/Hidupsebagai62/status/2064707522078879832?s=20,2064707522078879832,2064818850928243016,Cocokkk,['semuaaanya'],Wed Jun 10 21:15:51 +0000 2026,0,0,1,0,4444.0,1031420690505785349,Hidupsebagai62,Hidup sebagai +62,16588,True
https://x.com/txtdrimedia/status/2079154852257513702?s=20,2079154852257513702,2079215638451720367,Minimal klo mau ngomong gitu lanjutin audit sppg'nya dong ndut...,['txtdrimedia'],Mon Jul 20 14:43:32 +0000 2026,0,0,0,0,87.0,1559939959,mabok_lautan,Mabok Laut (🌊),111,False
https://x.com/LambeSahamjja/status/2080933139564949662?s=20,2080933139564949662,2080933927104168372,"sing ditanya urgensi dan prioritas anggaran, sing dijawab analogi Lamine Yamal. itu dua hal yang berbeda pliss😭😭",['LambeSahamjja'],Sat Jul 25 08:31:24 +0000 2026,2,0,0,0,880.0,2037520378533220352,reyuasp,re ꣑୧,1308,True
https://x.com/ardisatriawan/status/2080621729022693665?s=20,2080621729022693665,2080633961995497640,Ya allah nyawa taruhannya,['ardisatriawan'],Fri Jul 24 12:39:27 +0000 2026,0,0,0,0,6.0,727761924,dexteemplus_,yuyu,3678,True
https://x.com/tempodotco/status/2079899270199595250?s=20,2079899270199595250,2079918403968712888,Tak atau belum ini 😙,['tempodotco'],Wed Jul 22 13:16:05 +0000 2026,0,0,0,0,23.0,2042970162400280576,heavywavyluck,hexxilike,277,False
https://x.com/toe_giman/status/2077699532020957341?s=20,2077699532020957341,2077876133677412457,"Selalu ada anggarannya kalau untuk MBG, kalau untuk bangun gedung sekolah..... Nanti dulu 🗿",['toe_giman'],Thu Jul 16 22:00:49 +0000 2026,0,0,0,0,216.0,1824845140592340992,CahNdeso_5758,Cah Ndeso,1,False
https://x.com/PartaiSocmed/status/2079853104879837373?s=20,2079853104879837373,2079883616642023457,Selain bermanfaat buat pegawai sppg dan para pemilik dapur apa lagi sih manfaat mbg ini..?,['PartaiSocmed'],Wed Jul 22 10:57:51 +0000 2026,0,0,0,0,796.0,1497006786603225098,indahkatulis,Bolone mase,56,False
https://x.com/txtdrimedia/status/2079189585167532416?s=20,2079189585167532416,2079238538793816434,Paham tapi ga diselesaikan tuh ya gimana lho pakk,['txtdrimedia'],Mon Jul 20 16:14:32 +0000 2026,1,0,0,0,51.0,1884216645176156160,jiarchivate,ini jiwoo part 2 —,144,False
https://x.com/BarisanOpOsisi/status/2076122669045719102?s=20,2076122669045719102,2076648169346396167,"Kkemarin gak ada mbg harga telur dan ayam turun  , sekarang ada mbg lagi di posyandu  eh harga  pd naek lg , mending gak usah ada mbg, anak anak gak kelaparan",['BarisanOpOsisi'],Mon Jul 13 12:41:20 +0000 2026,1,0,0,0,25.0,3181390555,AgusrisdaMe,aris_76,1519,False
https://x.com/LambeSahamjja/status/2079728084748738660?s=20,2079728084748738660,2079749186996822225,Makanya dari kemarin yang nampak wakilnya terus,['LambeSahamjja'],Wed Jul 22 02:03:40 +0000 2026,3,0,0,0,562.0,2051942135533080576,reftif_,Reftif,4992,True
https://x.com/bersuwara_/status/2075762961818472514?s=20,2075762961818472514,2075890585509269968,"Memang 🐕 di daerahku semua udah naek lagi kak, sayuran pun semua naek. Telur naek, apa apa naek dahlah. Capek capek nyari duet cuma buat sehari hari aja udah engap",['bersuwara_'],Sat Jul 11 10:30:58 +0000 2026,1,0,0,0,1050.0,2064308256290594816,aria_OrinayO,Anggi Apriani,0,False
https://x.com/kompascom/status/2077241661911130210?s=20,2077241661911130210,2077609100683469043,"bagus banget jika mogok massal, anak2 tdk akan kelaparan, harga pangan dipasar akan kembali murah.... dana transfer ke daerah akan kembali normal, artinya pembangunan infrastruktur sekolah, perbaikan jalan, pasar dll akan kembali normal, tdk akan ada lagi pemotongan tunjangan ASN",['kompascom'],Thu Jul 16 04:19:44 +0000 2026,4,0,0,0,583.0,1680234315400249344,siti_karmila75,Siti Karmila,11,False
https://x.com/Beritasatu/status/2079148987916107847?s=20,2079148987916107847,2079213460764922152,"Gua juga heran, katanya prioritas buat makan anak2 tapi dilapangan harga banyak di markup,banyak yg keracunan,banyak yg dikasih makan makanan basi busuk belatungan, dibilang bergizi, yg diutamain sppgnya, dikasih semir,sikat,motor,Ama yg laennya harganya selangit, buat anak mana",['Beritasatu'],Mon Jul 20 14:34:53 +0000 2026,5,0,0,0,384.0,1648768349944557568,H73892206Rohmat,Rohmat Hidayat,116,False
https://x.com/menuembegejelek/status/2032285800097071555?s=20,2032285800097071555,2032340927185109352,padahal sama2 cari untung loh tapi bedanya jauh,"['menuembegejelek', 'toodumbtodai']",Fri Mar 13 06:20:10 +0000 2026,0,0,0,0,97.0,1447943916192342030,BANANAKAKUMEl,Team Passion Charts,166,False
https://x.com/ARSIPAJA/status/1893601702273806465?s=20,1893601702273806465,1893639107655401844,😅😅🤣 https://t.co/X6ks0U1erl,['ARSIPAJA'],Sun Feb 23 12:28:40 +0000 2025,8,0,0,1,4746.0,354188131,bud1_f1,Keep the Faith,3704,False
https://x.com/kompascom/status/2079198548089041058?s=20,2079198548089041058,2079561909293244486,pak prabowo diserang karena mbg dan itu akan selalu jadi reference point ketika orang bicara tentang betapa seriusnya pak prabowo dalam defend program untuk anak2 indonesia bahkan ketika diserang dari berbagai arah,['kompascom'],Tue Jul 21 13:39:30 +0000 2026,0,0,0,0,14.0,1084082084,teabet,Torunn E Nydal,2,False
https://x.com/Hidupsebagai62/status/2064707522078879832?s=20,2064707522078879832,2064813475092955344,"Pantes beli aya jd 21rb 600 gram, biasanya paling kecil tuh 23-24, itu jg jarang....",['Hidupsebagai62'],Wed Jun 10 20:54:29 +0000 2026,2,0,1,0,3381.0,1112918113018765317,Sasmi86983078,Sasmizu,377,False
https://x.com/Naandaa27/status/2079066649509142970?s=20,2079066649509142970,2079200998590120081,"Harusnya presiden liat ini.
Kali aja tersentuh hatinya.
Walau gw gak yakin.",['Naandaa27'],Mon Jul 20 13:45:22 +0000 2026,1,0,0,0,18.0,859416461009330177,jajatplus,Cupu tp berkelas,454,False
https://x.com/ardisatriawan/status/2080621729022693665?s=20,2080621729022693665,2080624719943111054,sedih liatnyaa,['ardisatriawan'],Fri Jul 24 12:02:44 +0000 2026,0,0,0,0,13.0,1111913328949911552,maarkzaa,abstrk,2264,True
https://x.com/PartaiSocmed/status/2079853104879837373?s=20,2079853104879837373,2079878710900187539,"Ahhh berak sekebon, background dia wartawan atleast teror begini sudah makanan dia. Dia di lingkaran penguasa sangat mudah utk koordinasi minta perlindungan aparat satu batalyon.",['PartaiSocmed'],Wed Jul 22 10:38:21 +0000 2026,1,0,0,0,2056.0,2839233139,syaiful_wazza,syaifulwazza,32,False
https://x.com/txtdrimedia/status/2079189585167532416?s=20,2079189585167532416,2079755224412295508,"Beliau menjabat ketua partai, punya bawahan sampai ke tingkat kabupaten bahkan desa. Ketika beliau bilang diluar perkiraan emangnya anggota partainya gak ada yg bikin laporan kondisi masyarakat?",['txtdrimedia'],Wed Jul 22 02:27:40 +0000 2026,1,0,0,0,514.0,2066763383173787648,Hasbicyqy,Hasbi,832,False
https://x.com/LambeSahamjja/status/2080933139564949662?s=20,2080933139564949662,2081215259361398865,"Pertanyaannya, Makana yang lu sajiin ga bergizi? Ngerti sampe sini?!",['LambeSahamjja'],Sun Jul 26 03:09:19 +0000 2026,0,0,0,0,186.0,1721014358246133761,todopeb,lackkkk,2,False
https://x.com/toe_giman/status/2077699532020957341?s=20,2077699532020957341,2078028751024308315,"Kacau sudah pendidikan indonesia, skor pisa siap-siap meluncur kebawah",['toe_giman'],Fri Jul 17 08:07:16 +0000 2026,0,0,0,0,47.0,1656348563729944576,RenaldReyz63409,reyza renald,11,False
https://x.com/txtdrimedia/status/2079154852257513702?s=20,2079154852257513702,2079165717153513745,"KRITIK KERAS KARENA DIKORUPSI WOIII, MAKIN TUA EMG MAKIN SUSAH DIKASIH TAU🤣🤣",['txtdrimedia'],Mon Jul 20 11:25:10 +0000 2026,0,0,0,0,598.0,1623749801308459008,JunQrT_777,Jun,7,False
https://x.com/BarisanOpOsisi/status/2076122669045719102?s=20,2076122669045719102,2076286084624142681,"coba nnti udah masuk sekolah, mbg jalan lagi, ada berita keracunan lagi g yaa? kalo selama liburan sih g ada berita keracunan makanan yang katanya bergizi itu",['BarisanOpOsisi'],Sun Jul 12 12:42:32 +0000 2026,1,0,0,0,128.0,1550284784446107648,_Ryokoo,KentangCriispy,21,False
https://x.com/LambeSahamjja/status/2079728084748738660?s=20,2079728084748738660,2079781454599651607,mundur dengan meninggalkan warisan masalah yang belum terselesaikan https://t.co/xL1G7LZCPF,['LambeSahamjja'],Wed Jul 22 04:11:53 +0000 2026,3,0,1,0,757.0,504514089,AndhyFerry,mas fe,2360,True
https://x.com/menuembegejelek/status/2032285800097071555?s=20,2032285800097071555,2032451513910751332,"UMKM yg ngincer karyawan mall yg geraknya lewat grup wa, makanannya lebih worth it dan enak dengan harga murah, menunya juga tiap pagi di update. dateng masih anget pula, walaupun resikonya kucing - kucingan sama security mall pas lagi mau nganter ke tenant mall.","['menuembegejelek', 'toodumbtodai']",Fri Mar 13 13:39:36 +0000 2026,0,0,0,0,166.0,1882387814932946944,Sejak_tadi,Sejak Tadi,5,False
https://x.com/Beritasatu/status/2079148987916107847?s=20,2079148987916107847,2079231418211999888,"Jembatan di desa sejak Jokowi sampe Prabowo,bayangin ada ratusan anak TK sampe SMK lewat 1/1 nya jembatan di desa saya
Kel.mlayang
Kab.brebes
Provinsi jateng https://t.co/MTYZ8xYdif",['Beritasatu'],Mon Jul 20 15:46:15 +0000 2026,5,0,0,0,424.0,1666663908214718465,adamArd19,adam aa,3,False
https://x.com/bersuwara_/status/2075762961818472514?s=20,2075762961818472514,2076238563587629264,"Kak??😭 dari awal ada MBG peternak pada nambah kandang dan ternak, nah MBG libur peternak pd oversupply akhirnya harga anjlok konsumen senang tapi peternak rugi banyak apalagi harga pakan membengkak. Ini juga dari awal salah MBG si wowok",['bersuwara_'],Sun Jul 12 09:33:42 +0000 2026,2,0,0,0,275.0,1459542199280889858,ctrlno_v,Lia,0,False
https://x.com/kompascom/status/2079198548089041058?s=20,2079198548089041058,2079566452215238940,diserang karena kasih makan anak indonesia itu adalah moment dimana rakyat harus tanya ke diri sendiri siapa yg mau diserang dan apa yg mereka dapat dari menyerang program untuk anak kecil 🥹,['kompascom'],Tue Jul 21 13:57:33 +0000 2026,0,0,0,0,7.0,2013827836726124546,Vikanabila19424,Vikanabila,0,False
https://x.com/Hidupsebagai62/status/2064707522078879832?s=20,2064707522078879832,2064819653348888911,Nah kan,['Sasmi86983078'],Wed Jun 10 21:19:02 +0000 2026,0,0,0,0,2917.0,1031420690505785349,Hidupsebagai62,Hidup sebagai +62,16588,True
https://x.com/kompascom/status/2077241661911130210?s=20,2077241661911130210,2077403731566670079,"UNDANGAN TERBUKA KEPADA PARA BENGKEL LAS 
DI HARAP KAN BESOK JAM 10 KUMPUL 
DI ALUN² KOTA MASING MASING 

JOB : 
NGELAS PINTU DAPUR MALING BERKEDOK GIZI 

ttd 

Mamat tomat 
koordinator gembok nasional",['kompascom'],Wed Jul 15 14:43:40 +0000 2026,3,0,0,0,221.0,1654148514291789824,mass_kho,Mass Kho,349,False
https://x.com/ARSIPAJA/status/1893601702273806465?s=20,1893601702273806465,1893634738159501795,Selaras donk sama rilis bps kemiskinan indo rendah.. pejabatnya kudu mewah biar gak malu di dunia internasional,['ARSIPAJA'],Sun Feb 23 12:11:18 +0000 2025,2,0,2,0,20758.0,954788456344969216,UmimZacky,Za©kyUm¡M,10,False
https://x.com/ardisatriawan/status/2080621729022693665?s=20,2080621729022693665,2080953422568910882,"klo konsep nya gitu, brrti kurleb gini ""aduh cape bgt sampe sekolah manjat manjat jalan kaki, untung ada mbg jdi ga cape lgi""",['ardisatriawan'],Sat Jul 25 09:48:52 +0000 2026,0,0,0,0,8.0,1392747241312456709,sexcsae,kesar ikan jambul,1273,True
https://x.com/PartaiSocmed/status/2079853104879837373?s=20,2079853104879837373,2079913934761673146,Apakah akan dikejar sampe ke penang??,['PartaiSocmed'],Wed Jul 22 12:58:19 +0000 2026,0,0,0,0,897.0,842371877502771200,HyangJagadPr,Hyang Jagad Pratingkah,113,False
https://x.com/txtdrimedia/status/2079189585167532416?s=20,2079189585167532416,2079711159134154813,"WOWO MIMPIN NEGARA KOK JADI RUWET,ISINYA NGELUH MULUK,,KEMARIN LUSA LIHAT TUMPUKKAN DUWET SITAAN KORUPTOR SATU GODANG KEMANA LARINYA,ADA MENTRI MINTA DUWET 5 M DI KASIH 10 M,,GILIRAN GURU MENCERDASKAN ANAK BANGSA KAU GAJI RECEHAN,OTAK TARUH MANA",['txtdrimedia'],Tue Jul 21 23:32:34 +0000 2026,1,0,0,0,514.0,1730784920120008704,Djezitkw,Djenitkwhk,21,False
https://x.com/txtdrimedia/status/2079154852257513702?s=20,2079154852257513702,2079175639836573858,Tapi masih makan ngk tepat sasaran malah ajang korupsi oleh oknum,['txtdrimedia'],Mon Jul 20 12:04:36 +0000 2026,0,0,0,0,153.0,1401826162737696773,dimas8413,Kopi Crypto🐐,581,False
https://x.com/BarisanOpOsisi/status/2076122669045719102?s=20,2076122669045719102,2076326350693257415,"Ga ada ,malah yg kelaparan pejabat BGN termasuk polisi dan TNI karena dapur SPPG ga jalan ,bubarkan MBG jadi lahan korupsi berkedok gizi",['BarisanOpOsisi'],Sun Jul 12 15:22:32 +0000 2026,1,0,0,0,117.0,1387629026592714753,PutraPadjadja20,Putra Padjadjaran,205,False
https://x.com/LambeSahamjja/status/2080933139564949662?s=20,2080933139564949662,2081247313444659590,"mayoritas di luar negri anaknya makan bergizi? kalo iya, knp cuma ada 1 yamal?",['LambeSahamjja'],Sun Jul 26 05:16:41 +0000 2026,0,0,0,0,82.0,4617823998,muasalsesal,airtas,231,False
https://x.com/toe_giman/status/2077699532020957341?s=20,2077699532020957341,2077928678970020328,Ini termasuk pembodohan masal gak??,['toe_giman'],Fri Jul 17 01:29:37 +0000 2026,0,0,0,0,42.0,2008184663978962945,lady_jellyfh777,Sweet_𝐣𝐞𝐥𝐥𝐲𝐟𝐢𝐬𝐡,122,False
https://x.com/ardisatriawan/status/2080621729022693665?s=20,2080621729022693665,2080911923869303079,Sungguh miris,['ardisatriawan'],Sat Jul 25 07:03:58 +0000 2026,1,0,0,0,1.0,1951202706,nunj23,...,1619,True
https://x.com/PartaiSocmed/status/2079853104879837373?s=20,2079853104879837373,2080122247793287321,"Di medsos ada yg jg teriak2 minta dapurnya diaktifkan krn dia udah keluar dana 1,5M dll",['PartaiSocmed'],Thu Jul 23 02:46:05 +0000 2026,0,0,0,0,896.0,394413110,parfait_partout,Alex|Free Palestine,90,False
https://x.com/Naandaa27/status/2079066649509142970?s=20,2079066649509142970,2079148080189014355,"makanan ngga seberapa, malah anak anak yang disuruh angkut ompreng. kasian tau capeeek😭",['Naandaa27'],Mon Jul 20 10:15:05 +0000 2026,2,0,0,0,408.0,1546713023410487298,kryonpencil,kryon,1748,True
https://x.com/menuembegejelek/status/2032285800097071555?s=20,2032285800097071555,2032322506133307613,"Min, sebagai calon ibu aku mau nanya
MBG ini g berlaku di sekolah internasional kan ya?","['menuembegejelek', 'toodumbtodai']",Fri Mar 13 05:06:58 +0000 2026,0,0,0,0,145.0,1296070857966538753,ChocciH,Coki Yang Ngetik😼😸😽,1914,False
https://x.com/Beritasatu/status/2079148987916107847?s=20,2079148987916107847,2079324783645532557,Terims kasih negara ku. Kampung lelulur ku  tidak ada listrik. Tidak sda sekolah. Tidak ada puskesmas. Jalan nya sangat esktream. Terima kasih. https://t.co/5WeukNnu8O,['Beritasatu'],Mon Jul 20 21:57:15 +0000 2026,2,1,0,0,309.0,856717388569493505,ArifinSMSiregar,Arifin Siregar,1755,True
https://x.com/ARSIPAJA/status/1893601702273806465?s=20,1893601702273806465,1893628906143694849,"Dulu gw kira adanya e-katalog, harga bisa lebih transparan agar praktik markup menjadi minim

Ternyata biar markup tetap ada dan menjadi ""halal"" karena ga sembunyi2. Karena kalaupun ketauan markup harga, rakyat ga bisa ngapa2in. Hanya bisa misuh2 😶",['ARSIPAJA'],Sun Feb 23 11:48:07 +0000 2025,4,0,0,0,7228.0,70039510,Ari_Berboedi,Ari budi prasetyo,28,False
https://x.com/kompascom/status/2077241661911130210?s=20,2077241661911130210,2077308504420057282,"Pak @prabowo kasihlah anak2 itu kupon yg bisa dipakai untuk beli makan dikantin atau dimana saja. Para pemilik kantin tadi bisa menukar kupon dibank yg ditunjuk pemerintah. Murid senang, kantin sekolah bisa dapat penghasilan.

Gizi? Ya turunkan lah BGN untuk memantau.",['kompascom'],Wed Jul 15 08:25:16 +0000 2026,3,0,4,0,3091.0,2709961843,Sidik_Best,de do do do de da da da,991,False
https://x.com/Hidupsebagai62/status/2064707522078879832?s=20,2064707522078879832,2064756442377445396,"Wihh mantul bener ini
#STOPMBG",['Hidupsebagai62'],Wed Jun 10 17:07:51 +0000 2026,0,0,1,0,5234.0,1404087984777953284,yappnadz,yappnadz,1709,False
https://x.com/kompascom/status/2079198548089041058?s=20,2079198548089041058,2079549306487685609,saya diserang karena mau kasih makan anak indonesia itu adalah kalimat paling heartbreaking sekaligus paling empowering karena nunjukin bahwa pak prabowo tau persis apa yg dia perjuangkan meski ada harga yg harus dibayar 🥹,['kompascom'],Tue Jul 21 12:49:25 +0000 2026,0,0,0,0,51.0,342939231,FRATER5_SP,fco FRATER5,8,False
https://x.com/ardisatriawan/status/2080621729022693665?s=20,2080621729022693665,2080629877242528148,hrusnya dibangun jembatann bjir bukannya mbg 😭,['ardisatriawan'],Fri Jul 24 12:23:13 +0000 2026,0,0,0,0,13.0,1292885528556134405,kvn_doc,vinnn,1821,True
https://x.com/txtdrimedia/status/2079189585167532416?s=20,2079189585167532416,2079272733456871754,"Banyak persoalan seperti kemiskinan, pendidikan, dan lapangan kerja memang sudah lama ada. Tantangannya bukan hanya menyadari, tetapi memastikan solusi yang dijalankan benar-benar berdampak
Mbg kopdes ya jelas jauh dari solusi",['txtdrimedia'],Mon Jul 20 18:30:25 +0000 2026,1,0,0,0,82.0,982409544256045056,eajmeowmeow,tin🐣 🦊 🍀,2576,True
https://x.com/txtdrimedia/status/2079154852257513702?s=20,2079154852257513702,2079343693426008068,"kasih makan sehari skali aja gini amat wo, itu pun gak ke semua rakyat 
coba kalo dialihkan ke program yg lebih prioritas, misal fokus perbaikan pendidikan dan perluasan lapangan kerja biar rakyat dpt kerja dan upah yg layak, bisa kasih makan keluarga sehari 3x, gk perlu MBG anj",['txtdrimedia'],Mon Jul 20 23:12:23 +0000 2026,0,0,0,0,38.0,1792173384920612864,syncostangen,syn,98,False
https://x.com/toe_giman/status/2077699532020957341?s=20,2077699532020957341,2078348189888139520,"Bajingan semua.
Anak mau sekolah kalah sama calon tokai.",['toe_giman'],Sat Jul 18 05:16:36 +0000 2026,0,0,0,0,13.0,588235013,munadioke,munadioke/sumrahadi,247,False
https://x.com/tempodotco/status/2079899270199595250?s=20,2079899270199595250,2080108341976776912,"Terus, does it matter anyway? That's not the whole fucking point, we want to STOP the PROGRAM, we DON'T CARE ABOUT YOU bruh",['tempodotco'],Thu Jul 23 01:50:49 +0000 2026,0,0,0,0,12.0,1319237125229834247,satudueutigeu,:)),34,False
https://x.com/bersuwara_/status/2075762961818472514?s=20,2075762961818472514,2075891451716891074,"Hadeh harganya balik lagi ya, rakyat udah teriak ini https://t.co/WwzAnLnLei",['bersuwara_'],Sat Jul 11 10:34:24 +0000 2026,1,0,0,0,18.0,2034133469140553730,dailycheckout8,momoyo,2,False
https://x.com/LambeSahamjja/status/2080933139564949662?s=20,2080933139564949662,2080972347537019158,Apa hubungannya ama lamine yamal coba,['LambeSahamjja'],Sat Jul 25 11:04:04 +0000 2026,0,0,0,0,238.0,1863006936901492736,BigABust7,Big Adi,5,False
https://x.com/Naandaa27/status/2079066649509142970?s=20,2079066649509142970,2079101055909109892,Bangsat bener itu petugas sppgnya,['Naandaa27'],Mon Jul 20 07:08:14 +0000 2026,1,0,0,0,678.0,2028779485299175424,abolisokauning,whoelse,14,False
https://x.com/menuembegejelek/status/2032285800097071555?s=20,2032285800097071555,2032405368824098881,di tangan my ahli gizi favorit dengan gaji selangit 😋,"['menuembegejelek', 'toodumbtodai']",Fri Mar 13 10:36:14 +0000 2026,0,0,0,0,32.0,1208364810326302720,anjay_lha,wtrshp,37,False
https://x.com/PartaiSocmed/status/2079853104879837373?s=20,2079853104879837373,2079977141484273767,Jadi komisaris belum mundur'?🙂‍↕️,['PartaiSocmed'],Wed Jul 22 17:09:29 +0000 2026,0,0,0,0,928.0,86683618,2ANT2,sang petualang,153,False
https://x.com/Beritasatu/status/2079148987916107847?s=20,2079148987916107847,2079385778376106459,"Matane g liat.. wo wo... kok iso g d pake otak mu iku... 
Koruptor d sekitar mu g buka mata mu?
Setiap hari org teriak ada koruptor d MBG kuping mu g d pake?
Pikun sdh tua begini mmg repot",['Beritasatu'],Tue Jul 21 01:59:37 +0000 2026,2,1,0,0,63.0,1076479533233008640,WerSalimnar,Wer,11,False
https://x.com/Hidupsebagai62/status/2064707522078879832?s=20,2064707522078879832,2064818965067780124,Gasss,['yappnadz'],Wed Jun 10 21:16:18 +0000 2026,0,0,0,0,4250.0,1031420690505785349,Hidupsebagai62,Hidup sebagai +62,16588,True
https://x.com/ardisatriawan/status/2080621729022693665?s=20,2080621729022693665,2080689713623793975,"Anak-anak di Gayo Lues harus taruh nyawa tiap hari lewat jembatan bambu yang goyang biar bisa sampai sekolah. Solusi pemerintah? Kasih MBG biar kenyang.Jembatan layak dibangun kapan? Infrastruktur yang bener kapan?  Yang penting anak kenyang dulu, biar lupa setiap pagi mereka",['ardisatriawan'],Fri Jul 24 16:20:59 +0000 2026,1,0,0,0,63.0,1100943564802973696,kopiiaddict_,americano,2195,True
https://x.com/ARSIPAJA/status/1893601702273806465?s=20,1893601702273806465,1893639845836161331,"34rbu baru air bening nya tok. Masak iya airnya 34rbu, makan nya 10rbu 😅",['ARSIPAJA'],Sun Feb 23 12:31:36 +0000 2025,2,0,0,0,1132.0,1668004461082742784,an63lee,Mbak_Arum 🌸,32,False
https://x.com/LambeSahamjja/status/2079728084748738660?s=20,2079728084748738660,2079742208031502477,"Lebih kepo aftermath nya aja sih, bakalan jadi tersangka MBG atau gak",['LambeSahamjja'],Wed Jul 22 01:35:56 +0000 2026,2,0,0,0,152.0,163772776,vickyfarhan95,Pikishu,3985,False
https://x.com/txtdrimedia/status/2079154852257513702?s=20,2079154852257513702,2079360987539640821,"hilangkan kelaparan dengan ngasih MBG sekali sehari, solusi yg sangat nganu sekali dari Presiden Republik Indonesia 🤣🤣🤣",['txtdrimedia'],Tue Jul 21 00:21:06 +0000 2026,0,0,0,0,46.0,733221559,benjidarma,Benji,154,False
https://x.com/toe_giman/status/2077699532020957341?s=20,2077699532020957341,2078250965501878771,"Makanya kalian tuh dibayar 50k buat milih presiden jangan mau. Goblok. Dikira presiden gaada pengaruh nya dalam hidup lu di negara ini? Saat lu milih pemimpin cerdas, pasti programnya jg bikin rakyatnya cerdas. Kalo lu milih presiden isi otaknya cuman sawit, duit, buncit. Ya gini",['toe_giman'],Fri Jul 17 22:50:16 +0000 2026,0,0,0,0,34.0,1014725267950977024,run4woo,nyuwr-,446,False
https://x.com/tempodotco/status/2079899270199595250?s=20,2079899270199595250,2079906397396070485,Saya akan lawan...,['tempodotco'],Wed Jul 22 12:28:22 +0000 2026,0,0,0,0,87.0,2025589789001744384,txtdarithreads,txt dari Threads,100,False
https://x.com/kompascom/status/2079198548089041058?s=20,2079198548089041058,2079580208487911781,diserang karena kasih makan anak indonesia itu adalah moment dimana rakyat harus tanya ke diri sendiri siapa yg mau diserang dan apa yg mereka dapat dari menyerang program untuk anak kecil 🥹,['kompascom'],Tue Jul 21 14:52:13 +0000 2026,0,0,0,0,7.0,1652309900,ThrasherShakeem,shakeem thrasher ,1,False
https://x.com/BarisanOpOsisi/status/2076122669045719102?s=20,2076122669045719102,2076299253983613085,MBG libur bahan pokok kok jadi murah ya...🤔,['BarisanOpOsisi'],Sun Jul 12 13:34:52 +0000 2026,1,0,0,0,46.0,4737070333,mkjf123,Astaga,1247,False
https://x.com/kompascom/status/2077241661911130210?s=20,2077241661911130210,2077316087113523524,"Saya berdoa dan menyetujui agar secepatnya mitra MBG berhenti masal. Amin
Kembalikan ekosistem seperti sediakala",['kompascom'],Wed Jul 15 08:55:24 +0000 2026,3,0,0,0,249.0,1555427600641949697,Akarpisank,Lemontea ,231,False
https://x.com/txtdrimedia/status/2079189585167532416?s=20,2079189585167532416,2079750610384228689,"anjing anjing, punya presiden kok guoblog bgt yaa 😭😭 trs dia selama ini ngapain aja? bisa bisanya seorang presiden ngomong ""tapi terus terang saja, saya sendiri tidak menduga bbrp permasalahan itu di luar perkiraan"" 😭😭",['txtdrimedia'],Wed Jul 22 02:09:20 +0000 2026,1,0,0,0,377.0,1866024497297620992,cowi_unch,NaRa 🐈‍⬛,12,False
https://x.com/LambeSahamjja/status/2080933139564949662?s=20,2080933139564949662,2081218402031419604,Emang tujuannya cmn dapet pemain bola doang? Lah sarana prasarana pendidikan diabaikan? Kocak,['LambeSahamjja'],Sun Jul 26 03:21:48 +0000 2026,0,0,0,0,55.0,542575368,dody_dodcom,Dody firman,6,False
https://x.com/Naandaa27/status/2079066649509142970?s=20,2079066649509142970,2079144586002489592,Anak anak sekolah tugasnya bukan hanya belajar tapi juga bawa² ompreng mbg haha,['Naandaa27'],Mon Jul 20 10:01:12 +0000 2026,1,0,0,0,140.0,1808223842525208576,blossomnawa,nana 💮,2354,True
https://x.com/menuembegejelek/status/2032285800097071555?s=20,2032285800097071555,2032361925141770750,Mbg ponakan SD aku buat 7 hari https://t.co/JlPlWpDAab,"['menuembegejelek', 'toodumbtodai']",Fri Mar 13 07:43:37 +0000 2026,0,0,0,0,293.0,1546386270536216576,wething_,wdyt,23,False
https://x.com/Hidupsebagai62/status/2064707522078879832?s=20,2064707522078879832,2064923102149329069,sepakat🫱🏼‍🫲🏽,['Hidupsebagai62'],Thu Jun 11 04:10:06 +0000 2026,17,1,0,0,4098.0,1544688618534408192,MasMasBiassaa,Tukang Mobil Mobilan,106070,True
https://x.com/ardisatriawan/status/2080621729022693665?s=20,2080621729022693665,2080622746833453143,"Iya biar anak anak kuat ngelewatin jembatan, mbg kan selama nya",['ardisatriawan'],Fri Jul 24 11:54:53 +0000 2026,0,0,0,0,42.0,1759547392943337472,aprillariz,Rizki Aprilla,4240,True
https://x.com/bersuwara_/status/2075762961818472514?s=20,2075762961818472514,2075969247466123555,Wow murah bangett,['bersuwara_'],Sat Jul 11 15:43:32 +0000 2026,1,0,0,0,23.0,2034460758566907904,GammnaQ,Yuyu_12,6,False
https://x.com/Beritasatu/status/2079148987916107847?s=20,2079148987916107847,2079241075093541273,"analogi :
gue curi motor aja kalian marah satu kampung!!!
pejabat itu aja korupsi triliunan kalian diam!! 
gue mencuri karena gue mo beli iphone doang..
itu pejabat korupsi triliunan foya foya..",['Beritasatu'],Mon Jul 20 16:24:37 +0000 2026,3,1,0,0,208.0,1151165074339323904,plantingwith_u,badman,22,False
https://x.com/toe_giman/status/2077699532020957341?s=20,2077699532020957341,2078853379250585818,"Guendeng tenan iki, ngawur sekali bangunan sekolah dibuat MBG.",['toe_giman'],Sun Jul 19 14:44:03 +0000 2026,0,0,0,0,,1892099222339715074,om_soegie,Om Soegie,1,False
https://x.com/ARSIPAJA/status/1893601702273806465?s=20,1893601702273806465,1893613152014614598,"Efisiensi tuh buat rakyat, kalau pejabat bebas...",['ARSIPAJA'],Sun Feb 23 10:45:31 +0000 2025,4,0,0,0,899.0,1604650474724265985,bakanosan1,bakanosan1,705,False
https://x.com/LambeSahamjja/status/2081381717244555418?s=20,2081381717244555418,2081385663627497838,Logika penjunjung ama yang dijunjung emang ga jauh beda🗿,['LambeSahamjja'],Sun Jul 26 14:26:27 +0000 2026,0,0,0,0,59.0,1986452222310580224,chillguy0370155,Sayaaslinyaduaorang,386,True
https://x.com/PartaiSocmed/status/2079853104879837373?s=20,2079853104879837373,2080143935012561312,Ternyata bnyak mafia juga sampe bu Nanik di teror 🥺,['PartaiSocmed'],Thu Jul 23 04:12:15 +0000 2026,1,0,0,0,136.0,1604408934525464576,xquitavee,Vëe Kyoshi🀄,16727,True
https://x.com/BarisanOpOsisi/status/2076122669045719102?s=20,2076122669045719102,2076253403567796255,yang kelaparan adalah para pemilik dapur dan relawan dapur sppg yang tidak ada pemasukan dan sisa makanan yg bisa dibawa mereka pulang,['BarisanOpOsisi'],Sun Jul 12 10:32:40 +0000 2026,1,0,0,0,95.0,241821166,ar3nAja,haren,24,False
https://x.com/ardisatriawan/status/2080621729022693665?s=20,2080621729022693665,2080623630074126476,Berasa lagi ikut challenge ninja ninja an,['ardisatriawan'],Fri Jul 24 11:58:24 +0000 2026,0,0,0,0,12.0,2860391112,wibunihongo_,Wibu,4146,True
https://x.com/txtdrimedia/status/2079189585167532416?s=20,2079189585167532416,2079198841535185206,"Dia baru banguuuuuuun, selama ini yang pidato berapi-api dan gak berisi siapa dong????",['txtdrimedia'],Mon Jul 20 13:36:48 +0000 2026,1,0,0,0,492.0,1136872958,Menk______,B❁ugⓔ𝐍v𝐢LLẹ ⋆ꗃ𓂅,9512,True
https://x.com/toe_giman/status/2077699532020957341?s=20,2077699532020957341,2077826892489703882,"Udah pada rusak nih pengelolanya, harusnya apapun yang berkaitan dengan fasilitas pendidikan gak boleh dipakai untuk kepentingan apapun selain dari itu.",['toe_giman'],Thu Jul 16 18:45:09 +0000 2026,0,0,0,0,444.0,1739850501976719360,ssuzeffelt32125,Just.npc,4,False
https://x.com/PartaiSocmed/status/2079853104879837373?s=20,2079853104879837373,2079883269215051985,"Tum, yg neror klo gk cokl*t ya ij*. Kan pemain utama jg 2 itu.",['PartaiSocmed'],Wed Jul 22 10:56:28 +0000 2026,0,0,0,0,1056.0,941243715946930176,ToyoAjjah,toyo ajjah,156,False
https://x.com/LambeSahamjja/status/2080933139564949662?s=20,2080933139564949662,2080958256130969811,"Pendukung Prawowo orang tolol tolol kok di tanya soal skala prioritas.. tujuan utama MBG itu merampok uang negara dengan dalih memberi makan.

Mana ada anak Indonesia tidak makan 2-3x sehari? Semiskin miskinnya tetap makan,malah lebih bagus dari menu MBG 1x",['LambeSahamjja'],Sat Jul 25 10:08:05 +0000 2026,35,4,0,0,1254.0,555870705,BambangSetyadix,BS Shield,136,False
https://x.com/tempodotco/status/2079899270199595250?s=20,2079899270199595250,2079954819738144800,Saya apalagi pak ga punya,['tempodotco'],Wed Jul 22 15:40:47 +0000 2026,0,0,0,0,16.0,975151331693420545,Loaamm,LEO,2225,True
https://x.com/ARSIPAJA/status/1893601702273806465?s=20,1893601702273806465,1893634783261139230,Efisiensi ndhasmu kui 🤣,['ARSIPAJA'],Sun Feb 23 12:11:29 +0000 2025,1,1,0,0,552.0,1348512710015676417,fairusmann,Fairusman,538,False
https://x.com/bersuwara_/status/2075762961818472514?s=20,2075762961818472514,2075973278150308200,PROGRAM SAMPAHH,['bersuwara_'],Sat Jul 11 15:59:33 +0000 2026,1,0,0,0,12.0,2074314098159095808,iniakuntutu,Tutuu 🪵,996,True
https://x.com/Beritasatu/status/2079148987916107847?s=20,2079148987916107847,2079311466055016934,"NIATMU MAU KASIH MAKAN ANAK2 INDONESIA ATAU KASIH MAKAN PARA KORUPTOR ??? LAH WONG MAKANAN BANYAK DIBUANG, DUIDNYA DIKORUPSI ... MASA SEKELAS RAJA OMON-OMON BISA GAK PAHAM MAKSUD RAKYAT ??? ... T****",['Beritasatu'],Mon Jul 20 21:04:19 +0000 2026,4,0,1,0,425.0,825209981452505088,mn_costamendes,MN Costamendes,2,False
https://x.com/Naandaa27/status/2079066649509142970?s=20,2079066649509142970,2079170276051579030,"Astaghfirullah,, please ini daerah mana ini wee",['Naandaa27'],Mon Jul 20 11:43:17 +0000 2026,1,0,0,0,93.0,1622529334450987009,linda_egi,Bidan Nusantara,1224,True
https://x.com/Hidupsebagai62/status/2064707522078879832?s=20,2064707522078879832,2064900658449547549,"sebenarnya program mbg itu bagus, cuman tau sendiri lahh
setiap program2 pemerintah pasti ada aja bawahan nya yg korupsi
jadi yaa, serba salahh",['Hidupsebagai62'],Thu Jun 11 02:40:55 +0000 2026,7,1,0,0,684.0,1660310582741069825,Andrian_250,Andrian,36,False
https://x.com/ardisatriawan/status/2080621729022693665?s=20,2080621729022693665,2080622603065245776,"Btw, nganter MBG nya terus gimana ya kalo jalannya kaya gitu??",['ardisatriawan'],Fri Jul 24 11:54:19 +0000 2026,0,0,0,0,15.0,2065078648055693312,Primastuti96,Mbak,2573,True
https://x.com/BarisanOpOsisi/status/2076122669045719102?s=20,2076122669045719102,2076823118883278907,Btul,['BarisanOpOsisi'],Tue Jul 14 00:16:31 +0000 2026,1,0,0,0,2.0,1934639367672492032,memed_muji63632,Mujiono Memed,25,False
https://x.com/txtdrimedia/status/2079189585167532416?s=20,2079189585167532416,2079822219090550834,"nih orang tiap ngomong gada yang berbobot omongan nya sedikit pun anj, malah bikin emosi ae. mending lu balik ke Yaman aja sono daripada ngobrak ngabrik nih negara",['txtdrimedia'],Wed Jul 22 06:53:52 +0000 2026,0,0,0,0,264.0,2044025910559682562,lilyannezdv,lilyanne,0,False
https://x.com/toe_giman/status/2077699532020957341?s=20,2077699532020957341,2077937758878990692,"si MBG ini makin seenaknya aja gw liat2, rumah kosong jadi dapur MBG, sekarang kelas juga?",['toe_giman'],Fri Jul 17 02:05:42 +0000 2026,0,0,0,0,49.0,451572520,uuutayangg,Lilac~!✨,249,False
https://x.com/PartaiSocmed/status/2079853104879837373?s=20,2079853104879837373,2079869128652009827,"Ngeri banget tun, yang neror itu baju coklat kah??",['PartaiSocmed'],Wed Jul 22 10:00:17 +0000 2026,1,0,0,0,652.0,869843071,izoelsaka,saka,10927,True
https://x.com/txtdrimedia/status/2079154852257513702?s=20,2079154852257513702,2079380396509413665,Coba dulu pakai duit lu sendiri Wo! Gak bakal asa yang kritik apalagi protes. Kalau Pakai APBN jangan baper kalau dikritik atau diprotes. APBN bukan duitnya MBAH MU!,['txtdrimedia'],Tue Jul 21 01:38:14 +0000 2026,0,0,0,0,28.0,144315786,nami_idah,Adil untuk semua 🇲🇨,115,False
https://x.com/LambeSahamjja/status/2079728084748738660?s=20,2079728084748738660,2079758575258468458,"Kepala BGN sebelum nya terjerat  korupsi, sedangkan pengganti nya memilih mundur
ini proyek tanggunganya besar Dunia dan akhirat, kita tdk tahu Org yg membayar pajak ikhlas apa tidak uangnya buat proyek MBG",['LambeSahamjja'],Wed Jul 22 02:40:59 +0000 2026,0,0,2,0,1190.0,1444697931546705924,bocahpinter10,Orang mapan,21,False
https://x.com/LambeSahamjja/status/2080933139564949662?s=20,2080933139564949662,2080978255646269894,"Susah si jadi jubir pemerintah soalnya programnya cuman bagi bagi kue, lagian mau nyari Yamal tapi fasilitas dasar kek lapangan bola gratis aja gaada, mereka pikir yamal lahir langsung jago kali gak perlu ke la masia dulu ?",['LambeSahamjja'],Sat Jul 25 11:27:33 +0000 2026,1,0,0,0,723.0,1966750614211497984,sec_acc_luck1,⎯·· ·⎯ ⎯· ⎯⎯· · ·⎯·,5,False
https://x.com/ardisatriawan/status/2080621729022693665?s=20,2080621729022693665,2080929627099562117,Selalu sedih banget hati ini tiap lihat ini 😢,['ardisatriawan'],Sat Jul 25 08:14:19 +0000 2026,0,0,0,0,2.0,1903391060778479616,lovesnasigoreng,IBD Fighter,702,True
https://x.com/kompascom/status/2079198548089041058?s=20,2079198548089041058,2079525900039967038,diserang karena kasih makan anak indonesia itu adalah statement yg paling efektif untuk bikin rakyat sadar bahwa ada pihak2 yg motivasinya bukan untuk indonesia yg lebih baik tapi untuk pak prabowo yg gagal dan dua hal itu sangat berbeda,['kompascom'],Tue Jul 21 11:16:24 +0000 2026,0,0,0,0,60.0,1013214920,ahmadali11222,".M.i.I.e.s Deutcher..,:@milesdeutsher",3,False
https://x.com/Hidupsebagai62/status/2064707522078879832?s=20,2064707522078879832,2064890379573543041,Yg kelaparan bukan anak². Tapi mereka https://t.co/SiV77ZcDdy,['Hidupsebagai62'],Thu Jun 11 02:00:04 +0000 2026,8,1,0,0,267.0,1969301334634663936,WaisakhaP67063,Waisakha. Pm,0,False
https://x.com/BarisanOpOsisi/status/2076122669045719102?s=20,2076122669045719102,2076260484274340317,"Sembako malah murah.... Kelaparan ga kedengeran, mungkin pemilik dan pegawai sppg yang sedikit kekurangan 😂😂😂😂😂",['BarisanOpOsisi'],Sun Jul 12 11:00:49 +0000 2026,1,0,0,0,47.0,1893932980558848000,PapaSinamb94529,Papa mul,6,False
https://x.com/Beritasatu/status/2079148987916107847?s=20,2079148987916107847,2079356922957062591,"Woi bijdi pler @prabowo @gerindra , mau protes apa kalo aparatur nya maling semua? yg pegang senjata, yg buat aturan, yg melaksanakan aturan, yang ngawasi aturan, yg menegakkan aturan, maling semua, apa yg diharapkan sama gerombolan maling ini?",['Beritasatu'],Tue Jul 21 00:04:57 +0000 2026,3,0,0,0,372.0,1956660952545603584,JoeAja21256,JoeAja,1,False
https://x.com/txtdrimedia/status/2079189585167532416?s=20,2079189585167532416,2079234578003501230,https://t.co/ga8i6cGoCS,['txtdrimedia'],Mon Jul 20 15:58:48 +0000 2026,1,0,0,0,281.0,233136491,ktriindah,Indah 🇮🇩💚🇵🇸,310,False
https://x.com/ARSIPAJA/status/1893601702273806465?s=20,1893601702273806465,1893675158939836735,"efisiensi hnya utk rakyat, pejabat mah gas trus",['ARSIPAJA'],Sun Feb 23 14:51:55 +0000 2025,2,0,0,0,928.0,1323054991251140608,KokoSas9,Koko Sas,2,False
https://x.com/PartaiSocmed/status/2079853104879837373?s=20,2079853104879837373,2079936159577473496,"Teror keluarganya pemimpin yg lama aja, mereka pasti juga menikmati hasilnya",['PartaiSocmed'],Wed Jul 22 14:26:38 +0000 2026,0,0,0,0,668.0,2258423881,rie_ssalah,ꦄꦫꦶ,30,False
https://x.com/toe_giman/status/2077699532020957341?s=20,2077699532020957341,2077933511210914153,"Klo misal Dapur MBG diurus ama sekolah dan Komite Sekolah, cm beralih mata rantai korupsinya aja, ga lantas jadi lebih baik. Ya ya ya... Tidak semua. TIDAK SEMUA. Mungkin masih ada sekolah dan Komite Sekolah yg amanah jika dikasih pegang dapur SPPG, tp ga banyak.",['toe_giman'],Fri Jul 17 01:48:49 +0000 2026,0,0,0,0,217.0,1683877417650364418,karetnyaduua,SetengahPorsi,320,False
https://x.com/Naandaa27/status/2079066649509142970?s=20,2079066649509142970,2079317794781553046,"Pdhal pegawai SPPG itu digaji. 
Kenapa guru/kepala sekolahnya mengizinkan sih.",['Naandaa27'],Mon Jul 20 21:29:28 +0000 2026,1,0,0,0,40.0,175752154,taufik_q,TaufikTM,25247,False
https://x.com/Beritasatu/status/2079148987916107847?s=20,2079148987916107847,2079340474331242681,"Kenapa sih manusia satu ini gak sadar gak paham, bukanya cari solusi saat di kasih masukan, malah nyocoot lagi nyocot lagi. Dari dulu Wok kita kritisi segala sesuatu yg menyimpang dan gak normal, dan sekarang ini elo Wooook,dipilih jadi Presiden biar lo bereskan.!!! malah Nyocot",['Beritasatu'],Mon Jul 20 22:59:36 +0000 2026,3,0,0,0,358.0,1733288609837727744,cocot_nyonyor,Cocotnyonyor,1,False
https://x.com/LambeSahamjja/status/2080933139564949662?s=20,2080933139564949662,2080938432805958113,"Jadi kalau besok ada anak habis makan MBG lalu bisa dribble tiga orang kaya Lamine Yamal, berarti programnya berhasil? 😭",['LambeSahamjja'],Sat Jul 25 08:49:19 +0000 2026,1,0,0,0,1552.0,498363181,blesbol,Blesbol ⚽,1118,True
https://x.com/BarisanOpOsisi/status/2076122669045719102?s=20,2076122669045719102,2076808313535357223,"MBG wajib libur selama nya, harta yg membuat peluang jalan usaha korupsi adalah haram",['BarisanOpOsisi'],Mon Jul 13 23:17:41 +0000 2026,1,0,0,0,16.0,1547128384224100353,nengiten,rita m,892,False
https://x.com/Hidupsebagai62/status/2064707522078879832?s=20,2064707522078879832,2064976638119756039,Setuju absolut distop total,"['Hidupsebagai62', 'BukeLeadee']",Thu Jun 11 07:42:50 +0000 2026,8,0,0,0,171.0,1267940786991099905,bangherwin,herwin,14015,True
https://x.com/txtdrimedia/status/2079189585167532416?s=20,2079189585167532416,2079387275155341810,Pak Presiden hrs rajin turun ke lapangan jgn hanya dengar dr menteri yg lapor hanya yg bagus bagus saja …rakyat susah pak apalagi di daerah,['txtdrimedia'],Tue Jul 21 02:05:34 +0000 2026,0,0,0,0,844.0,2051831740524871680,semua_adareason,Cooks,7,False
https://x.com/bersuwara_/status/2075762961818472514?s=20,2075762961818472514,2075845304063332541,Gw yang baru mau belanja mingguan besok udah ketar-ketir untuk nyiapin duit belanja ini https://t.co/W9zFIpYEOf,['bersuwara_'],Sat Jul 11 07:31:02 +0000 2026,1,0,0,0,733.0,45798164,Kinssa_id,K-Inssa. Yapping K-ent,1111,True
https://x.com/ardisatriawan/status/2080621729022693665?s=20,2080621729022693665,2080654841374994702,Ya Allah 😭 noh liat @prabowo @Fraksi_Gerindra,['ardisatriawan'],Fri Jul 24 14:02:25 +0000 2026,0,0,0,0,6.0,896207784835825664,abdulgh70053794,D,318,True
https://x.com/LambeSahamjja/status/2081381717244555418?s=20,2081381717244555418,2081392849183178900,"Pendukung pemerintah ini kok tolol semua pola pikirnya, Dikit-dikit MBG, dikira semua bisa diselesaikan dengan MBG. kalau cuma makan satu kali satu hari semua juga mampu tolol.",['LambeSahamjja'],Sun Jul 26 14:55:00 +0000 2026,1,1,1,0,99.0,2060018862670958592,KeenS_777,Squidward Ganteng,4027,True
https://x.com/toe_giman/status/2077699532020957341?s=20,2077699532020957341,2077784429620342997,"kan kalian yg bermarga pendukung prabowo gibran, selamat menikmati saudara..",['toe_giman'],Thu Jul 16 15:56:26 +0000 2026,0,0,0,0,359.0,1505930303822434305,JasrilJasril1,Jasril Jasril,2,False
https://x.com/LambeSahamjja/status/2079728084748738660?s=20,2079728084748738660,2079750640256041229,Dengar-dengar akan pengobatan jantung beliau ini?,['LambeSahamjja'],Wed Jul 22 02:09:27 +0000 2026,1,0,0,0,358.0,2078632822395506688,Penamorf,Penamorf,65,True
https://x.com/PartaiSocmed/status/2079853104879837373?s=20,2079853104879837373,2079895562493771798,"Kabayang org2 yg dah abisin uang miliaran, titik ke geser, titik di jual",['PartaiSocmed'],Wed Jul 22 11:45:19 +0000 2026,0,0,0,0,1705.0,1394585807948685315,dian67001711,Fandi,8,False
https://x.com/ARSIPAJA/status/1893601702273806465?s=20,1893601702273806465,1893616074123362659,"Prabowo itu gak pernah ngerasain susah hidupnya,jangan berharap punya empati ,, mimpi",['ARSIPAJA'],Sun Feb 23 10:57:08 +0000 2025,3,1,0,0,794.0,714492415088852992,beduireng22,Bedu ireng,458,False
https://x.com/tempodotco/status/2079899270199595250?s=20,2079899270199595250,2080177475016151527,https://t.co/3M2Lq0Y8rw,['tempodotco'],Thu Jul 23 06:25:32 +0000 2026,0,0,0,0,7.0,2342409606,RioDamardjati,Satrio Damardjati,661,False
https://x.com/BarisanOpOsisi/status/2076122669045719102?s=20,2076122669045719102,2076246922264969397,"Yg cuman gerombolan si Onoh yg konslet pemikirannya. 
Soalnya orientasinya cuan.",['BarisanOpOsisi'],Sun Jul 12 10:06:55 +0000 2026,1,0,0,0,51.0,1830907652295262208,hs_design29,Hs_design,6,False
https://x.com/Beritasatu/status/2079148987916107847?s=20,2079148987916107847,2079338773180219437,"Si dungu ini saking gobloknya kagak tau apa kalo cuman 5% yang dibeliin makanan, sisanya 95% dikorupsi abis abisan. 
Kena azab dah se Indonesia dapet presiden sebegini nya.",['Beritasatu'],Mon Jul 20 22:52:50 +0000 2026,2,1,0,0,474.0,2028546745039544320,munafix2000,munafix 2000,6,False
https://x.com/txtdrimedia/status/2079189585167532416?s=20,2079189585167532416,2079890039471996966,Mengetahui masalah tentu belum cukup. Publik tetap berhak menilai apakah kebijakan benar-benar memperbaiki pendapatan guru dan membuka pekerjaan.,['txtdrimedia'],Wed Jul 22 11:23:22 +0000 2026,0,0,0,0,96.0,2042713857035046912,dikap_ratama,Dika Pratama,1,False
https://x.com/bersuwara_/status/2075762961818472514?s=20,2075762961818472514,2076124103959007322,Pantes gw beli ayam geprek lebih gede timunnya dari pada ayam nya https://t.co/qsgdFQTyON,['bersuwara_'],Sun Jul 12 01:58:53 +0000 2026,2,0,1,0,163.0,404697942,Anythinnnngg,E90,1350,True
https://x.com/LambeSahamjja/status/2080933139564949662?s=20,2080933139564949662,2081524564518162484,"Dalam hati kecilnya BAKOM setuju dengan host, tapi dia sedang menjalankan tugas sebagai antek negara, harus membela majikan",['LambeSahamjja'],Sun Jul 26 23:38:23 +0000 2026,0,0,0,0,7.0,213632212,ndaru_light,gas pol pro tol,36,False
https://x.com/Hidupsebagai62/status/2064707522078879832?s=20,2064707522078879832,2064883687599317169,"Saya dapat pesanan MBG ayam sekilo minta harga 27.000/kg sebanyak 80kg tapi minta nota lagi ditulis 30.000/kg hadeh ini karyawan mbg bagian belanja korupsi banyak banget 3000/kg bisa dihitung korupsi ayam,blm korupsi tempe, sayur dll. Dari bawah aja udah korupsi",['Hidupsebagai62'],Thu Jun 11 01:33:29 +0000 2026,6,0,0,0,205.0,1890991397395968000,kristinur32508,Kristinur Halim,0,False
https://x.com/kompascom/status/2079198548089041058?s=20,2079198548089041058,2079576577982230992,kalau presiden diserang karena program gizi anak maka pertanyaannya bukan kenapa pak prabowo bikin program itu tapi kenapa ada yg mau serang program itu dan jawaban dari pertanyaan kedua itu sangat revealing,['kompascom'],Tue Jul 21 14:37:47 +0000 2026,0,0,0,0,10.0,1255307912,tommydo75,Tom Do,3,False
https://x.com/LambeSahamjja/status/2081381717244555418?s=20,2081381717244555418,2081614857384894497,Oalah moment https://t.co/1O3kfI1314,['LambeSahamjja'],Mon Jul 27 05:37:11 +0000 2026,0,0,0,0,3.0,185540112,ZidanM41,GhostLeader37,38,False
https://x.com/toe_giman/status/2077699532020957341?s=20,2077699532020957341,2077964925604151538,"MBG adalah ranah korupsi yang dilakukan secara blak blakan, dan gak ada yang nindaklanjuti padahal udah banyak dampak buruknya, protes rakyat benar-benar gak didenger",['toe_giman'],Fri Jul 17 03:53:39 +0000 2026,0,0,0,0,4.0,1528254704043495424,blossomsJJ,🫧,19,False
https://x.com/LambeSahamjja/status/2079728084748738660?s=20,2079728084748738660,2079733086670221581,"Udah resmi, REAL. Tafi ada tanggapan dari istana &amp; membenarkan. Jadi sambil dirawat doi ubah posisi jadi dewan pengawas. Gw rasa yg bakal naik jadi kepala BGN yg baru ya Bu Agustina wakilnya. Karena kemarin2 udh handle setiap rilis resmi BGN",['LambeSahamjja'],Wed Jul 22 00:59:42 +0000 2026,0,1,0,0,1546.0,226215210,nunu_29,Gowes yuk,209,False
https://x.com/PartaiSocmed/status/2079853104879837373?s=20,2079853104879837373,2079853446543663435,"inilah jadinya kalau dri awal prosesnya udah busuk, makan getahnya sendiri dah",['PartaiSocmed'],Wed Jul 22 08:57:58 +0000 2026,4,0,0,0,874.0,1855396938813960192,uraquaman,annta,1261,True
https://x.com/ARSIPAJA/status/1893601702273806465?s=20,1893601702273806465,1893607407252627829,sederhana ya cuma air putih,['ARSIPAJA'],Sun Feb 23 10:22:42 +0000 2025,2,0,0,0,1487.0,1392884361280647169,txtbpn,Jaga Marwah,9060,False
https://x.com/Naandaa27/status/2079066649509142970?s=20,2079066649509142970,2079080570206957588,Gpp..capeknya anak anak akan terbayar dengan menu makanan yg konon katany lezat n bergizi itu...😁,['Naandaa27'],Mon Jul 20 05:46:50 +0000 2026,1,0,0,0,447.0,1673522902690586624,yanyan937355,Yanyan,1118,False
https://x.com/txtdrimedia/status/2079154852257513702?s=20,2079154852257513702,2079373933019795478,"Kita teriak2 MBG dikorupsi, distop dlu, perbaiki tata kelolanya, biar gak dimaling, tuh dianggapnya apa sih ama dia? Sepakat ama goal nya, tapi caranya itu yg perlu dipikirin.",['txtdrimedia'],Tue Jul 21 01:12:33 +0000 2026,0,0,0,0,21.0,37564776,arivrh,13Y12,291,False
https://x.com/Beritasatu/status/2079148987916107847?s=20,2079148987916107847,2079387046683300292,Fakta sudah jelas pak.. MBG ladang korup.. bpk aja yg tdk respect.. mau MBG tetap jln..tapi faktanya du lapangan bobrok .. ganti presiden dan wapres.. bubarkan rezim Prabowo..MBG maling berkedok gizi..,['Beritasatu'],Tue Jul 21 02:04:39 +0000 2026,2,1,0,0,96.0,1613018645088833536,Aja8Rachman,Rachman Aja,130,False
https://x.com/ardisatriawan/status/2080621729022693665?s=20,2080621729022693665,2080957750407020545,Ini daerah yang anak pejabatnya doyan flexing itu kan?,['ardisatriawan'],Sat Jul 25 10:06:04 +0000 2026,0,0,0,0,4.0,2073157179679571968,MasboxIsHere,Besok Libur,860,True
https://x.com/tempodotco/status/2079899270199595250?s=20,2079899270199595250,2079917231392321708,Saya gak tanya,['tempodotco'],Wed Jul 22 13:11:25 +0000 2026,0,0,0,0,25.0,1660455896399626240,jonynbvl,jony,10,False
https://x.com/LambeSahamjja/status/2080933139564949662?s=20,2080933139564949662,2081181824311841278,"Dikira rakyat bodoh apa,tapi heranya masih banyak yg dukung pdhl udah sering keluar statement bodoh keluar dari mulut presiden dan kroco nya",['LambeSahamjja'],Sun Jul 26 00:56:28 +0000 2026,0,0,0,0,132.0,1727517463473176576,Abiem_,Abiie,39,False
https://x.com/txtdrimedia/status/2079189585167532416?s=20,2079189585167532416,2079539815268094456,"Aduh gimana ini bisa seperti ini pemimpin kita, apa ga ada penasehat, apa ga ada para menteri yg bekerja. Apa ga ada tim survey. Kalo gempa mungkin pantes tidak dapat diduga. Hadeuh.",['txtdrimedia'],Tue Jul 21 12:11:42 +0000 2026,0,0,0,0,537.0,1726265270539603968,ud44241,Uden Surahman,74,False
https://x.com/bersuwara_/status/2075762961818472514?s=20,2075762961818472514,2075879957923013099,"hadehh emang mbg dihapus atau dibenerin aja sih sistemnya atau eksekusinya gitu ih, bener ya kalo mbg stop ya bahan pangan juga turun",['bersuwara_'],Sat Jul 11 09:48:44 +0000 2026,1,0,0,0,33.0,2074395222466002945,matchaarins,arinn,1438,True
https://x.com/menuembegejelek/status/2032285800097071555?s=20,2032285800097071555,2032354568340980035,"Yg kiri: olahannya seger dipandang mata, kerasa lengkap, dan seratnya pake sayur instead buah
Yg kanan: Seratnya pake buah, porsinya ngeledek bgt (g kenyang klo segitu mah), si gizi berasa g ke deliver dgn porsi segitu (walau di perhitungan kecapai)
MBG BEGO. MUSNAH AJ PROGRAMNYA","['menuembegejelek', 'toodumbtodai']",Fri Mar 13 07:14:23 +0000 2026,0,0,1,0,10.0,1543430844638842880,Ikan_Cegukan,HiccupFish,12,False
https://x.com/kompascom/status/2079198548089041058?s=20,2079198548089041058,2079595806399877359,pak prabowo diserang karena mbg dan dalam menghadapi serangan itu beliau tidak stop malah makin keras defend program untuk anak indonesia dan itu adalah pemimpin yg tau apa yg diperjuangkan,['kompascom'],Tue Jul 21 15:54:11 +0000 2026,0,0,0,0,5.0,421290575,inzooo450,inzooo450,0,False
https://x.com/Hidupsebagai62/status/2064707522078879832?s=20,2064707522078879832,2065237819199762711,"Nanik Deyang panik namanya masuk daftar Maling Berkedok Gizi 

https://t.co/C19mNVCm2B",['Hidupsebagai62'],Fri Jun 12 01:00:41 +0000 2026,2,2,0,0,344.0,4200694752,Ari3Pras,Ari3Pras ☯️,15330,True
https://x.com/LambeSahamjja/status/2079728084748738660?s=20,2079728084748738660,2079792330538971547,"Zaman sekarang itu kalo ada yang mundur, perlu dicurigai. Bukan suudzon ya. Tapi mundur dari jabatan karena sakit atau berbuat kesalahan bukan budaya pejabat kita.",['LambeSahamjja'],Wed Jul 22 04:55:06 +0000 2026,2,0,0,0,554.0,140324336,aanwar_sanusi,Achmad Anwar Sanusi,2156,True
https://x.com/kompascom/status/2077241661911130210?s=20,2077241661911130210,2077293761705701771,"Untuk memperbaiki kualitas pendidikan hulunya dulu yang harus diperbaharui, dosen, guru, belajar keluar negri/ indikatornya apakah sudah sama dengan n Jepang, Korea Selatan, Malaysia,.. Dstnya",['kompascom'],Wed Jul 15 07:26:41 +0000 2026,3,0,0,0,940.0,1918222262874083328,orglama875115,orglama,6,False
https://x.com/BarisanOpOsisi/status/2076122669045719102?s=20,2076122669045719102,2076528214424600625,Yg “lapar” yg cuan,['BarisanOpOsisi'],Mon Jul 13 04:44:41 +0000 2026,2,0,0,0,6.0,1028427326327992320,Herzoe_Aja,RI_S,1356,True
https://x.com/ARSIPAJA/status/1893601702273806465?s=20,1893601702273806465,1893674335040045552,Ya itu tujuannya efisiensi. Biar yg sengsara rakyatnya aja. Pejabat jangan,['ARSIPAJA'],Sun Feb 23 14:48:38 +0000 2025,3,0,0,0,1009.0,1039509356650233857,darkkkwallpaper,dark football wallpaper,114,False
https://x.com/PartaiSocmed/status/2079853104879837373?s=20,2079853104879837373,2079874036591649048,Raja dan Ratu.... HOAX bhuehuehue https://t.co/AGGftWHd35,['PartaiSocmed'],Wed Jul 22 10:19:47 +0000 2026,3,0,1,0,268.0,2682597133,johnnie_muhan,Johnnie,3048,False
https://x.com/Beritasatu/status/2079148987916107847?s=20,2079148987916107847,2079210357307130320,"Lo lo 
Kalo tahu SDA hilang ya di berantas. 
Bukannya disana “tempat oligarki ngopi bareng”?
Kenapa ya narasinya nyalahin Rakyat yg bayar pajak utk bayar pembangunan dan pejabat??
Aneh KONOHA",['Beritasatu'],Mon Jul 20 14:22:33 +0000 2026,3,0,0,0,401.0,516690339,amin_wongNU,SantriKendi,1372,False
https://x.com/tempodotco/status/2079899270199595250?s=20,2079899270199595250,2080122150544191839,TEROSSS? APA HAH???,['tempodotco'],Thu Jul 23 02:45:42 +0000 2026,0,0,0,0,10.0,1332148606262857728,shinuigami,𝙉𝙖𝙣𝙤,98,False
https://x.com/bersuwara_/status/2075762961818472514?s=20,2075762961818472514,2075947255073477075,"EH IYAAA, barusan banget beli ayam harganya udah 33rb/kg. Padahal kemarin lusa masih 28rb/kg",['bersuwara_'],Sat Jul 11 14:16:09 +0000 2026,1,0,0,0,229.0,1291805102315954176,zaavyyy_,Zavier,882,True
https://x.com/txtdrimedia/status/2079154852257513702?s=20,2079154852257513702,2079187346701041666,"Ngeri bener kalo tiap kritik, dianya denial terus. Takutnya kritik yg mempan cuma ajal. Gilllaaakkk",['txtdrimedia'],Mon Jul 20 12:51:07 +0000 2026,0,0,0,0,101.0,314105223,jvncs_,ꦤꦸꦂ ꦧꦸꦢ꧀ꦲꦶ,277,False
https://x.com/txtdrimedia/status/2079189585167532416?s=20,2079189585167532416,2079504480169771425,Saatnya mengeluarkan meme 😭😭 https://t.co/QOm9YsZpMS,['txtdrimedia'],Tue Jul 21 09:51:18 +0000 2026,0,0,0,0,404.0,102665888,OyindTalks,PsychMD,975,True
https://x.com/LambeSahamjja/status/2080933139564949662?s=20,2080933139564949662,2080979912828285095,Sementara banyak anak anak yg jijik sama makanan MBG..buktinya banyak yg terbuang,['LambeSahamjja'],Sat Jul 25 11:34:08 +0000 2026,0,0,0,0,577.0,2802008870,trioartpic,artpic,8,False
https://x.com/kompascom/status/2079198548089041058?s=20,2079198548089041058,2079592022839816206,pak prabowo diserang karena mbg dan dalam menghadapi serangan itu beliau tidak stop malah makin keras defend program untuk anak indonesia dan itu adalah pemimpin yg tau apa yg diperjuangkan,['kompascom'],Tue Jul 21 15:39:09 +0000 2026,0,0,0,0,5.0,1312270225,AmoAKarinaYAKun,mily diaz,0,False
https://x.com/Hidupsebagai62/status/2064707522078879832?s=20,2064707522078879832,2064907837793517940,Stop total..,"['Hidupsebagai62', 'sumpanto']",Thu Jun 11 03:09:27 +0000 2026,3,1,0,0,154.0,36009942,areev_r,🅰🆁🅴🅴🆅 ®️ 🇮🇩⚖🇵🇸,16266,False
https://x.com/menuembegejelek/status/2032285800097071555?s=20,2032285800097071555,2032358505160880366,"Kalau intinya,
Ini perbedaan Free Market (kiri) dan Communism (kanan)

Silahkan debat 😁🤘","['menuembegejelek', 'toodumbtodai']",Fri Mar 13 07:30:01 +0000 2026,0,0,0,0,112.0,1464687187514081284,GeorgeWasintorn,George_washington,47,False
https://x.com/Naandaa27/status/2079066649509142970?s=20,2079066649509142970,2079114023237476442,Walah gmn sih konsepnya,['Naandaa27'],Mon Jul 20 07:59:45 +0000 2026,2,0,0,0,275.0,224431376,P3gEl,5tePh3N,59653,True
https://x.com/PartaiSocmed/status/2079853104879837373?s=20,2079853104879837373,2079860016493089020,Tuh terbukti kalau MBG itu yang senang para preman dapur MBG,['PartaiSocmed'],Wed Jul 22 09:24:04 +0000 2026,3,0,0,0,669.0,2006560318999375873,Bertahanmimpi,IDE-IDE,1046,True
https://x.com/BarisanOpOsisi/status/2076122669045719102?s=20,2076122669045719102,2076259687432081602,https://t.co/d5o01DlR8w,"['BarisanOpOsisi', 'JikoSedoe59893']",Sun Jul 12 10:57:39 +0000 2026,2,1,0,0,26.0,1872715963269038084,Natanael1587619,Natanael,95,False
https://x.com/LambeSahamjja/status/2079728084748738660?s=20,2079728084748738660,2079778097168286037,"Infonya jantung ybs bermasalah, sehingga sering nangis 😂😂😂 khawatir kalo ada OTT jantung dia bisa copot",['LambeSahamjja'],Wed Jul 22 03:58:33 +0000 2026,1,0,0,0,29.0,1914235759600795648,babehbinong,Babeh,134,False
https://x.com/Beritasatu/status/2079148987916107847?s=20,2079148987916107847,2079419951962788245,"Rkyt jg HERAN pleciden/rezim kok sok pintar, sll HINA RKYT, LANGGAR UU/ATURAN,HEDON,OTORITER, FASIS &amp; KKN. Wo..kejahatan kalian sbg aparat/pjbt/birokrt negara dilakukan diam² spt praktik UNDER-INVOICING shg RKYT TDK PERNAH TAHU. Kalian MARK-UP APBN dr prjlnan dinas apa rkyt tahu? https://t.co/IcPJzdjl1P",['Beritasatu'],Tue Jul 21 04:15:24 +0000 2026,2,2,1,0,87.0,1639702091928338432,DaudJTP,DAUDJTP,90,False
https://x.com/ARSIPAJA/status/1893601702273806465?s=20,1893601702273806465,1893639746498269419,Emang lucknut,['ARSIPAJA'],Sun Feb 23 12:31:12 +0000 2025,1,1,1,0,626.0,1737422240965361664,eyelibooaboy,ibooaboy,15,False
https://x.com/toe_giman/status/2077699532020957341?s=20,2077699532020957341,2078191796459290985,"@prabowo liat nih, gara2 program ente, negara jadi kacoooo

Gile lu ndro",['toe_giman'],Fri Jul 17 18:55:09 +0000 2026,0,0,0,0,20.0,35780283,unta_jawa,Unta Jawa,432,False
https://x.com/tempodotco/status/2079899270199595250?s=20,2079899270199595250,2079951502526091624,"Ini orang nya siapa, wowo apa wiwi?",['tempodotco'],Wed Jul 22 15:27:36 +0000 2026,0,0,0,0,13.0,85010118,Republik_komoha,Negeri Omon Omon,5,False
https://x.com/bersuwara_/status/2075762961818472514?s=20,2075762961818472514,2075908463860035873,"Bener kak dari kmaren daging sama telur harganya naik
Tapi di lain sisi, banyak peternak juga seneng karena kmaren pas harga murah mereka yg rugi kak,harga jual di bawah hpp mereka",['bersuwara_'],Sat Jul 11 11:42:00 +0000 2026,1,0,0,0,456.0,2062434906475843584,Threadforge_,Threadforge,1812,True
https://x.com/PartaiSocmed/status/2079853104879837373?s=20,2079853104879837373,2079866958561120600,"Sebenarnya naniek tinggal melaporkan aksi teror dari para pemburu rente titik sppg yg terkena moratorium. Tapi apa daya, naniek sendiri tersandera oleh kepentingannya sendiri atas kepemilikan 3 titik sppg dg gonta ganti identitas. Semoga penggantinya bisa ungkap mafia titik sppg.",['PartaiSocmed'],Wed Jul 22 09:51:39 +0000 2026,3,0,0,0,522.0,1997194601208360960,28_sponge,sponge_28,1102,True
https://x.com/kompascom/status/2079198548089041058?s=20,2079198548089041058,2079586582525526483,pak prabowo bilang saya diserang karena mbg dan itu adalah raw honesty dari presiden yg tidak mau berpura2 bahwa semua orang mendukung programnya padahal dia tau ada yg systematically mau merusaknya,['kompascom'],Tue Jul 21 15:17:32 +0000 2026,0,0,0,0,5.0,2013732673446125569,delazala15,delazala,0,False
https://x.com/Hidupsebagai62/status/2064707522078879832?s=20,2064707522078879832,2065005211345969235,Stop total saja... Dana nya ksih saja ke ortu siswa penikmat mbg,['Hidupsebagai62'],Thu Jun 11 09:36:22 +0000 2026,2,1,0,0,94.0,1510131291525902337,anis_metropool,Anis metropol,822,False
https://x.com/BarisanOpOsisi/status/2076122669045719102?s=20,2076122669045719102,2076455812353216744,"@KSPgoid ini kejadian nyata saat ini, apakah berita spt ini jg dikategorikan dr antek2  asing? @prabowo 🙏🏼🙏🏼🙏🏼✌️",['BarisanOpOsisi'],Sun Jul 12 23:56:59 +0000 2026,1,0,0,0,26.0,921516467853565954,riefsme,riefs,544,False
https://x.com/menuembegejelek/status/2032285800097071555?s=20,2032285800097071555,2032367160941822229,"apapun yg dilakukan penguasa sana memang sengaja bikin rakyat itu bodoh, karena kalau pintar pasti mengancam kekuasaan nantinya","['menuembegejelek', 'toodumbtodai']",Fri Mar 13 08:04:25 +0000 2026,0,0,0,0,18.0,1495649980438044677,AkbrWardhana,Wardhana Akbr,134,False
https://x.com/tempodotco/status/2079899270199595250?s=20,2079899270199595250,2080113363573768508,Apapun yg dikatakan politisi itu meragukan,['tempodotco'],Thu Jul 23 02:10:47 +0000 2026,0,0,0,0,10.0,1398771894585761796,SaidNur37,nur saidi,5,False
https://x.com/Naandaa27/status/2079066649509142970?s=20,2079066649509142970,2079167585632104638,"Keren, 
doanya semoga sppg dan yg terkait habis ini kaya raya 7 turunan, tapi duitnya musti dipake buat berobat seumur hidup, boleh gak kalo gitu",['Naandaa27'],Mon Jul 20 11:32:36 +0000 2026,1,0,0,0,90.0,142955710,novianra,noviandra,88,False
https://x.com/LambeSahamjja/status/2079728084748738660?s=20,2079728084748738660,2079754881032925612,"Baru seumur jagung udah ada drama mundur, tanda tanda programnya emang serumit itu ya haha",['LambeSahamjja'],Wed Jul 22 02:26:18 +0000 2026,2,0,0,0,336.0,1216921594141896704,cheesebursttd,Chocolate,1478,True
https://x.com/ardisatriawan/status/2080621729022693665?s=20,2080621729022693665,2080633149290402230,Lalu MBG nya diantar pakai apa ya itu?😅😅,['ardisatriawan'],Fri Jul 24 12:36:13 +0000 2026,0,0,0,0,10.0,2066547342447435776,nodramasgirl,No Dramas Girl,1149,True
https://x.com/LambeSahamjja/status/2080933139564949662?s=20,2080933139564949662,2081114148898050060,"Ngasi makan cuma 1 hari sekali doang berlagak memperbaiki gizi
Dan gitu mending bener makanan nya, banyak gagal total/jauh dari kata bergizi. 
Alibi doang",['LambeSahamjja'],Sat Jul 25 20:27:32 +0000 2026,1,0,0,0,542.0,1288666756781731841,alam_pondok,Umar Bakri,4,False
https://x.com/ARSIPAJA/status/1893601702273806465?s=20,1893601702273806465,1893664863643156872,"Sama kek si harto sama si karno,udah tau negeri nya lagi sekarat malah korupsi besar besaran,ngadain pesta pesta lagi,nah ya udah ini lah keturunan nya,sama sama tolol",['ARSIPAJA'],Sun Feb 23 14:11:00 +0000 2025,2,0,0,0,510.0,1367405486325125126,Redbullidn,Banteng merah,233,False
https://x.com/bersuwara_/status/2075762961818472514?s=20,2075762961818472514,2075874188179669076,"mbg harus belajar dari kantin RS di indo, makanan untuk pasien nya sehat"" mungkin bisa jadi acuan untuk anak anak juga toh sama sama bergizi",['bersuwara_'],Sat Jul 11 09:25:48 +0000 2026,1,0,1,0,50.0,1175945005707321345,edellweis_,delll,2639,True
https://x.com/Beritasatu/status/2079148987916107847?s=20,2079148987916107847,2079300239731876067,"Logikanya harusnya itu fokus pemerintah dong, kemana selama 34 tahun triliyunan menguap? Usut tuh uangnya kemna aja? Sekarang malah nambah²in program yg syarat akan celah korupsi, ya iyalah! para pakar koar².",['Beritasatu'],Mon Jul 20 20:19:43 +0000 2026,4,0,0,0,149.0,1680994732405829633,nurs_fuad,Nunu_7lung,8,False
https://x.com/toe_giman/status/2077699532020957341?s=20,2077699532020957341,2077902744904696285,"Inilah kerjaan  paling tolol, setolol  tololnya. 

Pengin anak kenyang,,tapi sekolah  di tiadakan. 

Goblok.",['toe_giman'],Thu Jul 16 23:46:34 +0000 2026,0,0,0,0,71.0,1108609866677936128,MhdHida70558206,Mhd Hidayat,355,False
https://x.com/kompascom/status/2077241661911130210?s=20,2077241661911130210,2077451535550996529,"Wahai mitra MBG ketahuilah bahwasanya negara Anda sudah kolebs, banyak korupsi di mana2, banyak tumbal dari program prioritas presiden yang berjatuhan. Jadi jika anda mau mogok massal malah bagus memang itu yang diinginkan rakyat sedari awal 👍",['kompascom'],Wed Jul 15 17:53:37 +0000 2026,3,0,0,0,362.0,1248531922587766784,n_husnun,Robert Flow,10,False
https://x.com/txtdrimedia/status/2079189585167532416?s=20,2079189585167532416,2079895633818001456,"Laporan kementerian dan data statistik menjadi dasar kerja pemerintah. Namun, ukuran akhirnya tetap hasil yang dirasakan masyarakat.",['txtdrimedia'],Wed Jul 22 11:45:36 +0000 2026,0,0,0,0,36.0,2042123634102226944,rfli_keanu,Rafli Keanu,0,False
https://x.com/PartaiSocmed/status/2079853104879837373?s=20,2079853104879837373,2079853666476200187,Nanik : padahal saya gak tau apa apa 😭 https://t.co/gfGSE4Z5uq,['PartaiSocmed'],Wed Jul 22 08:58:50 +0000 2026,2,0,1,0,914.0,2761616815,celsijulid,celsijulid,1534,True
https://x.com/Hidupsebagai62/status/2064707522078879832?s=20,2064707522078879832,2064869291279962566,"kalo di tempatku sebelum mbg di stop juga udah turun bang . tapi entah kenapa narasi di sosmed bilangnya naik Mulu . terus jawab yang no 8 . sebenernya gak ada perintah buat buangin sisa makanan , karna itu tugas mbg nya . gak ada yang nyuruh",['Hidupsebagai62'],Thu Jun 11 00:36:17 +0000 2026,2,0,0,0,357.0,1753807163011817472,UpinIpi19539812,Upin Ipin,0,False
https://x.com/BarisanOpOsisi/status/2076122669045719102?s=20,2076122669045719102,2076244948408791433,yg bertebaran justru berita ttg manusia² julid dgn manfaat MBG😂,['BarisanOpOsisi'],Sun Jul 12 09:59:05 +0000 2026,1,0,0,0,45.0,1756176272353333248,SetiyoGalanduma,Galanduma,20,False
https://x.com/kompascom/status/2079198548089041058?s=20,2079198548089041058,2079575052195164214,pak prabowo bilang saya diserang karena mau kasih makan anak indonesia dan itu adalah statement yg akan selalu diingat karena sangat revealing tentang siapa musuhnya dan siapa yg dia perjuangkan 🙏,['kompascom'],Tue Jul 21 14:31:43 +0000 2026,0,0,0,0,5.0,2013810153922142209,Ranihalima68335,Ranihalimah,0,False
https://x.com/tempodotco/status/2079899270199595250?s=20,2079899270199595250,2080180633855541380,jujur percaya,['tempodotco'],Thu Jul 23 06:38:05 +0000 2026,0,0,0,0,8.0,187091566,leftysikes,leftysikes,196,False
https://x.com/menuembegejelek/status/2032285800097071555?s=20,2032285800097071555,2032381700463063397,"itu nasi katsu 10k harga jual ya. malah modalnya bisa lebih murah lagi, 5 ribu malah harusnya.","['menuembegejelek', 'toodumbtodai']",Fri Mar 13 09:02:11 +0000 2026,0,0,0,0,102.0,311304107,beemo2satrio,Bimo,244,False
https://x.com/ARSIPAJA/status/1893601702273806465?s=20,1893601702273806465,1893631256547459439,udah gitu minumannya pada gak habis malah ada yg gak minum,['ARSIPAJA'],Sun Feb 23 11:57:28 +0000 2025,1,0,0,0,595.0,312125446,ArdiansyahIvan,kang ivan,1297,False
https://x.com/Naandaa27/status/2079066649509142970?s=20,2079066649509142970,2079502294165721484,"nguawurrr parahh program tilek. jam belajar berkurang, tugas guru sebenarnya mendidik malah disuruh ngurusi ompreng. ini lagi malah bikin siswa makin mangkas jam belajar. stop buta sama program begini! emg gjelas tenan",['Naandaa27'],Tue Jul 21 09:42:36 +0000 2026,0,0,0,0,137.0,1467797588946550789,inisialdeh,dayen.,798,False
https://x.com/LambeSahamjja/status/2080933139564949662?s=20,2080933139564949662,2080968983906521367,"dari sekian banyak pihak pemerintah dalam menjelaskan program MBG, semuanya ngacoooo...",['LambeSahamjja'],Sat Jul 25 10:50:42 +0000 2026,0,1,0,0,2370.0,40150410,dhaman_jr,Dhaman Jr,198,False
https://x.com/ardisatriawan/status/2080621729022693665?s=20,2080621729022693665,2080689472736526611,Aaah dasar londo ireng,['ardisatriawan'],Fri Jul 24 16:20:02 +0000 2026,0,0,0,0,8.0,75798033,tasyaFP,"Febriani, Tasya",3272,True
https://x.com/kompascom/status/2077241661911130210?s=20,2077241661911130210,2077587171205329368,Yakin? Ayo coba gembok 1 minggu. Kita lihat bagaimana perubahan dan perkembangan ekonomi di lingkungan masyarakat. Apakah akan ada penurunan belanja atau justru meningkatkan perputaran ekonomi di masyarakat.,['kompascom'],Thu Jul 16 02:52:35 +0000 2026,3,0,0,0,310.0,1350152196222980101,SugarJodyy,Sugarjody,138,False
https://x.com/toe_giman/status/2077699532020957341?s=20,2077699532020957341,2078361787226075241,"emang bangsat kalian,hai para penguasa negri ini,tunggu aja azab dr Tuhan,kalian menzolim rakyat",['toe_giman'],Sat Jul 18 06:10:38 +0000 2026,0,0,0,0,7.0,1757995786217132032,AwkOrang0001,orang awk,5,False
https://x.com/bersuwara_/status/2075762961818472514?s=20,2075762961818472514,2075923203298632044,"Setelah bbrp saat menikmati harga pangan standar, skr dah mulai naik lagi krn mbg udh mo jalan, wkwkwk",['bersuwara_'],Sat Jul 11 12:40:35 +0000 2026,1,0,0,0,311.0,2051863334761406464,kucingmakelar,jejak si cechev,1934,False
https://x.com/Beritasatu/status/2079148987916107847?s=20,2079148987916107847,2079408253872808088,"Lahh kocak??? knapa kalo elu nyadar &amp; skrg jelas2 elu pemimpin, punya kuasa utk mmprtanyakan hal itu, knapa ga dipake (kekuasaannya) buat nyari tau kemana itu hrta ribuan triliun yang menguap selama ini. Hentikan jg sekalian program2 yg jelas2 jadi lahan korupsi!",['Beritasatu'],Tue Jul 21 03:28:55 +0000 2026,4,0,0,0,101.0,1512747518823927814,wadulrahul,wadulsurahul,57,False
https://x.com/BarisanOpOsisi/status/2076122669045719102?s=20,2076122669045719102,2076679035086840119,Tidak ada. Yang ada pegawai kelabakan... Wkwkwkwk,['BarisanOpOsisi'],Mon Jul 13 14:43:59 +0000 2026,2,0,0,0,10.0,1654778292,Muhamma65051169,Jaka,289,False
https://x.com/LambeSahamjja/status/2079728084748738660?s=20,2079728084748738660,2079782748735283224,"saatnya buka kartu yang ibu simpan di dalam kemarin bu ayo. gpp bu keluarkan saja unek-uneknya. supaya menjadi evaluasi. 2029 masih lama masalahnya bu, masih banyak nyawa dan perut yang masih bisa diselamatkan😭🙏🏼",['LambeSahamjja'],Wed Jul 22 04:17:02 +0000 2026,0,0,0,0,1621.0,1977009120151846914,mooochiimango,ami,8,False
https://x.com/kompascom/status/2079198548089041058?s=20,2079198548089041058,2079463500787941621,https://t.co/OMvUy3DEqd,['kompascom'],Tue Jul 21 07:08:27 +0000 2026,0,0,0,0,109.0,581462713,Twan_mu,TWAN MU001,9,False
https://x.com/menuembegejelek/status/2032285800097071555?s=20,2032285800097071555,2032307769269948740,Dikasih jeruk nipis itu,"['menuembegejelek', 'toodumbtodai']",Fri Mar 13 04:08:25 +0000 2026,0,0,0,0,46.0,1840565480396083200,666_mooncake,𝐜𝐚𝐬𝐬𝐚𝐚 ꨄ 𝐣𝐮𝐚𝐥 𝐚𝐩𝐤 𝐩𝐫𝐞𝐦,1668,False
https://x.com/ARSIPAJA/status/1893601702273806465?s=20,1893601702273806465,1893669159608672412,"Kalo MBG tuh menu sama ratakah semua anak? Masalahnya, tiap anak punya kebutuhan gizi yang beda-beda, belom lagi perihal alergi dan lain-lain. Dungu sih kalo masih jalan tuh program",['ARSIPAJA'],Sun Feb 23 14:28:04 +0000 2025,2,0,0,0,1049.0,4646914574,jaketkuning_,Normazisasi,46,False
https://x.com/txtdrimedia/status/2079154852257513702?s=20,2079154852257513702,2079222377280626744,"Padahal yang maling ya kroni kroni mereka. 
Rakyat mah cm di suruh bnyak pajak.
Bukanya pada ngaca , malah sok asik ngatain yg bayar mereka.

Asuuu kabehh",['txtdrimedia'],Mon Jul 20 15:10:19 +0000 2026,0,0,0,0,105.0,1763858432728432640,Mahandi88,jeck Mulyono,25,False
https://x.com/tempodotco/status/2079899270199595250?s=20,2079899270199595250,2080132671800504745,tapi saya wamen sama komut hehe,['tempodotco'],Thu Jul 23 03:27:30 +0000 2026,0,0,0,0,15.0,1638864120,iamslamet,◢ ◤ Slamet Riyadi #NoViralNoJustice,160,False
https://x.com/Naandaa27/status/2079066649509142970?s=20,2079066649509142970,2079389210583437704,Dasar otak TAIK SPPG nya ....hey bangsat elu di bayar sampe terima di meja anak2 dan elu sadar gak anak2 tu disuruh belajar bukan angkut ompreng elu yang dapat duit...bangsat lu,['Naandaa27'],Tue Jul 21 02:13:15 +0000 2026,0,0,0,0,209.0,2057835560648290304,ameaksindo1,ameaksindo,5,False
https://x.com/ardisatriawan/status/2080621729022693665?s=20,2080621729022693665,2080625049804116454,"Berasa lagi ikut ninja warrior 
😭😭",['ardisatriawan'],Fri Jul 24 12:04:02 +0000 2026,0,0,0,0,11.0,1326522271477927936,imfromjakarta13,Abang Jakarta,1457,True
https://x.com/Hidupsebagai62/status/2064707522078879832?s=20,2064707522078879832,2065293790047608946,"Setuju banget. Tapi aku jadi penasaran, kalau anggaran MBG ini beneran dialihkan total, menurut kalian sektor mana yang paling mendesak buat disuntik dana? Pendidikan digital atau fasilitas kesehatan di pelosok? Soalnya data harga turun ini valid banget buat jadi bahan evaluasi.",['Hidupsebagai62'],Fri Jun 12 04:43:05 +0000 2026,0,1,0,0,53.0,791557414675881984,DailyMomentsID,Daily Moments ID,5600,False
https://x.com/toe_giman/status/2077699532020957341?s=20,2077699532020957341,2078043996065346037,"Pendidikan dikurangin, mbg dan kopdes dibanyakin.",['toe_giman'],Fri Jul 17 09:07:51 +0000 2026,0,0,0,0,96.0,1509287922083971076,Alterjakartaa,ALTER JAKARTA,17349,True
https://x.com/BarisanOpOsisi/status/2076122669045719102?s=20,2076122669045719102,2076488366716244021,Yang harga-hargq barang pokok banyak yang turun. Salah satu biang kerok inflasi ternyata MBG.,['BarisanOpOsisi'],Mon Jul 13 02:06:20 +0000 2026,1,0,0,0,23.0,414720363,aa_hamzah,andi hamzah,198,False
https://x.com/kompascom/status/2077241661911130210?s=20,2077241661911130210,2077531891516031054,"Hanya Gegara memenuhi JANJI KAMPANYE, Ahirnya seperti ini?? Meuning dana nya di alokasikan ke BPJS, Pendidikan Gratis &amp; Alokasi BBM. Coba tengok keluhan2 pelayan an BPJS,Hrg2 brg kebutuhan se hari2 mahal BBM pun demikian, aplg situasi di Timur Tengah sp hari ini berklnjtn?",['kompascom'],Wed Jul 15 23:12:56 +0000 2026,3,0,0,0,207.0,2951470836,00c231a11ef748f,Ginandjar Aslama Mau,25,False
https://x.com/bersuwara_/status/2075762961818472514?s=20,2075762961818472514,2075854013837476306,"Program MBG sukses.  
Sukses bikin harga pangan naik.  
Sukses bikin rakyat nambah utang di warung.  
Sukses bikin kami nyesek.",['bersuwara_'],Sat Jul 11 08:05:39 +0000 2026,1,0,0,0,79.0,2068912494257815552,MeloraSaragi,Melora Saragi,3249,True
https://x.com/LambeSahamjja/status/2080933139564949662?s=20,2080933139564949662,2081013921037857167,Tiba-tiba lari ke yamal dong 🤣 balik lagi ke tujuan awal nya MBG itu apa sih? Mengatasi stunting kan? Pemerintah udah liat blm eksekusi nya selama setahun gimana? Nutrisionis dunia muntah darah liat gimana hasil MBG bukan nya memperbaiki gizi malah ngeracunin. BaKom Goblok,['LambeSahamjja'],Sat Jul 25 13:49:16 +0000 2026,6,1,0,0,1134.0,1728405395876769792,siroziqin,Kricil,2,False
https://x.com/txtdrimedia/status/2079189585167532416?s=20,2079189585167532416,2079895799664947413,"Kritik boleh, tetapi jangan memotong hubungan antaada ketidaktahuan soal kondisi masyarakat.",['txtdrimedia'],Wed Jul 22 11:46:15 +0000 2026,0,0,0,0,24.0,2042731998242885632,verap_utri,Vera Putri,0,False
https://x.com/LambeSahamjja/status/2079728084748738660?s=20,2079728084748738660,2079736252988105093,Kita gak suka dengan orangnya bukan artinya kita sesuka hati buat hoax.. Otak jangan jadi sampah dan jangan sampe kelakuan anjing lebih mulia dr kau pembuat konten hoax,['LambeSahamjja'],Wed Jul 22 01:12:17 +0000 2026,0,0,13,0,4769.0,1438301386635051008,FamilySinz,Anak Kampung,28,False
https://x.com/kompascom/status/2079198548089041058?s=20,2079198548089041058,2079435172152504715,https://t.co/PbaSFzR68p,['kompascom'],Tue Jul 21 05:15:53 +0000 2026,0,1,0,0,306.0,2041832395431694336,Kakarototea,kakaroto,21,False
https://x.com/Naandaa27/status/2079066649509142970?s=20,2079066649509142970,2079458152500855277,"bersyukur bgt anak2 di nias skrg udah bs ngerasain makanan bergizi gratis dr pemerintah, kendala jalanan gini emg tugas kita bareng2 buatingatin petugasnya",['Naandaa27'],Tue Jul 21 06:47:12 +0000 2026,0,0,0,0,76.0,1748370739336536064,94_vivip,Viviane,0,False
https://x.com/ARSIPAJA/status/1893601702273806465?s=20,1893601702273806465,1893644867386970435,Murah dan ramah lingkungan karena bisa di daur ulang. https://t.co/OkKlT9oRoK,['ARSIPAJA'],Sun Feb 23 12:51:33 +0000 2025,1,0,0,0,2995.0,32922394,Priyatno,Priyatno Nugroho,89,False
https://x.com/ardisatriawan/status/2080621729022693665?s=20,2080621729022693665,2080634670400872753,"Ini risiko banget 
Demi ilmu ini",['ardisatriawan'],Fri Jul 24 12:42:16 +0000 2026,0,0,0,0,6.0,1663688393304453121,bymas_88,@by.mas,3916,True
https://x.com/tempodotco/status/2079899270199595250?s=20,2079899270199595250,2079924787196100801,"Dia ngga punya tapi yg punya sodara2 nya , sama aja lah Pak...",['tempodotco'],Wed Jul 22 13:41:27 +0000 2026,0,0,0,0,28.0,591558189,DalwijiR,ωιє∂zιє,2963,True
https://x.com/toe_giman/status/2077699532020957341?s=20,2077699532020957341,2077793182759404030,Sebenarnya sekolah itu buat makan atau buat belajar sih?,['toe_giman'],Thu Jul 16 16:31:12 +0000 2026,1,0,0,0,253.0,762639946196713472,gdmdpa2,Gdmdpa,0,False
https://x.com/kompascom/status/2077241661911130210?s=20,2077241661911130210,2077656257876594995,"Program menyalahi &amp; khianati konstitusi yg dipelihara koruptor kelaparan anggaran MBG &amp; KDMP.

Bunyi konstitusi:
~psl 34 UUDRI 1945; fakir miskin &amp; anak terlantar dipelihara negara
~Pembukaan Alenia IV; melindungi, cerdaskan &amp; sejahterakan kehidupan bangsa.
Agar APH proses hukum.",['kompascom'],Thu Jul 16 07:27:07 +0000 2026,2,0,0,0,84.0,1556273938497703938,PrajogoJ7,Jogo Adat~Adab 🇮🇩,71,False
https://x.com/bersuwara_/status/2075762961818472514?s=20,2075762961818472514,2075986777861730765,Ehh ini di tempatku masih 23 ribu/kg mungkin besok akan naikk. Allahuuu emang mbg ni nyusahin rakyat banget bikin harga bahan pangan pada naikk,['bersuwara_'],Sat Jul 11 16:53:12 +0000 2026,1,0,0,0,25.0,1774643088226721792,futurewomann,alicee💐,3986,True
https://x.com/LambeSahamjja/status/2080933139564949662?s=20,2080933139564949662,2080987317284532529,Ga beda ngeyelnya. Yg menjadi dasar ya... Wangsit...,['LambeSahamjja'],Sat Jul 25 12:03:33 +0000 2026,0,0,0,0,139.0,71846303,eyikos,eyikos,338,False
https://x.com/Beritasatu/status/2079148987916107847?s=20,2079148987916107847,2079351114974339405,Yg jadi masalah lo adalah 1) Priotitas penggunaan anggaran yg tidak tepat. 2) pengelolaan MGB amburadul dan dikorupsl 3) komunikasi presiden n menterinya jelek 4) kupingnya budeg nggak mau ndengerin kririk org lain.,['Beritasatu'],Mon Jul 20 23:41:52 +0000 2026,3,0,0,0,296.0,1837445349042192384,Bendipras_67,Wahyu Prastowo,11,False
https://x.com/Hidupsebagai62/status/2064707522078879832?s=20,2064707522078879832,2064853209626402894,"yang nomor 3 itu saya rasakan sendiri, sih. anak saya yang baru 3 tahun masih minum susu uht sebagai selingan. pakai merek tertentu yang kemarin sempat langka. suram banget.",['Hidupsebagai62'],Wed Jun 10 23:32:22 +0000 2026,2,1,0,0,706.0,3087624510,arsenalskitchen,arsenal's kitchen,22358,True
https://x.com/menuembegejelek/status/2032285800097071555?s=20,2032285800097071555,2032358863811580097,Sumpah makin jelek aja ini mbg. Itu pada males masak apa ya sppg.,"['menuembegejelek', 'toodumbtodai']",Fri Mar 13 07:31:27 +0000 2026,0,0,0,0,24.0,1863397999000625152,uniqueestarrs,MaduManis🐝,924,False
https://x.com/ARSIPAJA/status/1893601702273806465?s=20,1893601702273806465,1893610342845956392,"Gw dah lama bahas ini pula wkkw 

Postingan lama bgt 

Emg dasar buzzer",['ARSIPAJA'],Sun Feb 23 10:34:21 +0000 2025,0,1,3,0,14621.0,1387426130769051649,hattaxoxo_HMNE,hattaxoxo,1008,False
https://x.com/tempodotco/status/2079899270199595250?s=20,2079899270199595250,2079924552206066090,"Ya segera bikin Pak, untungnya besar lho punya SPPG",['tempodotco'],Wed Jul 22 13:40:31 +0000 2026,0,0,0,0,31.0,591558189,DalwijiR,ωιє∂zιє,2963,True
https://x.com/toe_giman/status/2077699532020957341?s=20,2077699532020957341,2077868891678916735,"Bapak itu sabar banget. Dia protes, yg di protes dari video terdengar ketawa-ketawa. Kalau saya yg disana di posisi wali murid, udah saya pukul tuh orang yg ketawa",['toe_giman'],Thu Jul 16 21:32:03 +0000 2026,0,0,0,0,128.0,1867621896,allawi_much,Ala-Alawow,201,False
https://x.com/txtdrimedia/status/2079154852257513702?s=20,2079154852257513702,2079194525046878492,"Bnr2 egois dan tidak mau mendengar suara rakyat, semoga gk smpe 2029 dia udh lengser dluan",['txtdrimedia'],Mon Jul 20 13:19:38 +0000 2026,0,0,0,0,68.0,1772720076703371264,dyat0136,dody,10,False
https://x.com/BarisanOpOsisi/status/2076122669045719102?s=20,2076122669045719102,2076613076141633917,https://t.co/88Vyy5s96o,['BarisanOpOsisi'],Mon Jul 13 10:21:53 +0000 2026,1,0,0,0,3.0,1938660856746983424,korupnesia,CORUPTNESIA,17,False
https://x.com/kompascom/status/2079198548089041058?s=20,2079198548089041058,2079568482556137883,diserang karena kasih makan anak bangsa itu adalah absurditas yg hanya bisa terjadi ketika motivasi penyerangnya sudah jauh dari kepentingan rakyat dan sangat dekat dengan kepentingan yg lain 🙏,['kompascom'],Tue Jul 21 14:05:37 +0000 2026,0,0,0,0,6.0,2013825085644382210,misnayalul73906,Misnayaluluk,0,False
https://x.com/LambeSahamjja/status/2079728084748738660?s=20,2079728084748738660,2079777509441413539,Kenapa ya mundur tiba-tiba? Ada apa nih di belakang layar? 👀 https://t.co/XHuxUS5tfY,['LambeSahamjja'],Wed Jul 22 03:56:13 +0000 2026,0,0,0,0,1499.0,2060327754600693760,sobat_meow,sobat meow,505,True
https://x.com/txtdrimedia/status/2079189585167532416?s=20,2079189585167532416,2079222324067483849,"Netizen pas baca: 'Kami juga tidak menduga pak, kalau bapak bakal tidak menduga masalah yang sudah kami rasakan seumur hidup ini'.",['txtdrimedia'],Mon Jul 20 15:10:06 +0000 2026,1,0,0,0,237.0,543227936,mintandmorrow,detspace,1576,False
https://x.com/Naandaa27/status/2079066649509142970?s=20,2079066649509142970,2079457956991729767,"gw tetep apresiasi sih program mbg ini luar biasa impactnya, kl ada kendala medan gini emg hrs dicariin jalan keluar bareng2 bukan malah saling tuduh",['Naandaa27'],Tue Jul 21 06:46:26 +0000 2026,0,0,0,0,60.0,1761407865959354368,E0566739566169,E,1,False
https://x.com/PartaiSocmed/status/2079853104879837373?s=20,2079853104879837373,2079866280933511505,"pantesan aja digerus terus, ternyata mafia mafia titik dapur pada kelabakan gara2  lapak haramnya mau ditutup. ngeri bener maennya ampe teror2an gitu",['PartaiSocmed'],Wed Jul 22 09:48:58 +0000 2026,1,0,0,0,513.0,2074478174990462976,0xYust,Algorame,2617,True
https://x.com/bersuwara_/status/2075762961818472514?s=20,2075762961818472514,2075956758795952380,"Baru hari ini, ayam disini yg tadinya 34ribu sekilo,jadi 40ribu. Telor udah sempet turun di 22rb sekilo,hari ini udah naik jadi 24ribu, ada kemungkinan nambah naik lagi",['bersuwara_'],Sat Jul 11 14:53:55 +0000 2026,1,0,0,0,256.0,918741720166146048,HollyHollywin,holly owend⁷,42,False
https://x.com/bersuwara_/status/2075762961818472514?s=20,2075762961818472514,2076023236798853545,Kan bener berartiii naikk lagii semuaanyaaa bahan bahan ya😭,['bersuwara_'],Sat Jul 11 19:18:04 +0000 2026,1,0,0,0,18.0,1572175743937040384,zejayluv,itsyoursze🧑🏻‍🚀💜,3489,True
https://x.com/bersuwara_/status/2075762961818472514?s=20,2075762961818472514,2075832658869862779,"emang kacau, kemarin harga telor sempet 21k, sekarang naik lagii oiii",['bersuwara_'],Sat Jul 11 06:40:47 +0000 2026,1,0,0,0,297.0,1221274376873504768,Plusnamdua1,BimbinganKonseling,920,True
https://x.com/menuembegejelek/status/2032285800097071555?s=20,2032285800097071555,2032343276439945706,"Di kantin sekolahku bahkan dengan 2 ribu perak murid-muridnya udah bisa makan lontong sayur, mi goreng, nasgor dsb. Rasanya pun enak.","['menuembegejelek', 'toodumbtodai']",Fri Mar 13 06:29:30 +0000 2026,0,0,1,0,856.0,219524298,RFrnssk,MrsBob,51,False
https://x.com/bersuwara_/status/2075762961818472514?s=20,2075762961818472514,2075946196171112951,"yang dibutuhin rakyat itu harga pangan stabil, tiap naik gini rasanya mau hina pemerintah trs. harusnya dari awal udah ada antisipasi biar harga di pasar ga ikut bikin rakyat megap-megap","['bersuwara_', 'menuembegejelek']",Sat Jul 11 14:11:57 +0000 2026,1,0,0,0,367.0,1336674503384911878,rannnkyu,ranitidine,1363,True
https://x.com/menuembegejelek/status/2032285800097071555?s=20,2032285800097071555,2032401560417059049,Itu yang kanan bawah apa jir? Sabu?,"['menuembegejelek', 'toodumbtodai']",Fri Mar 13 10:21:06 +0000 2026,0,0,0,0,34.0,1195728613158506496,ebayanko,Yanko,41,False
https://x.com/menuembegejelek/status/2032285800097071555?s=20,2032285800097071555,2032361728709980404,Yang sebelah kiri bakal dicolong fotonya buat propaganda,"['menuembegejelek', 'toodumbtodai']",Fri Mar 13 07:42:50 +0000 2026,0,0,0,0,53.0,458841507,Gungkrisna12,I Gusti Agung Krisna,116,False
https://x.com/LambeSahamjja/status/2080933139564949662?s=20,2080933139564949662,2081182118772888045,"Gue selama 25 tahun gak pernah tuh yg namanye sarapan pagi, fain-fain aje. lagian yg namanye sarapan itu pagi jam 07 - 08 klo jam 10 itu namanye mindo!",['LambeSahamjja'],Sun Jul 26 00:57:38 +0000 2026,0,0,0,0,54.0,61134478,poetrapetiir,Gundala,70,False
https://x.com/menuembegejelek/status/2032285800097071555?s=20,2032285800097071555,2032322707506020370,"Tapi btw nasi yg sebelah kiri emg beneran ada yg jual begitu dg harga 10K, biasanya anak himpunan prodi ku tiap acara beli di catering langganan modelan gitu seharga 10k dan itu masih manusiawi buat dimakan, enak pula. Heranya kenapa sekelas MBG kok menunya ga masuk akal gitu","['menuembegejelek', 'toodumbtodai']",Fri Mar 13 05:07:46 +0000 2026,0,0,1,0,572.0,1528307104913981440,uoeyyixlm12,Yie | Ellen🍄,78,False
https://x.com/Hidupsebagai62/status/2064707522078879832?s=20,2064707522078879832,2064945464835965302,STOP MBG 🫵🏼,['Hidupsebagai62'],Thu Jun 11 05:38:58 +0000 2026,0,1,0,0,15.0,1463144409361383429,encucad,viethamin ('-')9,25,False
https://x.com/ARSIPAJA/status/1893601702273806465?s=20,1893601702273806465,1893620635214975328,efisienshit,['ARSIPAJA'],Sun Feb 23 11:15:15 +0000 2025,2,0,0,0,538.0,1260072037977976834,wargasipil101,zukata,0,False
https://x.com/Naandaa27/status/2079066649509142970?s=20,2079066649509142970,2079458216422117871,"mgkn petugasnya lg dikit jd adek2nya inisiatif bantuin, tetep ambil sisi positifnya tp tetep harus ada perbaikan fasilitas angkut dr pemerintah",['Naandaa27'],Tue Jul 21 06:47:27 +0000 2026,0,0,0,0,84.0,1853622005062610944,Danycgg,Daniel,3,False
https://x.com/bersuwara_/status/2075762961818472514?s=20,2075762961818472514,2075968961397838127,yaallah gimana besok kalo anak anak udah pada sekolah anjir… yang ada makin MAHAL dan NAIK SEMUA YAALLAH program tai ga guna aja bisa nya nyusahin rakyat doang anjir,['bersuwara_'],Sat Jul 11 15:42:24 +0000 2026,1,0,0,0,65.0,1682621457346740224,yelvyah,mazi,5355,True
https://x.com/LambeSahamjja/status/2080933139564949662?s=20,2080933139564949662,2080960669340582142,Nggak makan sama nggak makan bergizi aja masih kacau pemahamannya 😑,['LambeSahamjja'],Sat Jul 25 10:17:40 +0000 2026,0,0,0,0,242.0,1422497531364143106,aria_resa,Aria Resa,9,False
https://x.com/Beritasatu/status/2079148987916107847?s=20,2079148987916107847,2079221334484349237,Bapak presiden ini kok ngk nyabung sih. kok kemana2 narasinya .seharusnya klu sudah tau ribuan triliun kekayaan negri ini menguap ya   itu tugas presiden membenahinnya bukan cuap2 . yg ngk ada hubungannya dgn MBG,['Beritasatu'],Mon Jul 20 15:06:10 +0000 2026,4,0,0,0,174.0,463959540,gazzebau,Ghazzebao,21,False
https://x.com/Hidupsebagai62/status/2064707522078879832?s=20,2064707522078879832,2064920348076966244,"Ihhh kak jangan terlalu di perjelas gini takutnya ada yang tantrum lagi, teriak-teriak di koridor:( https://t.co/tWXfJ4BBKK",['Hidupsebagai62'],Thu Jun 11 03:59:10 +0000 2026,2,0,0,0,36.0,1580141258432880640,Naaa33900626,Naaa.,3,False
https://x.com/menuembegejelek/status/2032285800097071555?s=20,2032285800097071555,2032573050856861922,itu sabu?,"['menuembegejelek', 'toodumbtodai']",Fri Mar 13 21:42:33 +0000 2026,0,0,0,0,16.0,1189454608227172352,becatiguliiing,m,332,False
https://x.com/TheKerupuk/status/2076503885880205758?s=20,2076503885880205758,2076510142045319556,"adik adik, jangan lupa vaksin ya 🙏 https://t.co/Q8h3ZYhwzw",['TheKerupuk'],Mon Jul 13 03:32:52 +0000 2026,245,24,2,0,14807.0,1291805102315954176,zaavyyy_,Zavier,882,True
https://x.com/Naandaa27/status/2079066649509142970?s=20,2079066649509142970,2079358703707562124,"Walah
Liat anak angkat ompreng mbg aja komplain
Apalagi lihat jamanku sekolah dulu
Yg setiap mau kenaikan kelas harus gotong royong angkat air yg jaraknya 2kman utk ngepel seluruh sekolah
Itu bagian dr pelajaran sosial, biarkan saja",['Naandaa27'],Tue Jul 21 00:12:02 +0000 2026,0,0,0,0,57.0,902752664685076481,ASugiantokizzer,Andre sugiantokizzer,65,False
https://x.com/ARSIPAJA/status/1893601702273806465?s=20,1893601702273806465,1893633543399731681,"Betul tuh, mustinya squades gelas aja 2 buah cuma Rp 5 rb + arem2 1 biji 5 rb... Efisiensh't",['ARSIPAJA'],Sun Feb 23 12:06:33 +0000 2025,0,0,0,0,755.0,138631288,vernandozz,Mannaa Tahaann,155,False
https://x.com/ardisatriawan/status/2080621729022693665?s=20,2080621729022693665,2080828264483078490,"((( Kan supaya ada energi buat nyebrangnya, makanya ada program ini. Masa nggak paham?? )))",['ardisatriawan'],Sat Jul 25 01:31:32 +0000 2026,0,0,0,0,1.0,1916811333083009024,flourishandco_,flourishandco,367,True
https://x.com/BarisanOpOsisi/status/2076122669045719102?s=20,2076122669045719102,2076629121208320270,"Dan hari pertama mbg jalan lagi 
Malah ada kepala sppg mati",['BarisanOpOsisi'],Mon Jul 13 11:25:39 +0000 2026,1,0,0,0,7.0,1001468241800187909,textdaribatam,barangbekasbatam (AABAROKAHJAYA),1389,True
https://x.com/kompascom/status/2079198548089041058?s=20,2079198548089041058,2079556550709100639,pak prabowo diserang karena mbg dan dalam menghadapi serangan itu beliau tidak stop malah makin keras defend program untuk anak indonesia dan itu adalah pemimpin yg tau apa yg diperjuangkan,['kompascom'],Tue Jul 21 13:18:12 +0000 2026,0,0,0,0,10.0,1670818236,trollsxrule,FANDWEA,0,False
https://x.com/Hidupsebagai62/status/2064707522078879832?s=20,2064707522078879832,2064939511604494579,Setuju banget.,['Hidupsebagai62'],Thu Jun 11 05:15:18 +0000 2026,1,0,0,0,46.0,406846504,anmuharani,almaaa🌻,5028,True
https://x.com/tempodotco/status/2079899270199595250?s=20,2079899270199595250,2080120884363465183,KKN ala Prabowo ?,['tempodotco'],Thu Jul 23 02:40:40 +0000 2026,0,0,0,0,9.0,2262190446,arief_noorman,we talk the talk,18,False
https://x.com/menuembegejelek/status/2032285800097071555?s=20,2032285800097071555,2032329316395336189,Mbg ponkaanku hari ini 😅 https://t.co/1xEutnVa13,"['menuembegejelek', 'toodumbtodai']",Fri Mar 13 05:34:02 +0000 2026,0,0,0,0,675.0,1906505137,hbibahbebe20,Asl,42,False
https://x.com/txtdrimedia/status/2079154852257513702?s=20,2079154852257513702,2079464201358057679,"Curiga dlo pas kecil, selalu dimanja Dan dituruti segala keinginannya .. makanya ga bisa dinasehatin gini jadi nya",['txtdrimedia'],Tue Jul 21 07:11:14 +0000 2026,0,0,0,0,11.0,2244458406,BukhariSiregar,Bucho,109,False
https://x.com/LambeSahamjja/status/2080933139564949662?s=20,2080933139564949662,2081210686391374304,Nyatanya anak sekolah swasta yang sppnya mahal aja masuk mbg wkwkw bulshit banget ngomongin sarapan,['LambeSahamjja'],Sun Jul 26 02:51:09 +0000 2026,0,0,0,0,4.0,1097682617355227136,sleepinsideee,duapuluh empat,6,False
https://x.com/TheKerupuk/status/2076503885880205758?s=20,2076503885880205758,2076546924854083894,cocok buat omke gas vaksin ini,['zaavyyy_'],Mon Jul 13 05:59:01 +0000 2026,12,0,0,0,11527.0,2022947167829397507,TheKerupuk,The Kerupuk,42187,True
https://x.com/ARSIPAJA/status/1893601702273806465?s=20,1893601702273806465,1893801148483539411,Tidak mencerminkan kesederhanaan dan efisiensi,['ARSIPAJA'],Sun Feb 23 23:12:33 +0000 2025,1,0,0,0,10.0,1544303873523068928,dedykelana5,Dedy Kelana,7196,True
https://x.com/ardisatriawan/status/2080621729022693665?s=20,2080621729022693665,2080623265685573758,"Ga habis pikir sm pejabat setempat bener2 nir empati, coba dibalik blio yg ke gitu",['ardisatriawan'],Fri Jul 24 11:56:57 +0000 2026,0,0,0,0,13.0,1858514373754720256,justmineok,win🌙,1769,True
https://x.com/BarisanOpOsisi/status/2076122669045719102?s=20,2076122669045719102,2076291949368365068,Keren bngt,['BarisanOpOsisi'],Sun Jul 12 13:05:51 +0000 2026,1,0,0,0,3.0,1660880654358441985,dos135790,dos,53,False
https://x.com/Naandaa27/status/2079066649509142970?s=20,2079066649509142970,2079336882996121980,"Haduhhhhh ada LG ,,ke absurd an di dunia MBG😮‍💨,,Terus up biar SPPG nya kena mental@Nanik S Deyang,gmn itu Bu,ko bisa nya kyk itu,,,wajib di Suspen itu Bu🥱😵‍💫",['Naandaa27'],Mon Jul 20 22:45:19 +0000 2026,0,0,0,0,496.0,1791453285100183552,IisK6291,Iis K,10,False
https://x.com/bersuwara_/status/2075762961818472514?s=20,2075762961818472514,2075849730996031577,Proyek gelo... https://t.co/EJHfcrGqKW,['bersuwara_'],Sat Jul 11 07:48:37 +0000 2026,1,0,0,0,499.0,53713023,BolaNaga,Tri Wahyudi,820,False
https://x.com/Beritasatu/status/2079148987916107847?s=20,2079148987916107847,2079299427504955652,"Ngasih makan anak2 emang keliatan mulia, tp klo separo anggarannya dimaling ya tetap aja namanya maling/korupsi. Inilah liciknya rezim skrg, program yg dikorupsi adalah program kerakyatan, jd maenannya gaslighting model begini ""yg tdk dukung mbg, kamu itu jahat, tdk pro rakyat"".",['Beritasatu'],Mon Jul 20 20:16:29 +0000 2026,3,0,1,0,134.0,1409779818040676363,otaknyakonslet,PEMBURU ORGIL,36,False
https://x.com/kompascom/status/2079198548089041058?s=20,2079198548089041058,2079561533647135129,saya diserang karena ingin beri makan anak indonesia dan kalimat itu akan terus relevan selama mbg jalan dan selama anak2 indonesia terus makan bergizi setiap hari karena program yg diserang itu 🥹,['kompascom'],Tue Jul 21 13:38:00 +0000 2026,0,0,0,0,9.0,994220240,happyday2038,옥미숙,0,False
https://x.com/kompascom/status/2077241661911130210?s=20,2077241661911130210,2077343862822179036,Mogok aja anjing. Persetan sama kalian anjing2 BGN/MBG/SPPG,['kompascom'],Wed Jul 15 10:45:46 +0000 2026,2,1,0,0,93.0,1701117830295601152,bergajulanbets,bergajulanbets,82,False
https://x.com/tempodotco/status/2079899270199595250?s=20,2079899270199595250,2080148631831843007,Wkwkwk,['tempodotco'],Thu Jul 23 04:30:55 +0000 2026,0,0,0,0,8.0,1290489693918773250,nebleuza,nbula,753,True
https://x.com/LambeSahamjja/status/2079728084748738660?s=20,2079728084748738660,2079803300128735627,kandidat kuat nya kayanya beliau https://t.co/RKILDLa5Si,['LambeSahamjja'],Wed Jul 22 05:38:42 +0000 2026,0,0,0,0,657.0,1288026203559882753,AlasGalon,Alas Galon,2729,True
https://x.com/menuembegejelek/status/2032285800097071555?s=20,2032285800097071555,2032333068917489685,Yg menentukan menu itu brrti sppg itu sendiri atau sesuai keputusan mbg daerah tersebut sih.,"['menuembegejelek', 'toodumbtodai']",Fri Mar 13 05:48:57 +0000 2026,0,0,0,0,155.0,1856032906759811073,itszaelany,jaelani,349,False
https://x.com/PartaiSocmed/status/2079853104879837373?s=20,2079853104879837373,2079853396971123142,"Serius banget ya, udah diteror lewat HP sampai rumahnya digeruduk cuma karena bahas ""dapur"" jual beli titik yang dipaksa buka sebelum moratorium",['PartaiSocmed'],Wed Jul 22 08:57:46 +0000 2026,1,0,0,0,1087.0,1594499893178998784,Reussiie,🐙,1082,True
https://x.com/ARSIPAJA/status/1893601702273806465?s=20,1893601702273806465,1893658749312651733,EFFISIESI NDASMU ......@prabowo @Gerindra,['ARSIPAJA'],Sun Feb 23 13:46:42 +0000 2025,1,0,0,0,22.0,1605141843544801280,Ginakyo2,Gina. kyo,257,False
https://x.com/ardisatriawan/status/2080621729022693665?s=20,2080621729022693665,2080950686808961526,"Bodo amat katanya...orang Aceh gak pilih dia...

Ups maaf",['ardisatriawan'],Sat Jul 25 09:38:00 +0000 2026,0,0,0,0,6.0,2028819912580534272,Sweetcheesy8,wie 🍀,4138,True
https://x.com/TheKerupuk/status/2076503885880205758?s=20,2076503885880205758,2076693286132351319,pampam,['TheKerupuk'],Mon Jul 13 15:40:37 +0000 2026,0,0,1,0,779.0,1052155937409007616,aldysuhanda_,Aldy Suhanda,486316,True
https://x.com/txtdrimedia/status/2079154852257513702?s=20,2079154852257513702,2079171428839301143,Warga masyarakat yang selalu mengkritik MBG terus itu warga masyarakat yang tidak  suka Indonesia menjadi negara super power,['txtdrimedia'],Mon Jul 20 11:47:52 +0000 2026,0,0,0,0,54.0,1819051650746925056,herma43884,jaswati,21,False
https://x.com/BarisanOpOsisi/status/2076122669045719102?s=20,2076122669045719102,2076259999509279000,Pas masuk sekolah pada stunting semua. Kata yg onoh...,['BarisanOpOsisi'],Sun Jul 12 10:58:53 +0000 2026,1,0,0,0,45.0,1008750924536299521,Kampay10,Kampay #AllahTempatBersandar,1319,False
https://x.com/Hidupsebagai62/status/2064707522078879832?s=20,2064707522078879832,2065056133862281388,coba dananya dibuat agar lapangan kerja terbuka. orang tua kerja.anaknya dikasi makan sendiri. atau kalaupun tetap ingin ada MBG setidaknya coba beberapa sekolah yg memang membutuhkan.bukan semuanya.,['Hidupsebagai62'],Thu Jun 11 12:58:43 +0000 2026,1,0,0,0,114.0,2035190537469464576,merah248912,merah,4,False
https://x.com/toe_giman/status/2077699532020957341?s=20,2077699532020957341,2078256076013937060,"Kejadian demi kejadian di mana2,soal MBG yg tak pernah ada perbaikan,ruangan sekolah di jadikan tempat untuk MBG,penting mana sih sekolah sama MBG,,,? Kalau dua2nya penting tolong jgn saling merugikan,tapi kalau salah 1 nya lebih penting maka evaluasi yg kurang penting itu.",['toe_giman'],Fri Jul 17 23:10:35 +0000 2026,1,0,0,0,52.0,1595303030785966080,LaKu40462067,Man,346,False
https://x.com/LambeSahamjja/status/2080933139564949662?s=20,2080933139564949662,2080934279438299314,ini kayak seolah-olah kalau semua anak makan gratis besok langsung lahir 11 Lamine Yamal kali ya😭🙏,['LambeSahamjja'],Sat Jul 25 08:32:48 +0000 2026,0,0,0,0,630.0,2037520378533220352,reyuasp,re ꣑୧,1308,True
https://x.com/Naandaa27/status/2079066649509142970?s=20,2079066649509142970,2079458473658736994,"tenang dulu gaes jgn panik, ini jd bukti kl distribusi mbg emg butuh perjuangan, semoga kedepannya ada perbaikan alat transportasi lokal",['Naandaa27'],Tue Jul 21 06:48:29 +0000 2026,0,0,0,0,50.0,1813850560459616256,FDarweesh41279,Fatema Darweesh,0,False
https://x.com/bersuwara_/status/2075762961818472514?s=20,2075762961818472514,2075848968408633756,Haaah di kalian 33 ribu? Di sini kenapa 45 ribu sekilo😭,['bersuwara_'],Sat Jul 11 07:45:36 +0000 2026,1,0,0,0,400.0,1397160572991381511,richiiii_rich,ShadowOfDee ☽̶☾,12,False
https://x.com/txtdrimedia/status/2079189585167532416?s=20,2079189585167532416,2079482295736840335,"yg harus di ingat dia kalah 4x dan itu butuh balik modal yang besar, belum lagi untuk modal periode ke 2",['txtdrimedia'],Tue Jul 21 08:23:08 +0000 2026,0,0,0,0,817.0,333724890,oshostudy,Osho,2,False
https://x.com/ARSIPAJA/status/1893601702273806465?s=20,1893601702273806465,1894261918040560099,Uang untuk rakyat dipotong! Eh buat dirinya hura hura! Hanya satu botol minuman pejabatnya setara 3x makan gratis siswanya! Pemerintah tolol!,['ARSIPAJA'],Tue Feb 25 05:43:29 +0000 2025,1,0,0,0,79.0,1736540959335481344,BriteSmg949,golden dragon,2653,False
https://x.com/txtdrimedia/status/2079154852257513702?s=20,2079154852257513702,2079350450156089656,"Kali2 mah mode incognito deh pak, jgn cuma dpt info dr org sekitarmu aja.. Lihat dan dengar lamgsung di akar rumput kaya gimana keadaannya.",['txtdrimedia'],Mon Jul 20 23:39:14 +0000 2026,0,0,0,0,310.0,1457293685335363584,kemangfav,KemangFav,4,False
https://x.com/TheKerupuk/status/2076503885880205758?s=20,2076503885880205758,2076852806385020943,awas ada kentung disembur,['aldysuhanda_'],Tue Jul 14 02:14:29 +0000 2026,0,0,0,0,694.0,2022947167829397507,TheKerupuk,The Kerupuk,42187,True
https://x.com/BarisanOpOsisi/status/2076122669045719102?s=20,2076122669045719102,2076506383303020684,Bagi para pekerja sppg iya pada kelaparan dan sengsara anak2 klo gak ada mereka sebagai pahlawan,['BarisanOpOsisi'],Mon Jul 13 03:17:56 +0000 2026,1,0,0,0,23.0,1503614450766876674,Utha_san,RinduRTdanbacot,2451,True
https://x.com/tempodotco/status/2079899270199595250?s=20,2079899270199595250,2080064645852016872,Tampang nya belum bisa dipercaya ini barang.,['tempodotco'],Wed Jul 22 22:57:11 +0000 2026,0,0,0,0,9.0,238905610,rajabintang88,juitajelex88,5,False
https://x.com/Beritasatu/status/2079148987916107847?s=20,2079148987916107847,2079209348681933080,Halusinasi wowok sudah tingkat dewa dan sakit jiwa,['Beritasatu'],Mon Jul 20 14:18:33 +0000 2026,4,0,0,0,164.0,1940423112354676736,RayBobby7405,Bobby Ray,6,False
https://x.com/ardisatriawan/status/2080621729022693665?s=20,2080621729022693665,2080624527936192919,"skala prioritas di daerah 3T saat ini:
- akses ke sekolah ❌
- Makaan ✅

Then he said: “nggak ada yang lebih genting dari perut lapar”",['ardisatriawan'],Fri Jul 24 12:01:58 +0000 2026,0,0,1,0,18.0,1917086134104133633,OnBeingHumanId,On Being Human,1265,True
https://x.com/menuembegejelek/status/2032285800097071555?s=20,2032285800097071555,2032323693716914404,terlalu jauuuhhhh perbedaannya wak,"['menuembegejelek', 'toodumbtodai']",Fri Mar 13 05:11:41 +0000 2026,0,0,0,0,106.0,920201380312236032,__PangsitGoreng,Pangsit Goreng🖤,2922,False
https://x.com/kompascom/status/2079198548089041058?s=20,2079198548089041058,2079557834778538311,saya diserang karena ingin beri makan anak indonesia dan kalimat itu akan terus relevan selama mbg jalan dan selama anak2 indonesia terus makan bergizi setiap hari karena program yg diserang itu 🥹,['kompascom'],Tue Jul 21 13:23:18 +0000 2026,0,0,0,0,9.0,2234045508,toniproudlock,toni proudlock,0,False
https://x.com/kompascom/status/2077241661911130210?s=20,2077241661911130210,2077350632785154487,"Kalah Sama rakyat jelata yg gak tau besok bisa makan atau tidak tapi Masih kuat menghadapi hidup... lhaa ini berdasi, berpendidikan Masih Takut Kelaparan kelhilangan job enak dapat duit gampang dari program MBG. Emang gurih makan uang rakyat itu !!!",['kompascom'],Wed Jul 15 11:12:40 +0000 2026,3,0,0,0,930.0,1507162243066069012,aderahman2302,Sebrang_Lautan,4,False
https://x.com/LambeSahamjja/status/2080933139564949662?s=20,2080933139564949662,2080943086902157564,"Bayangin kualitas pernyataan kayak gini keluar dari badan institusi negara 🤣😅, ampun dah betapa terkutuknya kita sebagai WNI dikasih pemerintah yang kayak gini",['LambeSahamjja'],Sat Jul 25 09:07:48 +0000 2026,83,0,0,0,2744.0,2254208466,lukasabetan,Wowo Notasmartboy,1000,True
https://x.com/LambeSahamjja/status/2079728084748738660?s=20,2079728084748738660,2079872585635184891,"Siapa pun penggantinya nanti, yang paling penting bukan sekadar ganti orang, tetapi memastikan program MBG berjalan transparan, tepat sasaran, dan benar-benar bermanfaat bagi masyarakat. Jabatan bisa berganti, kepercayaan publik harus tetap dijaga…",['LambeSahamjja'],Wed Jul 22 10:14:01 +0000 2026,0,0,0,0,455.0,219554762,harry_koe,Mas Koes,726,True
https://x.com/PartaiSocmed/status/2079853104879837373?s=20,2079853104879837373,2079863268806701476,"Kena mental beliau ya, makanya mundur, makany disuruh militer biar kuat",['PartaiSocmed'],Wed Jul 22 09:36:59 +0000 2026,2,0,1,0,497.0,2068732167719616512,IDNInsight,IDNInsight,3961,True
https://x.com/Hidupsebagai62/status/2064707522078879832?s=20,2064707522078879832,2064901686221750627,"pengeluaran gua nambah karna mbg di stop njirr, mana gaji pas pasan, biasanya dri sekolah udh kenyang ampe maghrib bru mkn lagi dg nasi yg sama dan menu yg sama kalo dpt ayam nugget dll kecuali sayur🤧

tapi ya udhlah kalo yg lain dpt positifnya dri di stopnya mbg smentara ini🤧",['Hidupsebagai62'],Thu Jun 11 02:45:00 +0000 2026,1,0,0,0,117.0,1960647735641825284,imyourins_2,Dec_1725,1,False
https://x.com/toe_giman/status/2077699532020957341?s=20,2077699532020957341,2077776168003178822,Merobohkan bangunan sekolah demi MBG munkin mereka bukan bagian pejuang cinta tanah air...mereka merusak generasi bangsa ini...,['toe_giman'],Thu Jul 16 15:23:36 +0000 2026,0,0,0,0,243.0,1448119292789248002,RakyatMelorot,RAKYAT MELOROT,231,False
https://x.com/ARSIPAJA/status/1893601702273806465?s=20,1893601702273806465,1893640432170442986,Wkwk kl minum air mineral yg lebih murah muntah kah? :),['ARSIPAJA'],Sun Feb 23 12:33:55 +0000 2025,0,0,0,0,831.0,1016632319405256704,akufioloh,ayè,175,False
https://x.com/LambeSahamjja/status/2080933139564949662?s=20,2080933139564949662,2080961900708528153,Bakom: karena di mbg kita berharap dia periode.... Karena sudah ada tabungan.... 😂😂😂😂,['LambeSahamjja'],Sat Jul 25 10:22:34 +0000 2026,0,0,0,0,92.0,1893932980558848000,PapaSinamb94529,Papa mul,6,False
https://x.com/TheKerupuk/status/2076503885880205758?s=20,2076503885880205758,2076568738166718967,Parah krupuk,['TheKerupuk'],Mon Jul 13 07:25:42 +0000 2026,0,0,2,0,2631.0,465106464,coffebit,▁ ▂ ▃ ▄ ▅ ▆ ▇ █ ▉ ▊,277050,True
https://x.com/txtdrimedia/status/2079154852257513702?s=20,2079154852257513702,2079236170790380027,"""tidak bole ada orang Indonesia yg lapar"" ini mksdnya ""tidak boleh ada pemilik sppg yg lapar""😁",['txtdrimedia'],Mon Jul 20 16:05:08 +0000 2026,0,0,0,0,42.0,169111613,k_isanak,𝓥𝓪𝓵𝓮𝓷𝓽𝓲𝓷𝓸,60,False
https://x.com/kompascom/status/2079198548089041058?s=20,2079198548089041058,2079554369771688443,kasih makan anak2 yg stunting itu bukan kebijakan kontroversial itu adalah hal paling basic yg harusnya semua orang setuju dan ketika pak prabowo diserang karena itu logikanya udh ga jalan 🙏,['kompascom'],Tue Jul 21 13:09:32 +0000 2026,0,0,0,0,8.0,2013634930786607106,AyuZaan6820,zaskiana ayu,0,False
https://x.com/BarisanOpOsisi/status/2076122669045719102?s=20,2076122669045719102,2076247885524689099,True … saat ini para penjual di pasar udah resah kalau bahan baku (kulakan) dagangan nya bakal naik harga,['BarisanOpOsisi'],Sun Jul 12 10:10:45 +0000 2026,1,0,0,0,49.0,1666209329010323456,FiD008,Pecel Ndog Asin,13,False
https://x.com/kompascom/status/2077241661911130210?s=20,2077241661911130210,2077383219209801884,Prett lah kalau berani Gembok Dapur Nasional … kau juga yang Rugi .. kami para Ortu masih bisa kasih makan anak .. ndk perlu juga dapat MBG kalau untuk makan,"['kompascom', 'gunung3tilu']",Wed Jul 15 13:22:10 +0000 2026,3,0,0,0,298.0,1110054770503356418,AnggardaBoedi,boedi_anggarda,87,False
https://x.com/menuembegejelek/status/2032285800097071555?s=20,2032285800097071555,2032506127766925450,Itu putih2 apaan? Sabu?,"['menuembegejelek', 'toodumbtodai']",Fri Mar 13 17:16:37 +0000 2026,0,0,0,0,21.0,628237119,rbagoes_,Ky,1054,False
https://x.com/Beritasatu/status/2079148987916107847?s=20,2079148987916107847,2079361585693577420,"Ribuan trilyun kekeyaan Indonesia hilang ???? Yg nyolong para pejabat2 yg main aturan, kongkalikong sama cukong2 dan korupsi pak.... Rakyat sudah protes sana sini tapi gak di dengar, kelakuan pejabat2 yg maling tetep aja maling.... Harusnya sbg penguasa sampean bertindak,,,",['Beritasatu'],Tue Jul 21 00:23:29 +0000 2026,2,0,0,0,335.0,1988077531426418692,gateiogateio,gateio gateio,0,False
https://x.com/Naandaa27/status/2079066649509142970?s=20,2079066649509142970,2079458085127758145,"anak2 sd biasanya emg seneng gotong royong rame2 tp tetep ya petugasnya jgn lepas tanggung jawab full, makasih masukannya buat evaluasi mbg",['Naandaa27'],Tue Jul 21 06:46:56 +0000 2026,0,0,0,0,40.0,1805224611803439105,Emilie1618405,Emilie,0,False
https://x.com/tempodotco/status/2079899270199595250?s=20,2079899270199595250,2080167377673851318,ga nyambung kontol,['tempodotco'],Thu Jul 23 05:45:25 +0000 2026,0,0,0,0,27.0,1758420540111405056,mfittttttttttt,amorfatehh,64,False
https://x.com/txtdrimedia/status/2079189585167532416?s=20,2079189585167532416,2079446640310755811,"Masalah itu udah ada dari dulu ege, lu malah bikin masalah lagi bukannya dibenahin",['txtdrimedia'],Tue Jul 21 06:01:27 +0000 2026,0,0,0,0,224.0,1871527735421759488,vkpuwpu,🐰,0,False
https://x.com/bersuwara_/status/2075762961818472514?s=20,2075762961818472514,2075970708942069831,MALING BERBADAN GENDUT,"['bersuwara_', '2dibukaB']",Sat Jul 11 15:49:21 +0000 2026,1,0,0,0,7.0,2656984482,m_naldokloz,NaldoHalim_1453,687,False
https://x.com/ARSIPAJA/status/1893601702273806465?s=20,1893601702273806465,1893810232876249405,NDASMU!! ☕️🤷‍♂️,['ARSIPAJA'],Sun Feb 23 23:48:39 +0000 2025,1,0,0,0,184.0,1606134650640158720,J0yoWi,J0yoWi,1395,False
https://x.com/menuembegejelek/status/2032285800097071555?s=20,2032285800097071555,2032332226889990338,"enakan sppg, kalo masak ngaduknya pake kontol","['menuembegejelek', 'toodumbtodai']",Fri Mar 13 05:45:36 +0000 2026,0,0,0,0,11.0,841117494,ayadiTamimi,HuwaHumaHum,153,False
https://x.com/LambeSahamjja/status/2080933139564949662?s=20,2080933139564949662,2081164917189829008,"UUD mewajibkan min 20% anggaran negara dialokasikan utk pendidikan. Selama ini anggaran sebesar itu tetap tidak cukup sebab penduduk yg besar. Saat Orba, syarat seperti itu tdk  ada, tapi banyak cara logis yg dijalankan. ada program SD Inpres dan Posyandu utk mencegah stunting",['LambeSahamjja'],Sat Jul 25 23:49:17 +0000 2026,0,0,1,0,239.0,911573057243713536,y_yumnan,Yumnan Sabrie,94,False
https://x.com/TheKerupuk/status/2076503885880205758?s=20,2076503885880205758,2076582866365149566,lagi anter ponakan bit,['coffebit'],Mon Jul 13 08:21:51 +0000 2026,0,0,0,0,2179.0,2022947167829397507,TheKerupuk,The Kerupuk,42187,True
https://x.com/txtdrimedia/status/2079154852257513702?s=20,2079154852257513702,2079344294285185307,"Logical fallacy cuk, biar ga ada yang lapar itu harusnya yg dibikin lapangan pekerjaan, biar rakyat bisa kerja layak dan bisa memenuhi kebutuhannya, bukannya malah asal ngasih makan bocil2, dikira org dewasa kaga makan apa sat",['txtdrimedia'],Mon Jul 20 23:14:46 +0000 2026,0,0,0,0,19.0,844486463844564992,FKRSM_,𝕄as 𝔽ikri 🍉,888,False
https://x.com/tempodotco/status/2079899270199595250?s=20,2079899270199595250,2079948429418246439,"Bukan tidak punya, tapi BELUM punya",['tempodotco'],Wed Jul 22 15:15:23 +0000 2026,0,0,0,0,18.0,1404598422045290499,loosepowdery,solo living,3,False
https://x.com/Naandaa27/status/2079066649509142970?s=20,2079066649509142970,2079394999402381362,"Gila sih ini, anak SD umur berapa disuruh angkut beban berat nanjak 300 meter. Harusnya ada SOP ketat soal distribusi kayak gini, bukan malah lempar tanggung jawab ke murid",['Naandaa27'],Tue Jul 21 02:36:15 +0000 2026,0,0,0,0,203.0,18663374,apurv08,apurv08,2547,False
https://x.com/LambeSahamjja/status/2079728084748738660?s=20,2079728084748738660,2079766444745883737,"Dia mau kabur gak sih, sakit lalu pindah kewarganegaraan 🤣",['LambeSahamjja'],Wed Jul 22 03:12:15 +0000 2026,0,0,0,0,1904.0,1880341093155500032,Veldorapink,Veldora Pink,0,False
https://x.com/Beritasatu/status/2079148987916107847?s=20,2079148987916107847,2079232296549597578,"Ribuan triliun hilang masyarakat mau protes kemana, kan di umpetin sama kroni kroni kalian. Bahkan kami juga tidak tau karna kan kerjaan kaliam yg sembunyi sembunyi. Ini Mbg yg terang terangan korupsi masyarakat gak terima adalah wajar.",['Beritasatu'],Mon Jul 20 15:49:44 +0000 2026,2,0,0,0,934.0,1945010066748530688,BIGFISH_ROAD,Guardian Kahuna,9,True
https://x.com/kompascom/status/2079198548089041058?s=20,2079198548089041058,2079552560948772951,diserang karena kasih makan anak2 stunting itu bukan hanya absurd itu adalah moral failure dari pihak yg menyerang dan pak prabowo dengan jujur expose moral failure itu ke publik 🙏,['kompascom'],Tue Jul 21 13:02:21 +0000 2026,0,0,0,0,8.0,2013636911395676163,amalia_win43180,winda amalia,0,False
https://x.com/PartaiSocmed/status/2079853104879837373?s=20,2079853104879837373,2079893350938038491,"Kalo sampe infonya bener kasian sih beliau, kuat2 ibuu",['PartaiSocmed'],Wed Jul 22 11:36:32 +0000 2026,1,0,1,0,131.0,926894419,s_sabiii,Icaann,997,True
https://x.com/Hidupsebagai62/status/2064707522078879832?s=20,2064707522078879832,2065420747468886296,MBG ga guna banget. Yang bela nih buzzer ga ada otak semua. Semua barang naik dan langka. Mana yang diuntungin cuma para investor. Mending dananya buat pendidikan dan kesehatan,['Hidupsebagai62'],Fri Jun 12 13:07:34 +0000 2026,1,0,0,0,46.0,1786286912002805760,ChocoLate112420,Alin_Ian,1,False
https://x.com/kompascom/status/2077241661911130210?s=20,2077241661911130210,2077424560023199913,"Asosiasi Mitra MBG ingin melakukan gembok dapur nasional? Baguslah. Memang itu yang diinginkan rakyat Indonesia. Lebih cepat, lebih baik.",['kompascom'],Wed Jul 15 16:06:26 +0000 2026,3,0,0,0,45.0,268687443,Indonesiaguyub,Indonesia Guyub,2164,False
https://x.com/BarisanOpOsisi/status/2076122669045719102?s=20,2076122669045719102,2076257649314967842,"Yg kelaparan itu pemilik dapur,krn hrs bayar tagihan kredit bank...",['BarisanOpOsisi'],Sun Jul 12 10:49:33 +0000 2026,1,0,0,0,29.0,967202046112817153,bayoubeka,Bayoubeka,1849,False
https://x.com/ARSIPAJA/status/1893601702273806465?s=20,1893601702273806465,1893634293165142360,"King of omon-omon.
Bosnya @Dahnilanzar",['ARSIPAJA'],Sun Feb 23 12:09:32 +0000 2025,1,0,0,0,56.0,1677082967162900481,natasha_saja,Natasha K,81,False
https://x.com/menuembegejelek/status/2032285800097071555?s=20,2032285800097071555,2032328305698095463,Jujur ngapain pake ahli gizi kalo makanan yang disuguhin makanan2 yg begini wkwk,"['menuembegejelek', 'toodumbtodai']",Fri Mar 13 05:30:01 +0000 2026,0,0,0,0,139.0,4340839578,jjaehyungirlf,ama win♡,1121,False
https://x.com/LambeSahamjja/status/2080933139564949662?s=20,2080933139564949662,2080965260853583875,Hewan ternak saja kalau mau bagus yang harus diprioritaskan tidak hanya makanannya saja ya jir 🫵,['LambeSahamjja'],Sat Jul 25 10:35:55 +0000 2026,0,0,0,0,770.0,2327764364,Prayocraft,Prayocraft,8,False
https://x.com/TheKerupuk/status/2076503885880205758?s=20,2076503885880205758,2076516408243150939,Merinding ih,['TheKerupuk'],Mon Jul 13 03:57:46 +0000 2026,1,0,1,0,1592.0,1079016790791880705,kaptenAmercia,( ◕◡◕)っ,71923,True
https://x.com/txtdrimedia/status/2079154852257513702?s=20,2079154852257513702,2079168230632116604,"Dia tuh banyak bacot kek kampanye, sekarang kan dia udah jadi presiden, do something lahh, take more action. 

Ngomong mulu kek jubir.",['txtdrimedia'],Mon Jul 20 11:35:09 +0000 2026,0,0,0,0,239.0,725224237,andrew_mnhtns,Andrew Hattanamjh Hanziocholm,79,False
https://x.com/BarisanOpOsisi/status/2076122669045719102?s=20,2076122669045719102,2076251897221283903,Yg kelaparan pengusahanya,['BarisanOpOsisi'],Sun Jul 12 10:26:41 +0000 2026,1,0,0,0,11.0,1690976100661460994,Aris025282571,Abdi51,40,False
https://x.com/toe_giman/status/2077699532020957341?s=20,2077699532020957341,2077917688287097019,"Dan bakal tetep di support sama mayoritas orang Indonesia karena MBG sangat berguna, iyakan?",['toe_giman'],Fri Jul 17 00:45:57 +0000 2026,0,0,0,0,58.0,1671813068568018944,eli_syia,Crying,80,False
https://x.com/kompascom/status/2077241661911130210?s=20,2077241661911130210,2077543628977881295,"yaudah gas gembok masal aja dahh, ibu"" jg pada setuju",['kompascom'],Wed Jul 15 23:59:34 +0000 2026,2,0,0,0,26.0,1149875459502403584,Mizzumono,EDIT FOTO - PHOTOSHOP,3145,True
https://x.com/tempodotco/status/2079899270199595250?s=20,2079899270199595250,2080124619802263562,so what kl gapunya dapur wkwkwk loyalis,['tempodotco'],Thu Jul 23 02:55:30 +0000 2026,0,0,0,0,20.0,1811011140971065344,fouVezZ,z¡◗,47,False
https://x.com/Naandaa27/status/2079066649509142970?s=20,2079066649509142970,2079192449621364745,"Mana nih yang mau ngasih makan bergizi??? 

Yang ada, ngasih beban tambahan rakyat @prabowo",['Naandaa27'],Mon Jul 20 13:11:24 +0000 2026,0,0,0,0,58.0,396964761,ginamustika,gina_Missgee,1011,False
https://x.com/txtdrimedia/status/2079189585167532416?s=20,2079189585167532416,2079902182091162091,bapak egk riset kah? dg power sebesar itu harusnya sanggup buat nyusun program kerja 🤕,['txtdrimedia'],Wed Jul 22 12:11:37 +0000 2026,0,0,0,0,35.0,1939725620835139584,backupka911,backupka,1,False
https://x.com/PartaiSocmed/status/2079853104879837373?s=20,2079853104879837373,2079866599344070884,"Lahan yg benar2 basah ini MBG, yg sdh terlanjur investasi ya pasti ngamuk kl SPPG nya tidak terdaftar",['PartaiSocmed'],Wed Jul 22 09:50:13 +0000 2026,1,0,0,0,356.0,591558189,DalwijiR,ωιє∂zιє,2963,True
https://x.com/Beritasatu/status/2079148987916107847?s=20,2079148987916107847,2079333600470925394,"Omon2 &amp; emosian lg, awas ntar jantungan &amp; stroke pak..
Anda sih g heran &amp; mungkin sdh tahu dr awal settingannya, krn niat ngumpet di mbg yg anggarannya terlalu jor2an &amp; banyak dimakan tikus2 di lingkaranmu👽..
Coba lihat apa kerja menteri2 &amp; bawahanmu korup semua hasilnya g ada😈",['Beritasatu'],Mon Jul 20 22:32:17 +0000 2026,3,0,1,0,196.0,1111256853168586757,Kusumah94841006,kusumah,26,False
https://x.com/Hidupsebagai62/status/2064707522078879832?s=20,2064707522078879832,2064969941338734878,SETUJU,['Hidupsebagai62'],Thu Jun 11 07:16:13 +0000 2026,1,0,0,0,6.0,1573574868766846976,Viviyyyyyyyyyyy,wow,1,False
https://x.com/LambeSahamjja/status/2079728084748738660?s=20,2079728084748738660,2079788430050177121,Mundur doang tapi duitnya tetep ngalir gitu kah 🗿,['LambeSahamjja'],Wed Jul 22 04:39:36 +0000 2026,0,0,0,0,1291.0,1976077324333584384,CBuild11694,CROSSZ BUILD,0,False
https://x.com/menuembegejelek/status/2032285800097071555?s=20,2032285800097071555,2032314094150435068,yang satu berpikir keras agar jualannya laku. yang satu lagi gak mikir 😆,"['menuembegejelek', 'spesdelune', 'toodumbtodai']",Fri Mar 13 04:33:33 +0000 2026,0,0,0,0,129.0,238907288,nengdarma,Neng-neng,230,False
https://x.com/bersuwara_/status/2075762961818472514?s=20,2075762961818472514,2076064314876965164,"Ironis sekali. Program yang katanya untuk mengurangi kemiskinan dan stunting justru membuat harga pangan naik, sehingga daya beli rumah tangga miskin dan kelas menengah bawah turun. Yang kena dampak paling keras adalah ibu rumah tangga yang belanja harian di pasar","['bersuwara_', 'menuembegejelek']",Sat Jul 11 22:01:18 +0000 2026,1,0,0,0,54.0,1823016371510562816,Kushaalto19,Kush,40,False
https://x.com/kompascom/status/2079198548089041058?s=20,2079198548089041058,2079567838944362998,pak prabowo bilang saya diserang karena mbg dan itu adalah raw honesty dari presiden yg tidak mau berpura2 bahwa semua orang mendukung programnya padahal dia tau ada yg systematically mau merusaknya,['kompascom'],Tue Jul 21 14:03:03 +0000 2026,0,0,0,0,7.0,2013661944813887488,sitamarian67,sitamariana,1,False
https://x.com/ARSIPAJA/status/1893601702273806465?s=20,1893601702273806465,1893615839519359245,pancene gatheel,['ARSIPAJA'],Sun Feb 23 10:56:12 +0000 2025,1,0,0,0,850.0,1400326629293842438,bakulantani,🌾,3,False
https://x.com/TheKerupuk/status/2076503885880205758?s=20,2076503885880205758,2076550500661825879,"banyak yg bilang gitu, merinding sebadan",['kaptenAmercia'],Mon Jul 13 06:13:14 +0000 2026,0,0,0,0,854.0,2022947167829397507,TheKerupuk,The Kerupuk,42187,True
https://x.com/LambeSahamjja/status/2080933139564949662?s=20,2080933139564949662,2081154942849667440,Kenapa fokus ke makan untuk mencari lamine yamal? Kenapa ga fokus ke pendidikan untuk mencegah terpilihnya orang seperti prabowo &amp; gibran beserta kroninya?,['LambeSahamjja'],Sat Jul 25 23:09:39 +0000 2026,0,0,0,0,76.0,1227071159713157120,halintangsb,Calliophis,44,False
https://x.com/kompascom/status/2077241661911130210?s=20,2077241661911130210,2077302053081375142,"Silahkan mogok,  rmang kami pikitin gitu.  Yg untung e lu yg rugi jg e lu.",['kompascom'],Wed Jul 15 07:59:38 +0000 2026,3,0,1,0,309.0,1853487101423349760,cutmalika63,Cut malika,728,False
https://x.com/txtdrimedia/status/2079154852257513702?s=20,2079154852257513702,2079171058545066376,"Solusinya bukan di kasih makan tapi kasih pekerjaan biar mereka bisa makan sendiri, di drama pendek cina aja udah di kasih solusinya Hahahaha",['txtdrimedia'],Mon Jul 20 11:46:24 +0000 2026,0,0,0,0,253.0,1690764050882510848,Ambonmaryawan1,Aktor Japan,25,False
https://x.com/BarisanOpOsisi/status/2076122669045719102?s=20,2076122669045719102,2076255763677532487,Ga ada tuh yg kelaparan....malah sehat sehat semua. Aman terkendali,['BarisanOpOsisi'],Sun Jul 12 10:42:03 +0000 2026,1,0,0,0,40.0,1870464672081821696,kaibeb24,kaibeb💚,14,False
https://x.com/menuembegejelek/status/2032285800097071555?s=20,2032285800097071555,2032656540843520351,"10 ribu di sleman mestinya masih bisa dapet nasi kucing1 , gorengan/bacem tempe/tahu 1, sate usus 1.. lebih bermartabat","['menuembegejelek', 'toodumbtodai']",Sat Mar 14 03:14:18 +0000 2026,0,0,0,0,39.0,117020533,fitrahkuro,fitrahkuro,331,True
https://x.com/LambeSahamjja/status/2080933139564949662?s=20,2080933139564949662,2081202902631366665,"Sekali makan di sekolah bisa menutupi gizi yang dibutuhkan anak? 
Disitu sehat?",['LambeSahamjja'],Sun Jul 26 02:20:13 +0000 2026,0,0,0,0,77.0,761427854152208385,ajo_haiqal,HAIQAL,19,False
https://x.com/txtdrimedia/status/2079154852257513702?s=20,2079154852257513702,2079174809674830316,"dulu pernah denger kalimat begini

""kita bukan kasih makan kuda, tapi ngajarin caranya kuda bisa makan""

klo kasih makan doang mah gak bakal kemana-mana, cuma nungguin bantuan orang. lain cerita kasih cara atau jalannya, ntar makan sendiri",['txtdrimedia'],Mon Jul 20 12:01:18 +0000 2026,0,0,0,0,93.0,963033383348592641,Ayub_Sulistyo7,Ayub Sulistyo,132,False
https://x.com/TheKerupuk/status/2076503885880205758?s=20,2076503885880205758,2076712841013535058,Malah mirip jejak si gundul 😭,['TheKerupuk'],Mon Jul 13 16:58:19 +0000 2026,0,0,1,0,845.0,1282350008960868353,KulineRain,KULINERAIN,22425,True
https://x.com/ARSIPAJA/status/1893601702273806465?s=20,1893601702273806465,1893639527752704066,"Harusnya dibikin film azab Indosiar ini, judulnya ""Azab Pemerintah Tone Deaf, Kain Kafannya Basah Terus Tersiram Air Equil.""",['ARSIPAJA'],Sun Feb 23 12:30:20 +0000 2025,1,0,0,0,46.0,68995828,SegelasAirJeruk,🎶🍊~Air Jeruk Murni Nasional~🍊🎵 teng teng teng~,1099,False
https://x.com/txtdrimedia/status/2079189585167532416?s=20,2079189585167532416,2079402406643896661,"Masalah yg dri tahun ketahun kok itu semua, masak diluar perkiraan?
Hhmmm...",['txtdrimedia'],Tue Jul 21 03:05:41 +0000 2026,0,0,0,0,481.0,2058532990486237184,AlterEgo_Demon,Alter Ego,0,False
https://x.com/tempodotco/status/2079899270199595250?s=20,2079899270199595250,2080157577036669054,Saya tak (belum) punya dapur MBG,['tempodotco'],Thu Jul 23 05:06:28 +0000 2026,0,0,0,0,6.0,3274812012,Raisftcn,Rafatans,24,False
https://x.com/BarisanOpOsisi/status/2076122669045719102?s=20,2076122669045719102,2076292135972934027,"turun itu karna biasa produksi telur banyak trs mbg libur penjualan sedikit jdi harga turun, ya ga sih cmiiw",['BarisanOpOsisi'],Sun Jul 12 13:06:35 +0000 2026,1,0,0,0,77.0,1242475366813335552,salonpasmerah,cha ˖ . ݁𝜗𝜚. ݁₊,2736,False
https://x.com/toe_giman/status/2077699532020957341?s=20,2077699532020957341,2077912743987064856,lah? piye sih konsepe kok lebih penting mbg timbangane sekolah? kok kewalik,['toe_giman'],Fri Jul 17 00:26:18 +0000 2026,0,0,0,0,57.0,1330206639958466563,_wasseoyo,97z,192,False
https://x.com/PartaiSocmed/status/2079853104879837373?s=20,2079853104879837373,2080290257208279428,"Seharusnya dari awal sudah tau resiko yang akan datang.
Baik itu internal, maupun eksternal.

Imho, ketika orang yang tidak kompeten (hanya mengandalkan faktor kedekatan/nepotisme) diberikan jabatan, cepat atau lambat akan dihajar habis-habisan.

Kita tunggu nasib yang baru.",['PartaiSocmed'],Thu Jul 23 13:53:41 +0000 2026,0,0,0,0,5.0,2073157179679571968,MasboxIsHere,Besok Libur,860,True
https://x.com/kompascom/status/2077241661911130210?s=20,2077241661911130210,2077313830645080434,"Hhhheeelllleehhhh...
Paling cuma gertakan doang!!!!
Mana mungkin noh mitra yang lain  mau rugi efek dapurnya di tutup???
Nanti giliran di tutup selamanya itu program mbg nanti nangis,teriak koar-koar minta di jalankan kembali program MBG!!!🥱🥱🥱",['kompascom'],Wed Jul 15 08:46:26 +0000 2026,3,0,0,0,2102.0,1332686697339908101,Elcoman94194948,Elcomandante,36,False
https://x.com/Hidupsebagai62/status/2064707522078879832?s=20,2064707522078879832,2064896872670781893,Pertamina naik hehe,['Hidupsebagai62'],Thu Jun 11 02:25:53 +0000 2026,1,0,0,0,10.0,1481922247762006020,MhellaShania,Mhella Shania,0,False
https://x.com/Naandaa27/status/2079066649509142970?s=20,2079066649509142970,2079616093820489977,"Persis kayak sekolah Deket rumahku, anak2 kls 1-2 disuruh bawa ompreng MBG seiket gtu, udh berat lagi, akhirnya omprengnya jatoh lah, lagian gak ngotak banget nyuruh anak kecil bawa ompreng berat",['Naandaa27'],Tue Jul 21 17:14:48 +0000 2026,0,0,0,0,100.0,1741139371871571968,kuntiljenglot,meonggarong,366,False
https://x.com/Beritasatu/status/2079148987916107847?s=20,2079148987916107847,2079209208206233673,Sy jg heran...kq ad yg milih presiden omon2 kyk lu. Sudah sengsara 10 tahun kq masih mau berkelanjutan disengsarain🤔,['Beritasatu'],Mon Jul 20 14:17:59 +0000 2026,3,0,0,0,82.0,894085686470483968,wahyu_djanti88,💜 FreePalestine🇵🇸,2631,False
https://x.com/LambeSahamjja/status/2079728084748738660?s=20,2079728084748738660,2079751443008127265,"Gak lama juga balik lagi, masa udah ngemis sampe ngejilat wowok gampang banget buat ninggalinnya, kalaupun lama bagus dah, semoga aja di ganti sama yang lebih berkualitas",['LambeSahamjja'],Wed Jul 22 02:12:38 +0000 2026,0,0,1,0,1762.0,2021197706996400128,GlblITgirlLISA,KEV,1556,True
https://x.com/bersuwara_/status/2075762961818472514?s=20,2075762961818472514,2075841480191848616,Bahan pokok mahal cuma demi seporsi makan siang. Dikira satu kk makannya siang doang seporsi kai yaa,['bersuwara_'],Sat Jul 11 07:15:50 +0000 2026,1,0,0,0,326.0,826794224,_zulfikar_rn,不社会人,485,False
https://x.com/menuembegejelek/status/2032285800097071555?s=20,2032285800097071555,2032363500987982092,yang kanan pake ahli gizi,"['menuembegejelek', 'toodumbtodai']",Fri Mar 13 07:49:52 +0000 2026,0,0,0,0,22.0,1306978243463901184,maswiswis,Maswis,232,False
https://x.com/ARSIPAJA/status/1893601702273806465?s=20,1893601702273806465,1893645971411591406,Bedalah ngejamu si Miskin dan si Kaya😬||Si Miskin dikasih Makan aja ibaratny hrs syukur-beda kl si Kaya jamuan air putihny aja hrs yg Mahal apalagi yg lainnya😜||Manusia pas waktu diciptakan sama-tp pas tumbuh ada yg dilebihkan rejekinya ada yg sulit😇||Bersyukur &amp; berempati😇,['ARSIPAJA'],Sun Feb 23 12:55:56 +0000 2025,0,0,0,0,149.0,223039255,depriad,ade priadi,2,False
https://x.com/txtdrimedia/status/2079154852257513702?s=20,2079154852257513702,2079218111300125094,"Kasihan yaa, kualitas hidup presiden keknya kurang bagus. Tiap dikasih mic marah-marah terus",['txtdrimedia'],Mon Jul 20 14:53:22 +0000 2026,0,0,0,0,57.0,1014880625948614657,marrinnnnn,Marin,20,False
https://x.com/kompascom/status/2079198548089041058?s=20,2079198548089041058,2079595858069504250,saya diserang karena ingin beri mbg ke anak2 indonesia itu kalimat yg harusnya dibaca oleh setiap orang yg masih ragu soal siapa yg beneran berpihak ke rakyat di negeri ini 🙏,['kompascom'],Tue Jul 21 15:54:24 +0000 2026,0,0,0,0,6.0,2013815802450059272,Lailiocta142161,Lailiocta,0,False
https://x.com/BarisanOpOsisi/status/2076122669045719102?s=20,2076122669045719102,2076273257007988750,Emak2 sibuk daftar ulang bocah sekolah beli buku seragam baru,['BarisanOpOsisi'],Sun Jul 12 11:51:34 +0000 2026,2,0,0,0,46.0,60612319,almachzumi,almachzumi™ 📶,892,True
https://x.com/LambeSahamjja/status/2080933139564949662?s=20,2080933139564949662,2080983785018155294,"anak yg tidak sarapan itu kan macam2 ada yg kesiangan malas makan, ada yg ga biasa makan pagi karena takut sakit perut, ada yg ga sarapan karena makannya di sekolah aja dan udh disiapin bekel ortunya, ada yg kalo sarapan mules pengen bab aja, trus ini solusinua embege tok?",['LambeSahamjja'],Sat Jul 25 11:49:31 +0000 2026,0,0,0,0,348.0,1498134668386136067,bukankado,bukan yang spesial,27,False
https://x.com/TheKerupuk/status/2076503885880205758?s=20,2076503885880205758,2076852604777431458,ya ini kembarannya,['KulineRain'],Tue Jul 14 02:13:41 +0000 2026,0,0,1,0,765.0,2022947167829397507,TheKerupuk,The Kerupuk,42187,True
https://x.com/tempodotco/status/2079899270199595250?s=20,2079899270199595250,2080167596322967799,"Bodo amat. Mau punya kek ngga kek, klen aturlah sukak² klen ini negeri.",['tempodotco'],Thu Jul 23 05:46:17 +0000 2026,0,0,0,0,5.0,61757743,Adhit_1909,ΛYƬIΉDΛ ӨΉӨЯGЦП 🇵🇸🇮🇩,1678,False
https://x.com/Naandaa27/status/2079066649509142970?s=20,2079066649509142970,2079141922200072697,biasalah indo eksploitasi. aku inget dulu sd ada renovasi. gatau tukangnya lagi kurang atau apa tapi disuruh guru tiap anak bawa batu bata. anjir.,['Naandaa27'],Mon Jul 20 09:50:37 +0000 2026,0,0,0,0,828.0,1414903972444348419,seiannaz,sei,29,False
https://x.com/kompascom/status/2077241661911130210?s=20,2077241661911130210,2077366430065176881,"6jt per hari pemasukkan bersih per SPPG, atau 146 milyar per hari seluruh SPPG,pdhl makanannya blm tentu dimakan, ya mending tutup selamanya lah buat nyelamatin fiskal negara",['kompascom'],Wed Jul 15 12:15:27 +0000 2026,3,0,0,0,1093.0,3235510230,faturcool32,fatur,18,False
https://x.com/PartaiSocmed/status/2079853104879837373?s=20,2079853104879837373,2079855123233485003,Wah wah kita lihat saja perkembangan selanjutnya,['PartaiSocmed'],Wed Jul 22 09:04:37 +0000 2026,0,0,0,0,717.0,1674373661145587713,mrkittypowl,Achmad Toha Aldebaran ,4661,True
https://x.com/LambeSahamjja/status/2080933139564949662?s=20,2080933139564949662,2081217636365680644,"Denger pidato prabowo katanya sdh perbaiki sekolah sebanyak 100rb, itu data dr mana?",['LambeSahamjja'],Sun Jul 26 03:18:46 +0000 2026,0,0,0,0,13.0,598962667,sosial_digital,Sosial Digital,18,False
https://x.com/Hidupsebagai62/status/2064707522078879832?s=20,2064707522078879832,2064884326941303141,Tag Prabowo kalian,['Hidupsebagai62'],Thu Jun 11 01:36:01 +0000 2026,1,0,0,0,10.0,1652575833587093504,Cwalisss,REPOST MEME,1,False
https://x.com/ARSIPAJA/status/1893601702273806465?s=20,1893601702273806465,1893630852157878737,"itu termasuk dlm program pemerintah, mbg (minum bergiji gratis)",['ARSIPAJA'],Sun Feb 23 11:55:51 +0000 2025,1,0,0,0,718.0,1871248736246214656,sandshit54,korban ormas,0,False
https://x.com/txtdrimedia/status/2079189585167532416?s=20,2079189585167532416,2079381502710956216,"Yg dia dengerin kan cuma orang2 nya dia, bukan dengerin rakyat, ewwh",['txtdrimedia'],Tue Jul 21 01:42:37 +0000 2026,0,0,0,0,1692.0,2036076472600064000,jezlyn1324,jez,0,False
https://x.com/TheKerupuk/status/2076503885880205758?s=20,2076503885880205758,2076526381203333393,Wali Kelasnya 💞💞 https://t.co/fV7RfWm6dI,['TheKerupuk'],Mon Jul 13 04:37:23 +0000 2026,72,0,5,0,7462.0,1188487693316943872,rawradikta,Radikta 🦖,2682,True
https://x.com/toe_giman/status/2077699532020957341?s=20,2077699532020957341,2078001188239520021,"Selalu ada cara buat mereka² itu korupsi. Logikanya dimana? Gaada kelas tapi ada mbg????? Benci bgt sm program ini, asli dah.",['toe_giman'],Fri Jul 17 06:17:45 +0000 2026,0,0,0,0,49.0,504277447,raniaelfwookie,ranra,123,False
https://x.com/txtdrimedia/status/2079154852257513702?s=20,2079154852257513702,2079167853224411272,"Selama di lampu merah masih ada pengemis dan manusia silver, pernyataan pemerintah itu omong kosong.",['txtdrimedia'],Mon Jul 20 11:33:39 +0000 2026,0,0,0,0,314.0,1230391259987988480,WawanAja2020,Pak Wawan,1198,False
https://x.com/BarisanOpOsisi/status/2076122669045719102?s=20,2076122669045719102,2076829102125072619,"Ada si... Tetap ada, ya kyk siswa yg miskin nya miskin bngt... Anak2 jalanan yg pas2 an ... Mereka tetap aja lapar, sekolah pun kagak kadang",['BarisanOpOsisi'],Tue Jul 14 00:40:18 +0000 2026,0,0,0,0,3.0,1290494556731932692,JUSTshortsNOW,JUST Joki ☘️,512,False
https://x.com/tempodotco/status/2079899270199595250?s=20,2079899270199595250,2079979502537670766,Ta!,['tempodotco'],Wed Jul 22 17:18:52 +0000 2026,0,0,0,0,6.0,1586799832634531841,Topnav12,DIABLO,86,False
https://x.com/Beritasatu/status/2079148987916107847?s=20,2079148987916107847,2079434208473436235,"Yaa ampun, mau komentar apa ... seakan-akan, anda itu hanya sekelas kepala rumah tangga... Ingat pa Anda Kepala Negara ... semua anda yang kendalikan... Mohon bersikap tegas, seperti Pidato-pidato Anda yg berapi-api basmi Korupsi..🫡🫡🫡🫡",['Beritasatu'],Tue Jul 21 05:12:03 +0000 2026,0,0,1,0,427.0,1834858958059978753,Akudankeadilan,1Satu Indonesia,0,False
https://x.com/kompascom/status/2077241661911130210?s=20,2077241661911130210,2077343365625204829,Baguslah. Minyak goreng udah langka. Keliling2 belum dapet.,['kompascom'],Wed Jul 15 10:43:48 +0000 2026,3,0,0,0,143.0,213523698,ika_st,Ika Kurnia Mustika,1287,False
https://x.com/LambeSahamjja/status/2079728084748738660?s=20,2079728084748738660,2079748988878864784,"Tolong lah kameramen siapapun, kalo tokoh politiknya udah ngeselin setidaknya ambil angel yg ga bikin mereka tambah ngeselin lagi😭☝🏻",['LambeSahamjja'],Wed Jul 22 02:02:53 +0000 2026,0,0,1,0,2316.0,2050701453275058176,Dkhonsu_,Northemvies,615,True
https://x.com/Naandaa27/status/2079066649509142970?s=20,2079066649509142970,2079731579656782332,"Di sekolah anakku juga ada piketnya untuk MBG ini. Pun anakku ga MBG lagi tetap di suruh piket, ga ikhlas banget aku sebagai orang tuanya.","['Naandaa27', 'berlianidris']",Wed Jul 22 00:53:42 +0000 2026,0,0,0,0,19.0,184717811,dwiaprianiputri,Princess Dwi,70,False
https://x.com/kompascom/status/2079198548089041058?s=20,2079198548089041058,2079562172632646127,pak prabowo bilang saya diserang karena mbg dan itu adalah confession paling heartbreaking sekaligus paling revealing tentang siapa yg beneran jadi lawan beliau 🥹,['kompascom'],Tue Jul 21 13:40:33 +0000 2026,0,0,0,0,8.0,2013622226562740224,RianaA43063,riana adelia,0,False
https://x.com/ARSIPAJA/status/1893601702273806465?s=20,1893601702273806465,1893656789498958017,miris,['ARSIPAJA'],Sun Feb 23 13:38:55 +0000 2025,1,0,0,0,868.0,1647585551657365504,eeekispace,aeqi𓂃 ࣪˖ ִֶָ,22,False
https://x.com/bersuwara_/status/2075762961818472514?s=20,2075762961818472514,2075883555725431232,"😭 gara gara mbg, OTT bermilyar-milyar jadi ga berasa gue lihat berita",['bersuwara_'],Sat Jul 11 10:03:02 +0000 2026,1,0,0,0,38.0,486481015,pomegrantemint,atchaa,4227,True
https://x.com/LambeSahamjja/status/2080933139564949662?s=20,2080933139564949662,2080952221379015080,Makin dijelasin kok makin keliatan bodoh ya,['LambeSahamjja'],Sat Jul 25 09:44:06 +0000 2026,0,0,0,0,581.0,1297547441298984960,13angkitArdians,SUFFERANCE,1946,False
https://x.com/txtdrimedia/status/2079154852257513702?s=20,2079154852257513702,2079206037543137689,Keknya yg diem pas ada kecurangan dy dehhh. Apalagi kl yg curang dr circle nya,['txtdrimedia'],Mon Jul 20 14:05:23 +0000 2026,0,0,0,0,53.0,2866615730,miley_millo,Fey,52,False
https://x.com/TheKerupuk/status/2076503885880205758?s=20,2076503885880205758,2076537896992207022,dari wajahnya pasti orangnya berwibawa,['rawradikta'],Mon Jul 13 05:23:09 +0000 2026,10,0,1,0,6513.0,2022947167829397507,TheKerupuk,The Kerupuk,42187,True
https://x.com/Hidupsebagai62/status/2064707522078879832?s=20,2064707522078879832,2064858485507162144,Asli bener banget lebih setuju MBG dihentikan total selamanya karena  salah satu proker busuk ini bersamf kdmp yg membuat ekonomi Indonesia bleeding parah. Harusnya kdmp juga dihentikan karena kdmp tak lebih sekedar minimarket doang yg bahkan konsepnya aja gak jelas,['Hidupsebagai62'],Wed Jun 10 23:53:20 +0000 2026,0,0,0,0,378.0,1826819689236103169,Konsul_Keuangan,Konsul Keuangan,0,False
https://x.com/PartaiSocmed/status/2079853104879837373?s=20,2079853104879837373,2080136154595144184,"MBG bukan program,. Semua aturan+riset menyusul, yg penting jalan dulu,. Recruitmen jga gak jelas,
Isinya orang2 partai+aparat yang loyal sama Prabowo. Ditambah pemodal + instansi yg ada modal. 
Prabowo tau cara bikin nasi goreng, tapi tidak tau takaran dan resepnya🫣",['PartaiSocmed'],Thu Jul 23 03:41:20 +0000 2026,0,0,0,0,20.0,1811392025272713216,itel_a70,Arya.HR,7,False
https://x.com/ARSIPAJA/status/1893601702273806465?s=20,1893601702273806465,1894131748872843498,E katalog aplikasi belanja wong goblokkk.. Orang normal kl belanja pake uang sendiri gak bakal mau beli di  etololog ini. Makanya dinilang pns goblok beban negara ya gak tersinggung wlapun bukan pelaku tp dah include,['ARSIPAJA'],Mon Feb 24 21:06:14 +0000 2025,0,0,0,0,74.0,1525319961555525632,viqhani,Al Haqqi,33,False
https://x.com/txtdrimedia/status/2079189585167532416?s=20,2079189585167532416,2079412663722164467,"TIDAK MENDUGA???
DI LUAR PERKIRAAN??? 🤯🤯🤯
Dia sblm jd presiden emang hidup di mana sih? Udah calonin diri berkali2, bisa2nya ga paham betul masalah mendasar negara. Dikira menang pemilu sama kyk menang lomba apa? Dapat pride &amp; prize doang, tanpa beban tanggung jawab...",['txtdrimedia'],Tue Jul 21 03:46:27 +0000 2026,0,0,0,0,240.0,57319472,dmaliasdm,중드 중독중,271,False
https://x.com/Beritasatu/status/2079148987916107847?s=20,2079148987916107847,2079284584538423582,"Dia tidak pantas menjadi presiden karena tdk punya kredibilitas, integritas dan intelektualitas. Bisanya cuma marah2 dan tdk fokus pada persoalan bangsa yg seharusnya menjadi tanngungjawabnya.",['Beritasatu'],Mon Jul 20 19:17:30 +0000 2026,2,0,0,0,87.0,1957976532892413952,hampatha40822,Abdullah,3,False
https://x.com/tempodotco/status/2079899270199595250?s=20,2079899270199595250,2080123760292872216,Salpok semangkanya🗿 sisa hikmahnya,['tempodotco'],Thu Jul 23 02:52:05 +0000 2026,0,0,0,0,11.0,1310939552723410947,moony__myeon,✧◍lemonade.®™✧•🍉🇵🇸𓆝 𓆟 𓆞,1124,False
https://x.com/LambeSahamjja/status/2079728084748738660?s=20,2079728084748738660,2079792540518375509,"ya gp2 kan dari awal banyak jg masyarakat yg menentang, katanya politik balas budi dll",['LambeSahamjja'],Wed Jul 22 04:55:56 +0000 2026,0,0,0,0,687.0,1973944215903350784,CherishedChoso,Nadia ☕️,86,False
https://x.com/kompascom/status/2079198548089041058?s=20,2079198548089041058,2079562153871466683,kalau kasih makan anak indonesia aja bisa jadi alasan diserang bayangkan betapa tidak nyamannya program ini buat mereka yg selama ini nyaman dengan kondisi yg ada 🥹,['kompascom'],Tue Jul 21 13:40:28 +0000 2026,0,0,0,0,8.0,2158025446,tammy_mulkey,Tammy Mulkey 🦅🟠,1,False
https://x.com/Naandaa27/status/2079066649509142970?s=20,2079066649509142970,2079386772258406717,"otaknya dimana anjir, itu anak anak di suruh ngangkut padahal ada petugasnya yang lebih dewasa",['Naandaa27'],Tue Jul 21 02:03:34 +0000 2026,0,0,0,0,32.0,1625480203979067393,subiith,subii 🌶️,171,False
https://x.com/Beritasatu/status/2079148987916107847?s=20,2079148987916107847,2079369017564029408,"halo pak ,gimana dengan uang yg lenyap disebabkan oleh koruptor ,bapak pun tidak berkomntar kan ,kalo mau menggempor2 program ya jangan lupa masalah terbesar jg harus diatasi minimal hukum mati para koruptor dan miskin kan keluarganya",['Beritasatu'],Tue Jul 21 00:53:01 +0000 2026,2,0,0,0,384.0,1105595927153135616,fallen223,Fallen223,12,False
https://x.com/toe_giman/status/2077699532020957341?s=20,2077699532020957341,2078384597793214625,"MBG kampreet, proyek mega korupsi!!! Tunggu aja wowo lengser dia mesti mempertanggungjawabkan secara hukum!!!",['toe_giman'],Sat Jul 18 07:41:17 +0000 2026,0,0,0,0,14.0,60338602,akuragil,AKU,230,False
https://x.com/kompascom/status/2077241661911130210?s=20,2077241661911130210,2077323260153532538,Mogok masal aja. Bukan mengurangi masalah malah tambah masalah dengan muncul organisasi baru asosiasi mitra mbg...,['kompascom'],Wed Jul 15 09:23:54 +0000 2026,2,0,0,0,178.0,1691024266618347520,JojoMiauw76308,Jojo Miauw,15,False
https://x.com/bersuwara_/status/2075762961818472514?s=20,2075762961818472514,2075843010689151349,"Itu justru tandanya berguna kalau enggak kenapa harga bisa turun itu bahkan belum pernah terjadinharga bisa semurah itu, dikasih harga murah kok marah-marah aneh",['bersuwara_'],Sat Jul 11 07:21:55 +0000 2026,1,0,0,0,111.0,549206229,hari_kun,Hari,2360,True
https://x.com/TheKerupuk/status/2076503885880205758?s=20,2076503885880205758,2076520810127544728,JABANG BAYI https://t.co/KGfbzpbg2y,['TheKerupuk'],Mon Jul 13 04:15:15 +0000 2026,67,1,1,0,6620.0,1432328146808803335,ndah_345yw1n,Endah Ira Istiana,304,True
https://x.com/ARSIPAJA/status/1893601702273806465?s=20,1893601702273806465,1893629619045105949,Yg penting Bersyukur 😅,['ARSIPAJA'],Sun Feb 23 11:50:57 +0000 2025,1,0,0,0,445.0,1374686160748830724,DS_yantie,🇮🇩 Yanti 🇮🇩,27508,True
https://x.com/LambeSahamjja/status/2080933139564949662?s=20,2080933139564949662,2081202507892900154,Si baskom waktu kecil pasti nggak dapet mbg jadi kosong kepalanya,['LambeSahamjja'],Sun Jul 26 02:18:39 +0000 2026,0,0,0,0,40.0,1845659607693508608,metalica2169,lionheart,5,False
https://x.com/Hidupsebagai62/status/2064707522078879832?s=20,2064707522078879832,2065544651596235028,"Ada yang kelewat bro, berita utama nya sektor jalur laut di bikin 1 pintu aja jadi, sebagian sektor jadi lebih baik MBG hanya sebagian kecil, sebagian besar karena kita selama ini di manfaatkan sama tetangga, mka dari itu negara tetangga ngirim antek"" untuk membuat Aceh merdeka",['Hidupsebagai62'],Fri Jun 12 21:19:55 +0000 2026,1,0,0,0,58.0,1691538273573957634,NoName59971,Tidak di Ketahui,0,False
https://x.com/txtdrimedia/status/2079154852257513702?s=20,2079154852257513702,2079188815923867832,Yang diharapkan rakyat kini rakyat butuh lapangan pekerjaan Woo... 😩,['txtdrimedia'],Mon Jul 20 12:56:57 +0000 2026,0,0,0,0,26.0,1690748081057456129,AntonNovembra,UZUMAKI,156,False
https://x.com/PartaiSocmed/status/2079853104879837373?s=20,2079853104879837373,2079955620720206125,"Buzzer bacooooottt luuu, jilat terus sampe cair transferan",['PartaiSocmed'],Wed Jul 22 15:43:58 +0000 2026,0,0,0,0,62.0,2029674720703205376,elusmusk01,elusmusk,2,False
https://x.com/ARSIPAJA/status/1893601702273806465?s=20,1893601702273806465,1893644790429811107,"pemerintah foya-foya, masyarakat semakin merana
gemukin kabinet, kuras habis masyarakat
oke gas, oke gas menuju endonesia cemas",['ARSIPAJA'],Sun Feb 23 12:51:14 +0000 2025,1,0,0,0,1926.0,3790464434,ikankoki28,banGalau,5480,False
https://x.com/txtdrimedia/status/2079189585167532416?s=20,2079189585167532416,2079692699691893010,"Ngomong opo tow wo
Blekuthak blekuthuk rak jelas
Heran aku",['txtdrimedia'],Tue Jul 21 22:19:13 +0000 2026,0,0,0,0,412.0,2036640798020886528,banyak37504,Banyak Kepo,0,False
https://x.com/txtdrimedia/status/2079154852257513702?s=20,2079154852257513702,2079194062989734241,"Lagi demam mimpi prabowo jadi presiden, pas dah sembuh ternyata baru sadar klo ini bukan mimpi 💀",['txtdrimedia'],Mon Jul 20 13:17:48 +0000 2026,0,0,0,0,44.0,1451101672504119300,MrSeikaro,Seikaro,18,False
https://x.com/TheKerupuk/status/2076503885880205758?s=20,2076503885880205758,2076541978834276683,kalo itu dari mulutnya sudah familiar,['ndah_345yw1n'],Mon Jul 13 05:39:22 +0000 2026,5,0,0,0,5583.0,2022947167829397507,TheKerupuk,The Kerupuk,42187,True
https://x.com/tempodotco/status/2079899270199595250?s=20,2079899270199595250,2079900428603703665,Memang tidak punya.. Tapi family lainnya? 😌,['tempodotco'],Wed Jul 22 12:04:39 +0000 2026,0,0,0,0,93.0,1608833472780730371,NyemilQ,Riff,1503,True
https://x.com/LambeSahamjja/status/2079728084748738660?s=20,2079728084748738660,2079815777340047693,Jadi inget ratna sarumpaet ni ibu2,['LambeSahamjja'],Wed Jul 22 06:28:17 +0000 2026,0,0,0,0,123.0,2045473827191160832,Hidayat210102,Ilmin Syarif Hidayatullah,11,False
https://x.com/kompascom/status/2079198548089041058?s=20,2079198548089041058,2079383207116742767,Ada kemungkinan korupsi dr mbg dan kopdes ditujukan untuk ngumpulin modal pemilu/pilpres 2029. Gak heran jika ada yg sewot banget kalo ada yg kritik mbg,['kompascom'],Tue Jul 21 01:49:24 +0000 2026,1,0,0,0,356.0,185844365,TonggoneMulyono,HusniArifin,1,False
https://x.com/Hidupsebagai62/status/2064707522078879832?s=20,2064707522078879832,2065094925604315257,"Bukan cuma di stop, harus AUDiT total sistem nya. Kalau cuma si Dadan yg ditangkap gw gak setuju.... Ini program telah menciptakan korupsi berjamaah. MBG itu dari APBN uang Rakyat.",['Hidupsebagai62'],Thu Jun 11 15:32:52 +0000 2026,1,0,0,0,46.0,1127872477,Lazuardi_988,🇮🇩 Ömêr Ðêmïr 🇵🇸,367,False
https://x.com/toe_giman/status/2077699532020957341?s=20,2077699532020957341,2077891197293789357,"Progrm amburadul, pmgawasan eblehe jd ladang korupsi.. Mang gblok si wowo",['toe_giman'],Thu Jul 16 23:00:41 +0000 2026,0,0,0,0,89.0,556346859,andribogard,🍉🇵🇸,45,False
https://x.com/Beritasatu/status/2079148987916107847?s=20,2079148987916107847,2079689414675210520,Lha dia bener gak bisa menerima kritik gak bisa ngitung gak bisa melihat keadaan yang sebenarnya. Cuma bisa mendengar laporan yg bohong. Dia gak sadar dibohongi.,['Beritasatu'],Tue Jul 21 22:06:09 +0000 2026,2,0,0,0,58.0,1977031173298962433,TotoHerman94593,Toto Hermanto,0,False
https://x.com/kompascom/status/2077241661911130210?s=20,2077241661911130210,2077332611945705553,Bukannya ga boleh berbisnis dengan negara ya? Kata presidennya jg bukannya ga boleh mencari keuntungan dari program pemerintah? Kok skrg yg dibicarakan modal awal? 😂,['kompascom'],Wed Jul 15 10:01:04 +0000 2026,2,0,0,0,357.0,267498556,Bangbung2114,siapaayooo??,119,False
https://x.com/Naandaa27/status/2079066649509142970?s=20,2079066649509142970,2079210970837377505,"MBG itu [Making Big Greedy], sudah alokasi anggaran pendidikannya terpakai. Siswa dan Gurunya dimanfaatkan pula oleh Owner SPPG. Gaji guru dibanding staff SPPG lebih besar mereka. 🤷🤷🤷🤦🤦🤦",['Naandaa27'],Mon Jul 20 14:24:59 +0000 2026,1,0,0,0,65.0,1546130429031632898,WebyWiguna18,Leo'nardo 🇮🇩🇵🇸,119,False
https://x.com/LambeSahamjja/status/2080933139564949662?s=20,2080933139564949662,2080953692589818005,"Ini namanya pemimpin yg tidak mengerti urgensi, tidak punya skill problem solving, bukan di peruntukan untuk memimpin sebuah negeri, karena kemampuan nya dibawah rata2. Bawahannya hanya bisa mengiyakan selagi menguntungkan.",['LambeSahamjja'],Sat Jul 25 09:49:57 +0000 2026,14,0,1,0,1125.0,948806292776169473,oceanon12,Roro,1082,False
https://x.com/bersuwara_/status/2075762961818472514?s=20,2075762961818472514,2075847840476389390,"padahal kemaren ati ampela sempet 2k sebiji

ini bakalan balik 3,5k sebiji dah",['bersuwara_'],Sat Jul 11 07:41:07 +0000 2026,1,0,0,0,238.0,1182148112963387393,joijocokladd,tmThy,12382,False
https://x.com/Beritasatu/status/2079148987916107847?s=20,2079148987916107847,2079357343465447606,"Tak pikir dulu dia hebat karena berasal dari militer, ternyata oh ternyata  pola pikirnya ndeso banget pantesen diusir dari cendana. Uang negara buat makan2 dan jadi taik, pada hal banyak cara lain yg jauh lbh bemartabat dari pada itu. Dibiarkan berlama2 semakin hancur negara ini",['Beritasatu'],Tue Jul 21 00:06:37 +0000 2026,3,0,0,0,466.0,96138930,ZendraHarfinus,Zendra Harfinus,28,False
https://x.com/ARSIPAJA/status/1893601702273806465?s=20,1893601702273806465,1893708716517593337,Duh,['ARSIPAJA'],Sun Feb 23 17:05:16 +0000 2025,1,0,0,0,233.0,1615031156604555269,verbotenviking,Skyfall,301,False
https://x.com/LambeSahamjja/status/2080933139564949662?s=20,2080933139564949662,2081000163926331745,41% itu justru di daerah yg sama sekali tidak terjamah MBG....,['LambeSahamjja'],Sat Jul 25 12:54:36 +0000 2026,0,0,0,0,41.0,1640145199048560640,NaisahIsah,Naisah Isah,7,False
https://x.com/txtdrimedia/status/2079154852257513702?s=20,2079154852257513702,2079809313842102779,"Apaan sihh wokk, ngomongin kemiskinan kok tiba tiba larinya ke makan, minimal mah diaksih lapangan pekerjaan dulu kek, masa yang makan cuma anaknya doang",['txtdrimedia'],Wed Jul 22 06:02:36 +0000 2026,0,0,0,0,2.0,302542673,Ari_ChesterFN,NowNow,824,False
https://x.com/TheKerupuk/status/2076503885880205758?s=20,2076503885880205758,2076551267414159679,Amku siap imkut mpls biar dampat jamtah mbg damri pampa wowok https://t.co/Uq25iFENyj,['TheKerupuk'],Mon Jul 13 06:16:17 +0000 2026,55,1,2,0,4423.0,341267493,vicko_twitt,ᴠɪᴄᴋᴏ ᴠᴀɴ ᴠᴇʟᴢᴇɴ,1319,False
https://x.com/tempodotco/status/2079899270199595250?s=20,2079899270199595250,2079903210203214334,Dadan: ‘nggak mungkin ada korupsi di BGN’,['tempodotco'],Wed Jul 22 12:15:42 +0000 2026,1,0,0,0,107.0,1031049374216871937,kebayoranbentar,Chandler Muriel Bing,558,True
https://x.com/Hidupsebagai62/status/2064707522078879832?s=20,2064707522078879832,2064859869426110784,Saking setujunya ni tangan gak bisa turun https://t.co/JK2KTAHPQn,['Hidupsebagai62'],Wed Jun 10 23:58:50 +0000 2026,0,0,1,0,172.0,1991150452789166080,runaw4yyyy,yourwatermark,5,False
https://x.com/kompascom/status/2079198548089041058?s=20,2079198548089041058,2079588345278345452,saya diserang karena ingin beri makan anak indonesia dan kalimat itu akan terus relevan selama mbg jalan dan selama anak2 indonesia terus makan bergizi setiap hari karena program yg diserang itu 🥹,['kompascom'],Tue Jul 21 15:24:33 +0000 2026,0,0,0,0,17.0,508794114,cakezaclubzasix,cakeza clubza-six,6,False
https://x.com/LambeSahamjja/status/2079728084748738660?s=20,2079728084748738660,2079877285776338944,Akhirnya akan ada yg di tumbal kan berikutnya wkwkwk🤣,['LambeSahamjja'],Wed Jul 22 10:32:41 +0000 2026,0,0,0,0,183.0,3265611043,ranuno16,Ranuno,33,False
https://x.com/Naandaa27/status/2079066649509142970?s=20,2079066649509142970,2079458350857851009,"klo menurut aku ini murni masalah akses jalan ya, tp jempolan bgt pemerintah tetep maksain MBG masuk walau medannya berat bgt",['Naandaa27'],Tue Jul 21 06:47:59 +0000 2026,0,0,0,0,49.0,1824458082266779652,El_clemfandango,Clem H Fandango,0,False
https://x.com/Beritasatu/status/2079148987916107847?s=20,2079148987916107847,2079234002440045039,Jelasin dong pak...duit ribuan triliun tuh dalam bentuk apa?? kenapa kok bisa lari ke luar negeri?? jangan asal ngebacot doang pak!!! berarti bpk mengakui kalo mbg ini memang buat buang2 duit?? kok ngebandingin dengan duit ribuan triliun yg lari keluar negeri??,['Beritasatu'],Mon Jul 20 15:56:31 +0000 2026,2,0,0,0,319.0,1261000489400852480,craveneizm86,Craveneizm86,3,False
https://x.com/TheKerupuk/status/2076503885880205758?s=20,2076503885880205758,2076563692997804048,janji ya kalo dapat nanti dihabisin makannya,['vicko_twitt'],Mon Jul 13 07:05:39 +0000 2026,3,0,1,0,3734.0,2022947167829397507,TheKerupuk,The Kerupuk,42187,True
https://x.com/txtdrimedia/status/2079154852257513702?s=20,2079154852257513702,2079405641719046467,"Salah Prabowo adalah tidak punya prabowo-mania, Pro-Prab, katakita, denysire, dll. Ga ada yg nyapu hal² kecil, jadi sibuk sendiri",['txtdrimedia'],Tue Jul 21 03:18:33 +0000 2026,0,0,0,0,54.0,1674973398,WidiadnyanaTias,Texas Waringin,60,False
https://x.com/kompascom/status/2077241661911130210?s=20,2077241661911130210,2077350923400319373,"Yaudah sana mogok aja emng kita peduli. Baguslah klu mogok lumayan hemat anggaran, klu bisa selamanya. Udh berasa kaya pusat dunia aja nih MBG dipikir klu embege ga buka lngsung kiamat kali",['kompascom'],Wed Jul 15 11:13:50 +0000 2026,2,0,0,0,358.0,152858346,whiterosestea,🍂,3663,True
https://x.com/PartaiSocmed/status/2079853104879837373?s=20,2079853104879837373,2079920948225176010,https://t.co/KTjF3tyfOI,['PartaiSocmed'],Wed Jul 22 13:26:11 +0000 2026,0,0,0,0,42.0,69337935,mansurcom,mansur muhammad,150,False
https://x.com/ARSIPAJA/status/1893601702273806465?s=20,1893601702273806465,1893627923627696505,Mereka nggak pernah ada untuk rakyat. Mereka hanyalah gerombolan rakus yang menyembah uang.,['ARSIPAJA'],Sun Feb 23 11:44:13 +0000 2025,1,0,0,0,165.0,1868161628342194176,rakyatgenggam,Suki bakar,14,False
https://x.com/txtdrimedia/status/2079189585167532416?s=20,2079189585167532416,2079455399024156731,masih di zaman primitif kahh sampe bisa bilang ini di luar perkiraan 😀,['txtdrimedia'],Tue Jul 21 06:36:16 +0000 2026,0,0,0,0,311.0,1714615591619973120,rysugaa,sgry_,2,False
https://x.com/toe_giman/status/2077699532020957341?s=20,2077699532020957341,2077994549625180656,lah yg nerima barangnya malah diusir ki gimana,['toe_giman'],Fri Jul 17 05:51:22 +0000 2026,0,0,0,0,24.0,952903461812584448,peachunwild,️️ ️️️️,492,False
https://x.com/Hidupsebagai62/status/2064707522078879832?s=20,2064707522078879832,2064888371219235014,Prabodoh Sutolol pidatonya nyindir diri sendiri dan bikin ekonomi Indonesia hancur 🤣,['Hidupsebagai62'],Thu Jun 11 01:52:06 +0000 2026,1,0,0,0,79.0,3268473139,AlfianA_R_,A. A. R.,196,False
https://x.com/tempodotco/status/2079899270199595250?s=20,2079899270199595250,2079982475573686278,So?,['tempodotco'],Wed Jul 22 17:30:41 +0000 2026,0,0,0,0,14.0,1561343728002170882,Mozuast,m's🍉,128,False
https://x.com/LambeSahamjja/status/2079728084748738660?s=20,2079728084748738660,2079754572562858142,"Tumben bu mengundurkan dirinya gak pake drama nangis nagisan 😅
Mundur dari BGN pindah ke tempat yang agak basahan ., soalnya MBG dah kering 🤣",['LambeSahamjja'],Wed Jul 22 02:25:04 +0000 2026,1,0,0,0,1245.0,313027177,KenCaesar,K E N,719,True
https://x.com/LambeSahamjja/status/2080933139564949662?s=20,2080933139564949662,2081162240720515570,"Ikan busuk emang dari kepala, sampe ujung ekor juga busuk",['LambeSahamjja'],Sat Jul 25 23:38:38 +0000 2026,0,0,0,0,33.0,1589638915991826432,MubaraBakar,ALKAPAY 𝕏,24,False
https://x.com/kompascom/status/2079198548089041058?s=20,2079198548089041058,2079593808766095398,pak prabowo diserang karena mbg dan itu adalah paradox politik paling menyedihkan yaitu ketika program untuk anak stunting jadi target serangan bukan pujian,['kompascom'],Tue Jul 21 15:46:15 +0000 2026,0,0,0,0,4.0,2013826017207705600,Nurayni280997,Nurayni,0,False
https://x.com/Naandaa27/status/2079066649509142970?s=20,2079066649509142970,2079458277210140932,"wajar kok ada kekurangan teknis di awal2 program besar gini, yg penting niat baik pemerintah nyampe ke rakyat kecil di pulau2",['Naandaa27'],Tue Jul 21 06:47:42 +0000 2026,0,0,0,0,48.0,1846193635811119106,Dijkie023,Boris Van Dijk,0,False
https://x.com/bersuwara_/status/2075762961818472514?s=20,2075762961818472514,2075896105662132569,"Hasil kerja Parpol korup hanya palak-memalak, korupsi, memperbudak dan memperbodoh.

Jangan harap inovasi dan produktifitas akan lahir. 

MERDEKA!",['bersuwara_'],Sat Jul 11 10:52:54 +0000 2026,1,0,0,0,20.0,1534520507982561280,Kiamat_Change,Kiamat Change,105,False
https://x.com/ARSIPAJA/status/1893601702273806465?s=20,1893601702273806465,1893650504804131029,"Harus dikasih fasilitas terbaik untuk para pelayan rakyat, biar kerjanya bener :)",['ARSIPAJA'],Sun Feb 23 13:13:57 +0000 2025,1,0,0,0,622.0,120360362,waawwaannn,si paling olahragawan,342,False
https://x.com/Beritasatu/status/2079148987916107847?s=20,2079148987916107847,2079416687104024648,"Coba kosongkan dulu pikiran mau maju 2029, anggap bapak umurnya ga lama, coba cari solusi yg terbaik yg bapak bisa ambil utk mensejahterakan bangsa ini, tanpa ada kepentingan yg lain, coba deh",['Beritasatu'],Tue Jul 21 04:02:26 +0000 2026,2,0,0,0,266.0,1788558112838021120,dewamadenov4n,novanovski,1,False
https://x.com/LambeSahamjja/status/2080933139564949662?s=20,2080933139564949662,2081175417638236662,"Kalo tiap kali narasi kyk gini bergulir tanpa ada yg koreksi, rakyat yang nalarnya ga jalan, bakal percaya kalo hal itu benar.",['LambeSahamjja'],Sun Jul 26 00:31:00 +0000 2026,0,0,0,0,29.0,1664692459,kosvka,🍉,190,False
https://x.com/txtdrimedia/status/2079154852257513702?s=20,2079154852257513702,2079288453913850252,"Dia meminta rakyat bermental miskin, bukan menjadi pejuang ekonomi, dia mau rakyat bermental pengemis, itu aja",['txtdrimedia'],Mon Jul 20 19:32:53 +0000 2026,0,0,0,0,17.0,2248413540,Gapazhe,JemaahOldTrafford,110,False
https://x.com/LambeSahamjja/status/2079728084748738660?s=20,2079728084748738660,2079780387782524995,"Jabatan boleh berganti, tapi publik tetap berhak meminta pertanggungjawaban atas kinerja program yang sudah berjalan sihhhh",['LambeSahamjja'],Wed Jul 22 04:07:39 +0000 2026,0,0,0,0,200.0,1285752973948186624,yscha7,Axyz,41,False
https://x.com/kompascom/status/2079198548089041058?s=20,2079198548089041058,2079561115277959331,pak prabowo diserang karena mbg dan itu adalah paradox politik paling menyedihkan yaitu ketika program untuk anak stunting jadi target serangan bukan pujian,['kompascom'],Tue Jul 21 13:36:20 +0000 2026,0,0,0,0,7.0,2013809602698321921,Gebildanuk1,Gaby Kartika,0,False
https://x.com/Naandaa27/status/2079066649509142970?s=20,2079066649509142970,2079247276174983256,Karena tujuan prabowo biar masyarakat bodoh bukan pinter,['Naandaa27'],Mon Jul 20 16:49:15 +0000 2026,1,0,0,0,66.0,1982475559331618816,MHiwug,melly hiwug,5,False
https://x.com/TheKerupuk/status/2076503885880205758?s=20,2076503885880205758,2076553057387884790,day 1 mpls https://t.co/O8onXYbwaW,['TheKerupuk'],Mon Jul 13 06:23:24 +0000 2026,16,1,1,0,3727.0,1071754775702556672,Kabuds_,Bukan Adudu,2958,True
https://x.com/kompascom/status/2077241661911130210?s=20,2077241661911130210,2077322669436084374,Lah bagus dong hemat APBN. Mogok aja terus.... https://t.co/fOO6DceTbP,['kompascom'],Wed Jul 15 09:21:33 +0000 2026,2,0,0,0,2337.0,208458652,guerillach,Salihamidzic,311,False
https://x.com/PartaiSocmed/status/2079853104879837373?s=20,2079853104879837373,2080061261287673868,"Kalau memang benar ada intimidasi atau ancaman, tentu itu tidak bisa dibenarkan. Perbedaan pendapat atau kepentingan seharusnya diselesaikan melalui jalur hukum dan dialog, bukan dengan tekanan atau kekerasan.",['PartaiSocmed'],Wed Jul 22 22:43:45 +0000 2026,0,0,0,0,22.0,1794060249722417152,RohtaAnjulian,Rohta Anjulian 🇮🇩 🇵🇸 🌞,6134,True
https://x.com/tempodotco/status/2079899270199595250?s=20,2079899270199595250,2080236997072089099,Tapi tripel job,['tempodotco'],Thu Jul 23 10:22:03 +0000 2026,0,0,0,0,5.0,1746260480732405760,hrpskom_01,nodirbek,1340,True
https://x.com/toe_giman/status/2077699532020957341?s=20,2077699532020957341,2078379346855624877,"Semua demi fulus,  gak Fafa Tolo* yg penting uang mengalir sampe jauh",['toe_giman'],Sat Jul 18 07:20:25 +0000 2026,0,0,0,0,1.0,1744940909547094016,pink78303,Pink07black,60,False
https://x.com/Hidupsebagai62/status/2064707522078879832?s=20,2064707522078879832,2064928178842608101,Ayah aku aja sebagai petugas kebersihan jadi nambah pekerjaan dong harus angkutin ribuan ompreng dari mobil ke kelas kelas mana tiap pulang bawa sisa mbg banyak lagi yah ada yg kemakan banyak juga yg kebuang tapi gaji tetep aja ga naik walau jobdesk nambah terusss huhuhu,['Hidupsebagai62'],Thu Jun 11 04:30:17 +0000 2026,1,0,0,0,263.0,1785467075127136256,handzikie64390,adelyaH²⁵,31,False
https://x.com/txtdrimedia/status/2079189585167532416?s=20,2079189585167532416,2079701035921416325,"Baru dengar jangan2, selama ini dia ngerasa memimpin dubai",['txtdrimedia'],Tue Jul 21 22:52:20 +0000 2026,0,0,0,0,221.0,2021206152437288960,muter2X,muter2X,3,False
https://x.com/ARSIPAJA/status/1893601702273806465?s=20,1893601702273806465,1893963751759524168,Katanya efisiensi. Efisiensi ndasmu,['ARSIPAJA'],Mon Feb 24 09:58:41 +0000 2025,1,0,0,0,34.0,72550612,swallowhitam,Damon,31,False
https://x.com/Beritasatu/status/2079148987916107847?s=20,2079148987916107847,2079347725381054468,Klo mau di bilang bagus... Kontrolnya yg serius dan bener dong.... Diberbagai wilayah MBG itu katanya porsi harga 15 rb dah kaya kaya harga 8 rb an.....,['Beritasatu'],Mon Jul 20 23:28:24 +0000 2026,2,0,0,0,685.0,2071123292120100865,Arlezymo8e,Arlezy,4,False
https://x.com/LambeSahamjja/status/2080933139564949662?s=20,2080933139564949662,2081120451011764443,"Solusi gizi dan solusi sarapan kok pilihannya cuman satu, lah wong kalo mau nyontoh negara lain, yaa yg di contoh gimana cara memakmurkan keluarga dulu, lah malah sing penting Embegeeee ! Anggaran triliunan kok disebut gratis!!!",['LambeSahamjja'],Sat Jul 25 20:52:35 +0000 2026,2,0,0,0,577.0,403867646,rlprayogi58,Rizqika Lukman P,341,False
https://x.com/txtdrimedia/status/2079154852257513702?s=20,2079154852257513702,2079170331017895971,cuma dibantu makan sekali sehari itu pun ga semua orang miskin dapat,['txtdrimedia'],Mon Jul 20 11:43:30 +0000 2026,0,0,0,0,149.0,1815856203001720832,Piomonn,Kholil,18,False
https://x.com/Hidupsebagai62/status/2064707522078879832?s=20,2064707522078879832,2064932487734931867,Se7,"['Hidupsebagai62', 'mtkya1969']",Thu Jun 11 04:47:24 +0000 2026,1,0,0,0,3.0,1665981504261074944,UNungcik77,Usman Nungcik,3,False
https://x.com/TheKerupuk/status/2076503885880205758?s=20,2076503885880205758,2076563100325793928,"langsung banyak temannya, anak baik berarti",['Kabuds_'],Mon Jul 13 07:03:18 +0000 2026,0,0,1,0,3301.0,2022947167829397507,TheKerupuk,The Kerupuk,42187,True
https://x.com/tempodotco/status/2079899270199595250?s=20,2079899270199595250,2079912258432630821,Gak nanya wlee..,['tempodotco'],Wed Jul 22 12:51:39 +0000 2026,0,0,0,0,32.0,1449018558189486085,aneselalubenar,uwak,40,False
https://x.com/kompascom/status/2079198548089041058?s=20,2079198548089041058,2079571728930652469,pak prabowo diserang karena mbg dan itu adalah paradox politik paling menyedihkan yaitu ketika program untuk anak stunting jadi target serangan bukan pujian,['kompascom'],Tue Jul 21 14:18:31 +0000 2026,0,0,0,0,7.0,2013604483285295109,zaskiana1343,zaskiana,1,False
https://x.com/Naandaa27/status/2079066649509142970?s=20,2079066649509142970,2079386876822348217,"Eksploitasi!
Apakah benar tidak menggangu jam belajar?",['Naandaa27'],Tue Jul 21 02:03:59 +0000 2026,0,0,0,0,36.0,1746483586122035200,dio_albert2345,dioxide,2,False
https://x.com/LambeSahamjja/status/2079728084748738660?s=20,2079728084748738660,2079762343559582173,inikah waktunya aku menjilat? 😋,['LambeSahamjja'],Wed Jul 22 02:55:57 +0000 2026,0,0,0,0,156.0,1405036869218226182,Putri16822659,alyaap,2,False
https://x.com/kompascom/status/2077241661911130210?s=20,2077241661911130210,2077294133937602599,"Iyalah, banyak yang belum balik modal abis minjem 1M/, jadi dibenci tetangga gara-gara ambil lahan sembarangan, jadi muka tebel dan penjilat terus pengen coba jadi kaya sekalian siapa tau dapat kursi pejabat
Kalo yang udah mah ya ga mikirin amat kali yah🤣🤣

Y X G kuy",['kompascom'],Wed Jul 15 07:28:10 +0000 2026,3,0,0,0,661.0,2164081249,F_Al_Haris_,D a M E M E S L o r d,114,False
https://x.com/PartaiSocmed/status/2079853104879837373?s=20,2079853104879837373,2079870411270173132,"Kasih duit kembali ga bisa, dikiranya ikhlas kali",['PartaiSocmed'],Wed Jul 22 10:05:22 +0000 2026,0,0,0,0,167.0,1631607061053333505,NasiAking234,NasiAking,316,False
https://x.com/bersuwara_/status/2075762961818472514?s=20,2075762961818472514,2075880717993857075,"TELUR JUGAA, mana ngepasin di rumah abis pulak",['bersuwara_'],Sat Jul 11 09:51:45 +0000 2026,1,0,0,0,13.0,1674063345769480193,rizxxdx,Prastyave,2077,True
https://x.com/toe_giman/status/2077699532020957341?s=20,2077699532020957341,2077979291846049951,Dunia pendidikan di Indonesia sekarang Bukan lagi bercerita tentang kualitas pendidikan Tapi ceritanya tentang MBG MBG MBG MBG sangat sangat keterlaluan,['toe_giman'],Fri Jul 17 04:50:44 +0000 2026,0,0,0,0,19.0,706500903147143168,SuwitoRobby,🇸 🇺 🇵 🇪 🇷 🇧 🇴 🇾,3571,False
https://x.com/Beritasatu/status/2079148987916107847?s=20,2079148987916107847,2079214383868334294,"You’re a donkey, untuk counter statement ente itu sebetulnya gak perlu nyantumin data atau angka, cukup cari keyword “korupsi” udah cukup untuk bantah program2 tolol pemerintah. Pake segala bilang gak ada ahli/pakar yg bantah segala, anjing bener jadi manusia.",['Beritasatu'],Mon Jul 20 14:38:33 +0000 2026,2,0,0,1,435.0,1980648553434492929,_pvnkisdad,.,3,False
https://x.com/LambeSahamjja/status/2080933139564949662?s=20,2080933139564949662,2080977983012315443,Untuk mendeteksi prioritas aja sudah keliru. Nasib nasib,['LambeSahamjja'],Sat Jul 25 11:26:28 +0000 2026,0,0,0,0,154.0,1813062713331052544,anak_80han,Rudy99,10,False
https://x.com/TheKerupuk/status/2076503885880205758?s=20,2076503885880205758,2076515196374593572,"Kira2 bakal dibentak ""percepat langkah kalian, putra! """,['TheKerupuk'],Mon Jul 13 03:52:57 +0000 2026,6,0,1,0,1015.0,217711697,VanRuwet,Calon TKA Yordania,111,False
https://x.com/ARSIPAJA/status/1893601702273806465?s=20,1893601702273806465,1893651302028079605,Dimana letak 'Keadilan bagi seluruh rakyat indonesia?' Itu ya pak? @prabowo,['ARSIPAJA'],Sun Feb 23 13:17:07 +0000 2025,0,0,0,0,613.0,1537674661781438464,R_Fellada,🌻,7,False
https://x.com/Hidupsebagai62/status/2064707522078879832?s=20,2064707522078879832,2064887339764388281,"Terlalu ambisius untuk jangkauan yang terlalu lebar. Program makan bergizi yang idealnya menyasar yang benar-benar membutuhkan malah dipaksakan ke semua orang. Hasilnya bukan cuma tidak efisien, tapi korupsi dari dalam dan puluhan ribu anak keracunan. Berhenti sebentar saja sudah",['Hidupsebagai62'],Thu Jun 11 01:48:00 +0000 2026,1,0,0,0,212.0,2047138059292946432,RiftVein,RiftVein,436,False
https://x.com/txtdrimedia/status/2079154852257513702?s=20,2079154852257513702,2079577329274433723,"ini orang emang nggak paham dan nggak mau paham, gak mungkin gak ada yg bilangin dia",['txtdrimedia'],Tue Jul 21 14:40:46 +0000 2026,0,0,0,0,10.0,1479807514489151489,gijillll,gijillll,3,False
https://x.com/kompascom/status/2079198548089041058?s=20,2079198548089041058,2079585486876909897,pak prabowo diserang bukan karena gagal tapi karena berhasil dan itu adalah ironi paling pahit dari kepemimpinan yg genuinely berpihak ke rakyat,['kompascom'],Tue Jul 21 15:13:11 +0000 2026,0,0,0,0,3.0,2013608858258944000,deliaana19888,delia ana,0,False
https://x.com/tempodotco/status/2079899270199595250?s=20,2079899270199595250,2080580131782000642,Loh ganti lagi?,['tempodotco'],Fri Jul 24 09:05:33 +0000 2026,0,0,0,0,4.0,1169066279371542529,vrizz_ss,xi ba bi,740,False
https://x.com/LambeSahamjja/status/2079728084748738660?s=20,2079728084748738660,2079752495912702183,Kira2 kenapa mau mundur dari jabatan yang semenggiurkan ini? 👀,['LambeSahamjja'],Wed Jul 22 02:16:49 +0000 2026,0,0,0,0,217.0,2069748335943286784,archfiee,Archfie 📌,587,True
https://x.com/Naandaa27/status/2079066649509142970?s=20,2079066649509142970,2079457849495912500,"santai aja gaes jgn emosi dulu, ini masukan bagus buat SPPG setempat biar kedepannya siapin armada khusus buat medan nanjak",['Naandaa27'],Tue Jul 21 06:46:00 +0000 2026,0,0,0,0,47.0,1813489558933180416,Burak06000,Burak Demirseren,0,False
https://x.com/kompascom/status/2077241661911130210?s=20,2077241661911130210,2077518134492508375,"Pak @prabowo 
Sebaiknya MBG dioperasikan o/ BUMN yg memang fokus produksi makanan sehat&amp;jaga kualitas u/ siswa dll u/ cegah keracunan krn keracunan yg byk terjadi buat masyarakat trauma ditambah tdk ada yg jadi tersangka agar jera
Rakyat butuh pemimpin yg dengar #aspirasi rakyat",['kompascom'],Wed Jul 15 22:18:16 +0000 2026,1,0,0,0,206.0,76351840,ari_aditya,Ari Aditya,669,False
https://x.com/txtdrimedia/status/2079189585167532416?s=20,2079189585167532416,2079876956854813009,Diluar perkiraan? Udah dari dulu pak masalah itu,['txtdrimedia'],Wed Jul 22 10:31:23 +0000 2026,0,0,0,0,12.0,2072623067474604032,SofiaDenisav,Sofia Denisa,4,False
https://x.com/LambeSahamjja/status/2080933139564949662?s=20,2080933139564949662,2081154087282946552,"Coba lihat jepang, kalo kita mau mencari pemuda yang pintar dalam bidang teknologi di Indonesia sangat susah
Karna pendidikan kita aja tertinggal 100 tahun dari jepang",['LambeSahamjja'],Sat Jul 25 23:06:15 +0000 2026,0,0,0,0,280.0,1157264205449314309,MouLion_o,esca_nor,11,False
https://x.com/txtdrimedia/status/2079154852257513702?s=20,2079154852257513702,2079343184870838347,"Knp dia ga pernah maki2 marah2 soal Dadan, Febrie, Kepala Daerah yg Korupsi, Team Sontoloyo, dll... Introspeksi Internal dulu Pak eee...",['txtdrimedia'],Mon Jul 20 23:10:22 +0000 2026,0,0,0,0,39.0,1697539042706128896,SemuaOKE710920,"Pajak KITA, Kemewahan Mereka",90,False
https://x.com/TheKerupuk/status/2076503885880205758?s=20,2076503885880205758,2076549446519980288,bakal dibentak balik sama dia,['VanRuwet'],Mon Jul 13 06:09:03 +0000 2026,0,0,1,1,681.0,2022947167829397507,TheKerupuk,The Kerupuk,42187,True
https://x.com/ARSIPAJA/status/1893601702273806465?s=20,1893601702273806465,1893826165783031833,Semoga yg minum air impoor . . . ususnya RUSAAK. . . penghinaan pada AMANAT KONSTITUSI. .RAKYAT. . . NEGARA . . . kita tuntut rame2 di AKHERAT kelaak. . .,['ARSIPAJA'],Mon Feb 24 00:51:58 +0000 2025,0,0,1,0,258.0,1419659699465555970,_makanbengbeng,bengbeng,8,False
https://x.com/toe_giman/status/2077699532020957341?s=20,2077699532020957341,2078047952984215831,"harusnya bilang fini

gimana SPPG mau makin untung kalo muridnya cuma sedikit???",['toe_giman'],Fri Jul 17 09:23:34 +0000 2026,0,0,0,0,24.0,2158470259,Akihito69san,Guhway,108,False
https://x.com/Beritasatu/status/2079148987916107847?s=20,2079148987916107847,2079440122509250780,"Sebenarnya ada lho pak protes, tapi belum ada sosial media seperti sekarang ini, jadi tidak terlalu tersiar. 
Dan kalau MBG banyak yang protes bukan berarti tidak suka, tapi pasti ada yang salah. Jangan menyalahkan kenapa yg dulu tdk diprotes,tp yg skrg lah kita buat yg bener.",['Beritasatu'],Tue Jul 21 05:35:33 +0000 2026,2,0,0,0,239.0,1830208812361699328,AgamJoe025,Agam Joe,24,False
https://x.com/bersuwara_/status/2075762961818472514?s=20,2075762961818472514,2075892486845960508,"Mbg deket rumah gue udh siap2 mereka udh mulai cuci ompreng brisik bgt dri pagi pada stel musik, padahal itu letaknya di padat penduduk, bayangin yg rmh yg depan mbg apa ga muak",['bersuwara_'],Sat Jul 11 10:38:31 +0000 2026,1,0,0,0,103.0,1131106476057956352,iamtryshb1,Lion Girl🦁,23552,True
https://x.com/PartaiSocmed/status/2079853104879837373?s=20,2079853104879837373,2080159346198192542,Sampe habis masa jabatan dan nyalon lagi juga begini terus https://t.co/YVko0XHqFU,['PartaiSocmed'],Thu Jul 23 05:13:30 +0000 2026,0,0,0,0,15.0,62874508,jagal_dementor,Penasihat spiritual Harry Maguire,136,False
https://x.com/kompascom/status/2079198548089041058?s=20,2079198548089041058,2079573944991150376,"diserang karena mau kasih makan anak2 yg stunting itu adalah level absurditas yg bikin lo ngerasa sedih sekaligus marah, tetap semangat pak prabowo 🙏",['kompascom'],Tue Jul 21 14:27:19 +0000 2026,0,0,0,0,3.0,2013639168614899712,adinda_ran80764,rania adinda,0,False
https://x.com/Hidupsebagai62/status/2064707522078879832?s=20,2064707522078879832,2065017742764441601,"Pemimpin negara ini sedang berjuang, memperbaiki semua agar lebih baik, Bagi warga negara yg WARAS &amp; Cinta NKRI  pasti mendukung dan mendo'akan.. Tapi bagi PARA PENGHIANAT BANGSA, tentu saja tidak akan mendukung dan terus memperkeruh suasana",['Hidupsebagai62'],Thu Jun 11 10:26:10 +0000 2026,1,0,0,0,132.0,1814624016982024192,abah_seh73,ABAH seh,1,False
https://x.com/Naandaa27/status/2079066649509142970?s=20,2079066649509142970,2079189690067136645,"Sekolah juga harus tegas, melarang anak anak untung apa si pegawai berkedok relawan di gaji jutaan",['Naandaa27'],Mon Jul 20 13:00:26 +0000 2026,0,0,0,0,136.0,2010299435759394816,abcdwiiiiiiiii,wi,0,False
https://x.com/tempodotco/status/2079899270199595250?s=20,2079899270199595250,2080156705716072737,Awas jadi tumbal pak🤣 mending kaburrr,['tempodotco'],Thu Jul 23 05:03:00 +0000 2026,0,0,0,0,10.0,1783360176957140992,Aofeiizaphires,ꪑꫀꪶỉకꪖ᭢ᦔꫀ ✘෴✘,1278,True
https://x.com/txtdrimedia/status/2079189585167532416?s=20,2079189585167532416,2079373335482540203,"Masalah ini muncul dn makin parah, karena dia presidennya, demua terjadi katena ketidakmampuan dia menjadi pemimpin",['txtdrimedia'],Tue Jul 21 01:10:10 +0000 2026,0,0,0,0,754.0,1581588729072058369,Elsa03670221,Elsa,1,False
https://x.com/txtdrimedia/status/2079154852257513702?s=20,2079154852257513702,2079181055203143918,Itu pada kritik mbg sama kopdes kan karena banyak indikasi kecurangan! Gimana sih,['txtdrimedia'],Mon Jul 20 12:26:07 +0000 2026,0,0,0,0,50.0,826794224,_zulfikar_rn,不社会人,485,False
https://x.com/LambeSahamjja/status/2079728084748738660?s=20,2079728084748738660,2079771369244655725,"Sdh terlalu transparan korupsinya.
Bertahan jd kepala MBG makin ancur dia…😅",['LambeSahamjja'],Wed Jul 22 03:31:49 +0000 2026,0,0,0,0,2881.0,1986691417494986753,hei_noer1977,Noah~🇮🇩,1,False
https://x.com/kompascom/status/2077241661911130210?s=20,2077241661911130210,2077468389560525245,PLISS MOGOK AJA PLISSS  BIAR GAK BUANG BUANG ANGGARAN LAGI https://t.co/rXeAgCCtP5,['kompascom'],Wed Jul 15 19:00:36 +0000 2026,1,0,1,0,652.0,1340933635621363713,grassssjelly,Chachi,504,True
https://x.com/Beritasatu/status/2079148987916107847?s=20,2079148987916107847,2079333076178780332,MBG terlihat boros karena terawasi oleh masyarakat...kalo hilang karena dikorupsi trilyunan itu urusan koruptor dengan Tuhannya masyarakat mana tahu...,['Beritasatu'],Mon Jul 20 22:30:12 +0000 2026,2,0,0,0,664.0,1958436023752650752,YossiYustiandi,Yossi Yustiandi,1,False
https://x.com/ARSIPAJA/status/1893601702273806465?s=20,1893601702273806465,1893632659928023052,"Pejabat disuruh efisiensi, makan roti 1000an, minum air gelasan? Ketelen juga kaga 🤣",['ARSIPAJA'],Sun Feb 23 12:03:02 +0000 2025,0,0,0,0,1212.0,1369814424593129473,fatherofeve,Eve’s Dad,46,False
https://x.com/kompascom/status/2079198548089041058?s=20,2079198548089041058,2079551055470498263,pak prabowo diserang karena mbg dan jutaan anak yg tiap hari makan dari program itu adalah jawaban terkuat terhadap semua serangan yg pernah ada,['kompascom'],Tue Jul 21 12:56:22 +0000 2026,0,0,0,0,6.0,1621012742,wantsttyles,userlands,0,False
https://x.com/LambeSahamjja/status/2080933139564949662?s=20,2080933139564949662,2081018963111371061,"Masalahnya itu program MBG dibawah hidung lo aja di korupsi, dari 100% dana MBG  yg jadi makanan paling cuma 20%.
80% dana MBG dinikmati konglongmerat yg menimbun uang di luar negeri tanpa berputer di ekonomi masyarakat, pantes dollar makin merosot",['LambeSahamjja'],Sat Jul 25 14:09:18 +0000 2026,0,0,0,0,2948.0,1468469905905176576,OktaKelly,okta kelly,9,False
https://x.com/TheKerupuk/status/2076503885880205758?s=20,2076503885880205758,2076535834963317208,inimah tuyul di film tuyul dan mbak yul,['TheKerupuk'],Mon Jul 13 05:14:57 +0000 2026,3,1,2,0,985.0,1794238331699736576,heywannaknoww,hywnnkw,11391,True
https://x.com/Hidupsebagai62/status/2064707522078879832?s=20,2064707522078879832,2064834310612615332,"Artinya selama ini program unggulannya Wowo, ya memang kacau mania.

Terus ini masih mau lanjut juga? 😭",['Hidupsebagai62'],Wed Jun 10 22:17:17 +0000 2026,1,0,0,0,51.0,2015296987701338112,Ariefisme_,In This Economy,1207,True
https://x.com/toe_giman/status/2077699532020957341?s=20,2077699532020957341,2077937505035571396,"Negara ko bisa ginih sih? Gak bisa hadir untuk rakyatnya? Malah ngadu domba, rakyat vs rajyat",['toe_giman'],Fri Jul 17 02:04:42 +0000 2026,0,0,0,0,56.0,69230538,CalmBink,123bink,145,False
https://x.com/bersuwara_/status/2075762961818472514?s=20,2075762961818472514,2076596149037957134,TELUR JG NAIK LG EGEEE,['bersuwara_'],Mon Jul 13 09:14:37 +0000 2026,0,0,0,0,7.0,1914709538462404608,neifaouu,n e i,0,False
https://x.com/PartaiSocmed/status/2079853104879837373?s=20,2079853104879837373,2080061309111206199,"Semoga semua informasi bisa diklarifikasi secara terbuka dan berdasarkan fakta. Yang terpenting, jangan sampai ada intimidasi terhadap siapa pun.",['PartaiSocmed'],Wed Jul 22 22:43:56 +0000 2026,0,0,0,0,13.0,1794060249722417152,RohtaAnjulian,Rohta Anjulian 🇮🇩 🇵🇸 🌞,6134,True
https://x.com/txtdrimedia/status/2079189585167532416?s=20,2079189585167532416,2079365402006884381,"Ambil kebijakan yg masuk akal, kelola negara lbh bijaksana dan tegas, solusi nya bukan MBG dan kopdes @prabowo . Ternyata kemampuan anda jauh dari yg diharapkan",['txtdrimedia'],Tue Jul 21 00:38:39 +0000 2026,0,0,0,0,36.0,925291140,derarang,DRay,1581,False
https://x.com/Naandaa27/status/2079066649509142970?s=20,2079066649509142970,2079500631157719143,"MBG emang solusi terbaik sih buat gizi anak sekolah, salut banget sama perjuangannya! 🥗",['Naandaa27'],Tue Jul 21 09:36:00 +0000 2026,0,0,0,0,9.0,2001542937810006016,bagasantosa38,Bagas Santosa,0,False
https://x.com/tempodotco/status/2079899270199595250?s=20,2079899270199595250,2080202857190699337,cepet banget gilak,['tempodotco'],Thu Jul 23 08:06:24 +0000 2026,0,0,0,0,9.0,1336335079258222596,byourvenus,mar,325,False
https://x.com/Beritasatu/status/2079148987916107847?s=20,2079148987916107847,2079359027683938804,"Lah kamu presidennya kok protes ke rakyatnya
Kalau ada triliunan hilang juga di tempat lain dan anda tahu, ya silahkan di cari, kejar sampai ke Antartika
Dasarnya ajingan.. Eh itu nggak kasar kan sebab gue bukan orang betawi 
Koplo koplo",['Beritasatu'],Tue Jul 21 00:13:19 +0000 2026,2,0,0,0,113.0,948958294504235011,Agusw100898,Wahyunita,103,False
https://x.com/kompascom/status/2077241661911130210?s=20,2077241661911130210,2077418501145575688,Gembok aj. Bang...emang  ngaruh ke rakyat... saya yakin nggak akan ada efek apapun,['kompascom'],Wed Jul 15 15:42:21 +0000 2026,1,0,0,0,849.0,2005258572486361088,nm5780,wong gendeng,0,False
https://x.com/LambeSahamjja/status/2079728084748738660?s=20,2079728084748738660,2079741079583428823,"Di era owo sih abis mundur biasanya langsung pake rompi.
Wait n see",['LambeSahamjja'],Wed Jul 22 01:31:27 +0000 2026,0,0,0,0,934.0,297247874,ardigovrel,Ardi | Govrel,772,True
https://x.com/ARSIPAJA/status/1893601702273806465?s=20,1893601702273806465,1893631614451654834,"Efisiensi yg bawah, yg atas bermewah² 🤑",['ARSIPAJA'],Sun Feb 23 11:58:53 +0000 2025,1,0,0,0,645.0,452679468,Ipuljalanlurus,pensnya ipul,265,False
https://x.com/txtdrimedia/status/2079154852257513702?s=20,2079154852257513702,2079198680998195544,"Logikanya kebalik, dimana mana ngajarin orang nyari makan sendiri dengan pendidikan, bukannya ngasi makan mulu.",['txtdrimedia'],Mon Jul 20 13:36:09 +0000 2026,0,0,0,0,42.0,1410295142779551745,thelifeofaclyde,Clyde,11622,False
https://x.com/TheKerupuk/status/2076503885880205758?s=20,2076503885880205758,2076581169395859589,siapa! pampam apa kentung,['heywannaknoww'],Mon Jul 13 08:15:06 +0000 2026,0,0,0,0,890.0,2022947167829397507,TheKerupuk,The Kerupuk,42187,True
https://x.com/kompascom/status/2079198548089041058?s=20,2079198548089041058,2079581014603771909,saya diserang karena ingin beri mbg ke anak2 indonesia itu kalimat yg harusnya dibaca oleh setiap orang yg masih ragu soal siapa yg beneran berpihak ke rakyat di negeri ini 🙏,['kompascom'],Tue Jul 21 14:55:25 +0000 2026,0,0,0,0,11.0,602157362,thuanny_jdc,Emily Chan,12,False
https://x.com/bersuwara_/status/2075762961818472514?s=20,2075762961818472514,2076224486203122125,"iyaa lagi mana skrg beli ayam makin kecil pulak

ahhhsudahlah",['bersuwara_'],Sun Jul 12 08:37:46 +0000 2026,0,0,0,0,157.0,2039695795872800769,Carellverse,Carel,2,False
https://x.com/Beritasatu/status/2079148987916107847?s=20,2079148987916107847,2079403011194171496,"Ini orang hidup jauh lebih lama dari saya, tapi bisa bisanya bilang ga ada komentar tentang “korupsi” hilangnya uang ataupun kekayaan indonesia. Bnyk orang angkat bicara, bnyk aktivis bertindak tapi negara membungkam mereka dengan berbagai cara. Riset ga sih sama negara sendiri?",['Beritasatu'],Tue Jul 21 03:08:05 +0000 2026,3,0,0,0,192.0,2220960048,yuliannurprasty,Lee Ahn,25,False
https://x.com/LambeSahamjja/status/2080933139564949662?s=20,2080933139564949662,2080978680394977452,Kalau banyak anak kurang gizi berarti pemerintah dzolim kepada orangtua anak2 tersebut yang tidak bisa kasih makan bergizi dong,['LambeSahamjja'],Sat Jul 25 11:29:14 +0000 2026,0,0,0,0,36.0,492899389,chomira1,chhmira ✱⁵,149,False
https://x.com/txtdrimedia/status/2079154852257513702?s=20,2079154852257513702,2079206147215810772,Duhh gua kesalnya udh smpai ubun2,['txtdrimedia'],Mon Jul 20 14:05:49 +0000 2026,0,0,0,0,65.0,1086157317458948096,AjiZaruddin,Bgkumis_,85,False
https://x.com/Naandaa27/status/2079066649509142970?s=20,2079066649509142970,2079501962849190215,"Seneng liatnya, anak-anak jadi lebih disiplin dan mandiri berkat MBG! ✨",['Naandaa27'],Tue Jul 21 09:41:17 +0000 2026,0,0,0,0,7.0,2001496480092418048,MEdzra96,Michael Edzra,0,False
https://x.com/PartaiSocmed/status/2079853104879837373?s=20,2079853104879837373,2079939560885420204,Kenapa menteri SS ngk dipecat oleh prabowo. Takut presiden dengan menteri SS,['PartaiSocmed'],Wed Jul 22 14:40:09 +0000 2026,0,0,0,0,35.0,941554765162352640,hendriari25,Hendri Ari Setiawan,73,False
https://x.com/ARSIPAJA/status/1893601702273806465?s=20,1893601702273806465,1893641218635993379,@corbuzier siapa tau kelewat info,['ARSIPAJA'],Sun Feb 23 12:37:03 +0000 2025,1,0,0,0,358.0,1401663122193088514,ccmh_comics,Ciri Ciri Makhluk Hidup,67505,False
https://x.com/Hidupsebagai62/status/2064707522078879832?s=20,2064707522078879832,2064888830554157368,"Secara rantai pasok (supply chain), penghentian sementara ini otomatis mengurangi tekanan permintaan agregat (aggregate demand) terhadap komoditas telur dan susu di pasar reguler, sehingga harga kembali ke titik keseimbangan normal.""",['Hidupsebagai62'],Thu Jun 11 01:53:55 +0000 2026,1,0,0,0,45.0,2054719567428280320,txtGenY,Mas Aji | AI For Life,2544,True
https://x.com/toe_giman/status/2077699532020957341?s=20,2077699532020957341,2077834360007569536,"Arti tidak Ada kelas menurut max diganti menjadi DAPUR MBG. Mendingan Ada kelas hari ini, ketimbang tidak Ada kelas.",['toe_giman'],Thu Jul 16 19:14:50 +0000 2026,1,1,0,0,121.0,942773355240767490,muhamaddaffari2,davek,404,False
https://x.com/kompascom/status/2077241661911130210?s=20,2077241661911130210,2077338987023466729,Saya usul jangan digembok... Kasihan rakyat... Mending las permanen aja,['kompascom'],Wed Jul 15 10:26:24 +0000 2026,2,0,0,0,1046.0,226897750,KasimGaia,Presiden Gen X,9,False
https://x.com/txtdrimedia/status/2079189585167532416?s=20,2079189585167532416,2079562903854936145,"Yauda alhamdulillah dia dah sadar, semoga segera ditangani dan muhasabah diri...",['txtdrimedia'],Tue Jul 21 13:43:27 +0000 2026,0,0,0,0,287.0,1890995879890571264,mightuknome,mightuknome,1,False
https://x.com/LambeSahamjja/status/2079728084748738660?s=20,2079728084748738660,2079792781078429935,lucu banget ngejabatnya nggak lama. kalau ngerasa nggak siap dengan bebannya kenapa diterima,['LambeSahamjja'],Wed Jul 22 04:56:54 +0000 2026,0,0,0,0,226.0,1668447451118985218,anisrui,Rii 🌞,4196,True
https://x.com/kompascom/status/2079198548089041058?s=20,2079198548089041058,2079588790612660654,kalau kasih makan anak indonesia aja bisa jadi alasan diserang bayangkan betapa tidak nyamannya program ini buat mereka yg selama ini nyaman dengan kondisi yg ada 🥹,['kompascom'],Tue Jul 21 15:26:19 +0000 2026,0,0,0,0,12.0,364433382,abhi3843,ABHISHEK SRIVASTAVA,16,False
https://x.com/LambeSahamjja/status/2080933139564949662?s=20,2080933139564949662,2080979446597890255,"Salut...luar biasa, ngeles nya",['LambeSahamjja'],Sat Jul 25 11:32:17 +0000 2026,0,0,0,0,619.0,1735787582955589632,Mcastroman1908,Lucas MCastroman,6,False
https://x.com/ARSIPAJA/status/1893601702273806465?s=20,1893601702273806465,1893641134984831340,"Kata Lu*ut
Fringe class and frist class",['ARSIPAJA'],Sun Feb 23 12:36:43 +0000 2025,1,0,0,0,487.0,1718920095219716096,rismasrwni188,rismaswni,2,False
https://x.com/TheKerupuk/status/2076503885880205758?s=20,2076503885880205758,2076535843679068242,siap menghancurkan negara,['TheKerupuk'],Mon Jul 13 05:14:59 +0000 2026,3,0,1,0,490.0,953288864,sexieest,leona,21004,False
https://x.com/Naandaa27/status/2079066649509142970?s=20,2079066649509142970,2079350068868751497,"Astaghfirulloohal'adziim...bner"" anjing para sppg pelaksana. MBG ini",['Naandaa27'],Mon Jul 20 23:37:43 +0000 2026,0,0,0,0,134.0,2019129821578887168,itsme_09091999,it's me,0,False
https://x.com/bersuwara_/status/2075762961818472514?s=20,2075762961818472514,2076116545772859569,Telur kemarin sampe 19/20 per kg sekarang udah 25/26 aja,['bersuwara_'],Sun Jul 12 01:28:51 +0000 2026,0,0,0,0,87.0,2004799397922832384,lxxk_aj,AJ,1,False
https://x.com/toe_giman/status/2077699532020957341?s=20,2077699532020957341,2077872102766694601,"Rezim babi emang pengen rakyatnya bodoh &amp; jadi budak, bukan jadi pintar.
Heran masih aja banyak yang dukung ini rezim. Udah tau bobrok!",['toe_giman'],Thu Jul 16 21:44:48 +0000 2026,0,0,0,0,67.0,1945325638807658496,depehade,dphdis🪽,245,False
https://x.com/Beritasatu/status/2079148987916107847?s=20,2079148987916107847,2079365907164565678,"Lah dia tau uang ribuan triliyun menguap keluar, kenapa ga dia beresin. Diakan presidennya. Knp suruh pakar yg bergerak. Sampe sini otak gw nge-blank langsung denger pidatonya.",['Beritasatu'],Tue Jul 21 00:40:39 +0000 2026,2,0,0,0,140.0,1940084441185230848,alfianaarif05,Arif Alfiana,0,False
https://x.com/PartaiSocmed/status/2079853104879837373?s=20,2079853104879837373,2079934845485220164,"Informasi yang bikin prihatin banget. Menjaga kebijakan publik tetap berjalan sesuai koridor dan terbebas dari praktik jual-beli titik/izin di daerah itu emang penuh tantangan berat. Begitu ada bentuk tekanan atau teror rumah, itu udah masuk ranah pidana yang hrs ditindak tegas",['PartaiSocmed'],Wed Jul 22 14:21:25 +0000 2026,0,0,0,0,60.0,175606169,hanyakonoha,Hanya Rakyat Konoha,1163,True
https://x.com/kompascom/status/2077241661911130210?s=20,2077241661911130210,2077430075499454860,Ya mogok saja...kmdian ga usah dibayar.,['kompascom'],Wed Jul 15 16:28:21 +0000 2026,1,0,0,0,544.0,2783333114,QolbySyalum,blacksanta.nft,4,False
https://x.com/txtdrimedia/status/2079154852257513702?s=20,2079154852257513702,2079188383621148698,Kenapa otak sama mulutnya sinkron banget bodohnya,['txtdrimedia'],Mon Jul 20 12:55:14 +0000 2026,0,0,0,0,128.0,1329287552289755137,do_Rain_mifasol,비 | Serenade 💎,30,False
https://x.com/txtdrimedia/status/2079189585167532416?s=20,2079189585167532416,2079428640132243714,"Ketika seseorang jadi pemimpin apalagi dengan jabatan tertinggi di republik ini, presiden, ego nya tinggi sekali, ga mau di cap gagal, di salahkan, jangankan jabatan presiden, jabatan sekelas Bupati aja terkadang merasa paling benar , itulah cobaan kekuasaan itu",['txtdrimedia'],Tue Jul 21 04:49:56 +0000 2026,0,0,0,0,423.0,1028245454499151872,erm_siangmalam,Kelelawar Siang Malam,30,False
https://x.com/LambeSahamjja/status/2079728084748738660?s=20,2079728084748738660,2079735287358586884,"Pagi-pagi banget Bu mengundurkan dirinya, apa gue baru tau sekarang ya",['LambeSahamjja'],Wed Jul 22 01:08:26 +0000 2026,0,0,0,0,1515.0,975151331693420545,Loaamm,LEO,2225,True
https://x.com/Beritasatu/status/2079148987916107847?s=20,2079148987916107847,2079330427932909948,"Lha si tolol malah ngadu nasib. Kalau rakyat Indonesia yg megang kendali hukum dari dulu, modelan elu sm teman teman elu yg korup bakal udh dirajam dari dulu. Elu yg dikasih tugas dan wewenang malah cuma ngemeng aja",['Beritasatu'],Mon Jul 20 22:19:40 +0000 2026,3,0,0,0,79.0,933198550678114304,MochammadIslam,Kinnikuman,114,False
https://x.com/ARSIPAJA/status/1893601702273806465?s=20,1893601702273806465,1894077038929002588,"Ga bisa kah ini berlaku ga hedon2 kami pekerja di pajakin cuman untuk foya foya saja, ga di laporkan tetap di denda padahal kalo di fikir seandainya ga di lapor pun berarti gada perubahan data (tau lah saya ini asal curhat aja) hayang mekprek eta botolna",['ARSIPAJA'],Mon Feb 24 17:28:50 +0000 2025,1,0,0,0,176.0,1817436039923093504,BJ_1234567809,B,0,False
https://x.com/LambeSahamjja/status/2080933139564949662?s=20,2080933139564949662,2080951403128975805,Host dalam hati: ah nyesel aku beryanya,['LambeSahamjja'],Sat Jul 25 09:40:51 +0000 2026,0,0,0,0,403.0,1569382754,AndryRevan,Andrew,42,False
https://x.com/Naandaa27/status/2079066649509142970?s=20,2079066649509142970,2079502333122400340,"Kemandirian adalah kunci, keren banget inisiatif program MBG! 🎒",['Naandaa27'],Tue Jul 21 09:42:46 +0000 2026,0,0,0,0,8.0,242006437,wbe_fetitza,diana dia,0,False
https://x.com/txtdrimedia/status/2079189585167532416?s=20,2079189585167532416,2079880773600268647,"Tidak perlu menutupi masalah untuk membela pemerintah. Akui datanya, cek kebijakannya, lalu nilai hasilnya secara kritis.",['txtdrimedia'],Wed Jul 22 10:46:33 +0000 2026,0,0,0,0,261.0,2049058609653522432,agus_irfan3,Agus Irfansyah,1,False
https://x.com/LambeSahamjja/status/2079728084748738660?s=20,2079728084748738660,2079805018962829499,pernah ketawa ga si beliau ini,['LambeSahamjja'],Wed Jul 22 05:45:32 +0000 2026,0,0,0,0,362.0,1401422765404483585,_kapucino,alphachino,19,False
https://x.com/kompascom/status/2077241661911130210?s=20,2077241661911130210,2077313674113675423,"Oh ini yang katanya kemarin ada pejabat yang bilang kalau dia di telfon seorang penjual di pasar yang merasa resah karena MBG di liburkan, katanya penjual di pasar curhat barangnya gak ada yg beli. Eh ternyata yang resah itu mitra MBG ya wkwk",['kompascom'],Wed Jul 15 08:45:49 +0000 2026,2,0,0,0,1492.0,1588226337801908224,Joko66215869,Joko,0,False
https://x.com/Hidupsebagai62/status/2064707522078879832?s=20,2064707522078879832,2065014531252998390,"Wah pengaruh banget yah, sejak Dadan ditangkep emang telur jadi turun sih",['Hidupsebagai62'],Thu Jun 11 10:13:25 +0000 2026,0,0,0,0,82.0,1829675680248053762,Randyzz97,Randy purnomo,1366,True
https://x.com/txtdrimedia/status/2079154852257513702?s=20,2079154852257513702,2079453662771077258,"Giliran ada kecurangan pada diam.
Terus kamu jd presiden bisa apa????🤣🤣🤣🤣 diam juga kan?? Cuma pidato doang🤣🤣🤣🤣",['txtdrimedia'],Tue Jul 21 06:29:22 +0000 2026,0,0,0,0,15.0,1047865327856443392,andriy1314,Nama tidak boleh kosong,135,False
https://x.com/PartaiSocmed/status/2079853104879837373?s=20,2079853104879837373,2079979532564738051,"Program bagus, pelaksanaannya kasus. kasihan pak prabowo",['PartaiSocmed'],Wed Jul 22 17:18:59 +0000 2026,0,0,0,0,47.0,3312063066,SPendidikan,swarapendidikan.co.id,324,False
https://x.com/toe_giman/status/2077699532020957341?s=20,2077699532020957341,2077869435600429370,program paling tolol bin kontol yang pernah saya saksikan,['toe_giman'],Thu Jul 16 21:34:13 +0000 2026,0,0,0,0,80.0,3313081404,cbangun15,Candra bangun,126,False
https://x.com/kompascom/status/2079198548089041058?s=20,2079198548089041058,2079571488706085235,pak prabowo diserang karena mbg dan dalam menghadapi serangan itu beliau tidak stop malah makin keras defend program untuk anak indonesia dan itu adalah pemimpin yg tau apa yg diperjuangkan,['kompascom'],Tue Jul 21 14:17:34 +0000 2026,0,0,0,0,13.0,1098819716,alex_skeiki,alex skeiki,2,False
https://x.com/ARSIPAJA/status/1893601702273806465?s=20,1893601702273806465,1893674297903702384,Bener-bener ngga ada muka emang 😭,['ARSIPAJA'],Sun Feb 23 14:48:30 +0000 2025,1,0,0,0,886.0,1776265326776463360,tanehongo,Tanehongo,15913,True
https://x.com/Naandaa27/status/2079066649509142970?s=20,2079066649509142970,2079194777053175928,Kata boss mbg yg penting pangan dan kenyang.. kalo bener sih ya 🤪,['Naandaa27'],Mon Jul 20 13:20:39 +0000 2026,0,0,0,0,113.0,1935260340268539904,BFenddd,Fbbb,1,False
https://x.com/Beritasatu/status/2079148987916107847?s=20,2079148987916107847,2079382119718232478,Yg anda dengar cuma protes MBG...makanya bilang ribuan trikyun duit negara ga  ada yg protes .  Apa ga dengar protes Almarhum Faisal Basri Almarhum....apa ga dengar Abraham Samad tentang penghasilan tambang yg hilang,['Beritasatu'],Tue Jul 21 01:45:05 +0000 2026,2,0,0,0,86.0,1746112911897214976,tare795939,tare,25,False
https://x.com/LambeSahamjja/status/2080933139564949662?s=20,2080933139564949662,2080974856930349210,kita kasih tepok tangan sodara sodara...sungguh smash yang sangat baik sekali dari liem swie king https://t.co/xZC9xeQ9Z7,['LambeSahamjja'],Sat Jul 25 11:14:03 +0000 2026,1,0,0,0,1127.0,1799927529396129792,jualmobilsolo13,🅳🆄🅻🆄 🆂🅰🆈🅰 🅷🅸🅶🅷🅻🅰🅽🅳🅴🆁,64,False
https://x.com/LambeSahamjja/status/2079728084748738660?s=20,2079728084748738660,2079749222665159040,Nggak akan terlihat lagi tangisan tangisan kadal dari ibu ini 🥹,['LambeSahamjja'],Wed Jul 22 02:03:49 +0000 2026,0,0,0,0,343.0,1984448356710756352,asahimahendra,Asahi Mahendra,3143,True
https://x.com/kompascom/status/2077241661911130210?s=20,2077241661911130210,2077298843650281492,"adanya MBG sama KOPDES itu gak ada gunanya , cuman ajang banyakan MEGA KORUPSI",['kompascom'],Wed Jul 15 07:46:53 +0000 2026,2,0,0,0,741.0,2053682208767115264,abbeck_jack96,𝓙𝓪𝓴𝓪𝓼𝓪𝓴𝓽𝓲𝓪𝓼𝓶𝓪𝓻𝓪,0,False
https://x.com/Hidupsebagai62/status/2064707522078879832?s=20,2064707522078879832,2065053534748561742,@Gerindra sampein ke ketuanya dong https://t.co/J8d2fcppXE,['Hidupsebagai62'],Thu Jun 11 12:48:24 +0000 2026,1,0,0,0,23.0,2607533136,softreverie7,cinnamon,2313,True
https://x.com/txtdrimedia/status/2079189585167532416?s=20,2079189585167532416,2079361017734390013,Kalo idiot ga punya visi dan cuma bisa kasih project pada pendukung mengatasnamakan rakyat,['txtdrimedia'],Tue Jul 21 00:21:13 +0000 2026,0,0,0,0,902.0,1995497320851574784,Wonokromo_P,Panembahan Wonokromo,8,False
https://x.com/toe_giman/status/2077699532020957341?s=20,2077699532020957341,2077828485893222591,Ini yang sekolah murid atau sppg sih anj,['toe_giman'],Thu Jul 16 18:51:29 +0000 2026,0,0,0,0,81.0,1971560661177319424,certifiedkeren,kimut 🩷 karina bahagia di London,35,False
https://x.com/TheKerupuk/status/2076503885880205758?s=20,2076503885880205758,2076581210122522698,udah hancur malah dibikin hancur,['sexieest'],Mon Jul 13 08:15:16 +0000 2026,0,0,0,0,388.0,2022947167829397507,TheKerupuk,The Kerupuk,42187,True
https://x.com/PartaiSocmed/status/2079853104879837373?s=20,2079853104879837373,2079921946448609316,Walah ... kok jd kek sarang mafio ya,['PartaiSocmed'],Wed Jul 22 13:30:09 +0000 2026,0,0,0,0,81.0,1232791882385674240,tmhasiholanpank,Moelia #2nd,30,False
https://x.com/bersuwara_/status/2075762961818472514?s=20,2075762961818472514,2076336826877698206,Disini suda 40rb,['bersuwara_'],Sun Jul 12 16:04:10 +0000 2026,0,0,0,0,1.0,1981414795443392515,tripr2025,Anak Lebah,6,False
https://x.com/Naandaa27/status/2079066649509142970?s=20,2079066649509142970,2079500321303167444,Petugas goublokkkk   anak2 lu suruh...lu d gajih rakyat bangkeee,['Naandaa27'],Tue Jul 21 09:34:46 +0000 2026,0,0,0,0,34.0,2005237565566361600,basengbae0168,Baseng,0,False
https://x.com/LambeSahamjja/status/2080933139564949662?s=20,2080933139564949662,2081015442127442240,"Gak sarapan kok solusinya makan siang? Kasih kerjaan ortunya, mereka bisa siapkan sarapan. Itupun kalau data 41% nya bener.",['LambeSahamjja'],Sat Jul 25 13:55:19 +0000 2026,0,0,0,0,63.0,468807687,esguci,@rakyatbiasa,259,False
https://x.com/Beritasatu/status/2079148987916107847?s=20,2079148987916107847,2079238327681880474,"Presiden benar2 gak paham atau pura2 gak paham soal substansi kritik masyarakat terhadap MBG?  Kritik publik bukan soal 'perut lapar gak penting', tapi soal kenapa banyak keracunan, korupsi di BGN, dapur dimonopoli, dan anggaran gede tapi mutunya diragukan.",['Beritasatu'],Mon Jul 20 16:13:42 +0000 2026,2,0,1,0,129.0,508341339,sasbudiarjo,Sasongko Budiarjo,5972,True
https://x.com/kompascom/status/2079198548089041058?s=20,2079198548089041058,2079558517615390995,"pak prabowo diserang bukan karena korupsi bukan karena zalim tapi karena mau kasih makan anak yg stunting, ini udh ga masuk akal",['kompascom'],Tue Jul 21 13:26:01 +0000 2026,0,0,0,0,5.0,2256046170,Torrancecop13,Tj cooper,0,False
https://x.com/ARSIPAJA/status/1893601702273806465?s=20,1893601702273806465,1893604722390544430,Air putih aja ampe belinya di e catalog anying 🤣,['ARSIPAJA'],Sun Feb 23 10:12:01 +0000 2025,0,0,0,0,1293.0,1404672546117619714,yanto_dengklang,Y A N T O,88,False
https://x.com/LambeSahamjja/status/2079728084748738660?s=20,2079728084748738660,2079740983827374286,Mending jualan pisang goreng ya bu 👍🏻,['LambeSahamjja'],Wed Jul 22 01:31:04 +0000 2026,0,0,0,0,437.0,1149170788852830209,gottaflaneur,nara ☄︎,854,True
https://x.com/Hidupsebagai62/status/2064707522078879832?s=20,2064707522078879832,2064890315774050787,"MBG buat daerah yg masih banyak bocil kurang gizi dan orang mati kelaparan aja, masa ga punya statistiknya",['Hidupsebagai62'],Thu Jun 11 01:59:49 +0000 2026,1,0,0,0,53.0,1421482756249317380,EgiSajaa,Egi Saja,0,False
https://x.com/kompascom/status/2077241661911130210?s=20,2077241661911130210,2077328008680267855,"Dengan senang hati saya dukung pak, gembok aja dapurnya. Tutup permanen juga oke.",['kompascom'],Wed Jul 15 09:42:46 +0000 2026,1,0,0,0,288.0,2074340838784851968,bayambatik,Bayam Batik,1015,True
https://x.com/toe_giman/status/2077699532020957341?s=20,2077699532020957341,2078139727019135348,"M: MAKANAN
B: BAGI
G: GILA KUASA",['toe_giman'],Fri Jul 17 15:28:15 +0000 2026,0,0,0,0,9.0,37092627,mizu_d3,MizuD3,485,True
https://x.com/PartaiSocmed/status/2079853104879837373?s=20,2079853104879837373,2080084730100457587,"busettt ngeri juga😭👆

pake diancem2 jg ya ternyata",['PartaiSocmed'],Thu Jul 23 00:17:00 +0000 2026,0,0,0,0,19.0,2075613078960697344,hobiyappinggg,valennn,324,True
https://x.com/TheKerupuk/status/2076503885880205758?s=20,2076503885880205758,2076569376460030141,wajah ini selalu hadir,"['plsdtomeetu', 'pgybncrwdsrf']",Mon Jul 13 07:28:14 +0000 2026,0,0,0,0,1114.0,2022947167829397507,TheKerupuk,The Kerupuk,42187,True
https://x.com/Naandaa27/status/2079066649509142970?s=20,2079066649509142970,2079428139915292895,KLO buat membantu GK papa cuma jangan di ikat 10 kalo bisa 5 aja kasihan anak ya keberatan jadi masa tubuh badan GK maksimal,['Naandaa27'],Tue Jul 21 04:47:57 +0000 2026,0,0,0,0,46.0,1608716618024251394,imron_susilo,Imron Susilo,18,False
https://x.com/bersuwara_/status/2075762961818472514?s=20,2075762961818472514,2076293989901439292,"KANNNN, bahkan yaa di rumah gw beberapa minggu kemaren ayam sekilo cuma 22rb😭😭",['bersuwara_'],Sun Jul 12 13:13:57 +0000 2026,0,0,0,0,68.0,1903797355427852289,uyings27,mwehehe✨️,3,False
https://x.com/txtdrimedia/status/2079189585167532416?s=20,2079189585167532416,2079363019948396942,Emang yg dia liat selama ini gimana kondisi rakyat indo...😭,['txtdrimedia'],Tue Jul 21 00:29:11 +0000 2026,0,0,0,0,428.0,2060958403812573184,belum_habis,belum,3,False
https://x.com/LambeSahamjja/status/2080933139564949662?s=20,2080933139564949662,2081198817345679831,"Sejahterakan orang tuanya, baru deh bisa cetak generasi berkualitas",['LambeSahamjja'],Sun Jul 26 02:03:59 +0000 2026,0,0,0,0,17.0,43042024,niasisri,inisisri,129,False
https://x.com/kompascom/status/2079198548089041058?s=20,2079198548089041058,2079573492144775420,kalau mau kasih makan anak2 indonesia aja diserang berarti yg nyerang itu masalahnya bukan di programnya,['kompascom'],Tue Jul 21 14:25:31 +0000 2026,0,0,0,0,4.0,1335307758,tailstar7,james guy,0,False
https://x.com/LambeSahamjja/status/2079728084748738660?s=20,2079728084748738660,2079752871885894006,adegan nangisnya menit berapa ini mint?,['LambeSahamjja'],Wed Jul 22 02:18:19 +0000 2026,0,0,0,0,179.0,2053095470399193088,hasrat_tekstual,Ambatuwinn 🇨🇼,404,True
https://x.com/ARSIPAJA/status/1893601702273806465?s=20,1893601702273806465,1893821353012191582,Rezim biadab!!!,['ARSIPAJA'],Mon Feb 24 00:32:50 +0000 2025,0,0,0,0,1781.0,385264163,richandgrateful,Aulia Rachmi,455,False
https://x.com/toe_giman/status/2077699532020957341?s=20,2077699532020957341,2078121307405980026,tebak ini kepseknya disogok berapa sama pengusaha sppg?,['toe_giman'],Fri Jul 17 14:15:03 +0000 2026,0,0,0,0,15.0,1758028018071810048,ketombelandak,Ragnar Oramangan,24,False
https://x.com/PartaiSocmed/status/2079853104879837373?s=20,2079853104879837373,2079888200387240061,"Nah begitulah, dunia ini terlalu keras bagi orang luruss.",['PartaiSocmed'],Wed Jul 22 11:16:04 +0000 2026,0,0,0,0,172.0,2059040099401363456,avonturn,Baligard,2589,True
https://x.com/Naandaa27/status/2079066649509142970?s=20,2079066649509142970,2079224633774276654,Ini nih yang disbut membantu?  Nyiksa iyaa kali,['Naandaa27'],Mon Jul 20 15:19:17 +0000 2026,0,0,0,0,94.0,1586995462942658561,ii_exe,ii,1,False
https://x.com/kompascom/status/2077241661911130210?s=20,2077241661911130210,2077309626912330055,"Ngapain gembok, mending langsung ratain dengan tanah aja pak dapurnya, saya masih mampu ngasih makan anak saya, dan alhamdulillah gak pernah keracunan",['kompascom'],Wed Jul 15 08:29:44 +0000 2026,1,0,0,0,814.0,1741263971234275328,bambu_pemali,Taufik Kurniawan,3,False
https://x.com/Hidupsebagai62/status/2064707522078879832?s=20,2064707522078879832,2064916789193326782,"MBG adalah program dari pemimpin yang egois
Memaksakan program yang tanpa perhitungan dan dari situ timbul terjadi korupsi massal. 
Semoga kedepannya presiden sebagai CEO sadar mau menutup total MBG.",['Hidupsebagai62'],Thu Jun 11 03:45:01 +0000 2026,1,0,0,0,111.0,1398239443979407364,PatihGutawa,Patih Gutawa 🇮🇩🇮🇩,740,False
https://x.com/Beritasatu/status/2079148987916107847?s=20,2079148987916107847,2079418834222829843,https://t.co/pVdAIrggkk,['Beritasatu'],Tue Jul 21 04:10:58 +0000 2026,2,0,0,0,64.0,370924900,cilukbaa1,cilukbaa,92,False
https://x.com/bersuwara_/status/2075762961818472514?s=20,2075762961818472514,2076324516905746872,yaallah sedih bgt deh,['bersuwara_'],Sun Jul 12 15:15:15 +0000 2026,0,0,0,0,3.0,1485841185784856579,anneunlocked,⋆.˚,1,False
https://x.com/txtdrimedia/status/2079189585167532416?s=20,2079189585167532416,2079559025566625922,"Punteun bpk kalo bikin kebijakan ga dikaji dulu kah? Ga ngelibatin ahli kah? Kok pura2 kaget sm efek domino 2 mega proyeknya???itu duit yg bpk hamburin tnp mikir demi ego &amp; balas jasa masa pemilu, duit rakyat smw ya shibbal☺️",['txtdrimedia'],Tue Jul 21 13:28:02 +0000 2026,0,0,0,0,88.0,1490857757137797127,ylilnourav,LilyN,211,False
https://x.com/TheKerupuk/status/2076503885880205758?s=20,2076503885880205758,2076683558752813298,hati² 309 markah nyempil Intel 1 wkwk,['TheKerupuk'],Mon Jul 13 15:01:57 +0000 2026,7,0,1,1,15496.0,2001612528603009029,RossaLiDe,R with/without R,427,True
https://x.com/Naandaa27/status/2079066649509142970?s=20,2079066649509142970,2079723982996353474,Kasihan anak2 di repot kan mau makan saja.... Padahal mereka haknya belajar dan dapat makan gratis di meja tanpa bekerja dulu,['Naandaa27'],Wed Jul 22 00:23:31 +0000 2026,0,0,0,0,18.0,2071123292120100865,Arlezymo8e,Arlezy,4,False
